Date,price,category,bedrooms,bathrooms,floor_area,condition,parking_space,is_furnished,lat,lng,locality,region
6/2/2023,9196,Flats,2,2,145,Used,FALSE,Semi-Furnished,5.6358281,-0.1613592,East Legon,Greater Accra
22/05/2023,7500,Flats,2,2,100,Used,FALSE,Unfurnished,5.6141232,-0.1956471,Dzorwulu,Greater Accra
14/05/2023,11200,Detached,4,5,100,New,FALSE,Semi-Furnished,5.6802129,-0.1372479,Ashaley Botwe,Greater Accra
21/04/2025,2500,Detached,3,3,17,Used,FALSE,Semi-Furnished,5.5831665,-0.1046082,Teshie,Greater Accra
9/5/2024,9146,Detached,3,3,160,Used,FALSE,Semi-Furnished,5.6376136,-0.1266064,Spintex,Greater Accra
12/8/2024,4010,Flats,2,2,112,New,FALSE,Unfurnished,5.6376136,-0.1266064,Spintex,Greater Accra
24/12/2024,2500,Flats,2,2,3000,Used,FALSE,Unfurnished,5.6944159,-0.2021951,Agbogba,Greater Accra
15/03/2024,2000,Flats,1,1,10,Used,FALSE,Unfurnished,5.7141674,-0.15418,Adenta,Greater Accra
4/6/2023,1800,Flats,2,3,15,New,FALSE,Unfurnished,5.5831665,-0.1046082,Teshie,Greater Accra
19/10/2023,6000,Flats,3,4,990,New,FALSE,Semi-Furnished,5.6376136,-0.1266064,Spintex,Greater Accra
11/4/2023,54000,Flats,2,2,350,New,FALSE,Furnished,5.6510376,-0.1354586,Adjiriganor,Greater Accra
24/03/2025,1000,Flats,1,1,15,Used,FALSE,Unfurnished,5.5831665,-0.1046082,Teshie,Greater Accra
24/10/2024,2500,Flats,2,2,700,New,FALSE,Unfurnished,5.6806047,-0.2004374,Haatso,Greater Accra
19/02/2024,1800,Flats,2,2,100,New,FALSE,Unfurnished,5.6983973,-0.0279867,Ashaiman Municipal,Greater Accra
17/09/2024,7000,Flats,3,4,753,New,FALSE,Semi-Furnished,5.5459415,-0.2103988,Accra Metropolitan,Greater Accra
9/12/2025,9100,Detached,4,5,150,New,FALSE,Semi-Furnished,5.7141674,-0.15418,Adenta,Greater Accra
29/03/2025,3000,Flats,3,3,4000,Used,FALSE,Unfurnished,5.7443822,-0.1718669,Oyarifa,Greater Accra
22/06/2025,2500,Flats,2,3,2000,New,FALSE,Semi-Furnished,5.6376136,-0.1266064,Spintex,Greater Accra
1/3/2025,1500,Flats,2,2,17,Used,FALSE,Unfurnished,5.6195093,-0.0919461,Nungua,Greater Accra
12/7/2023,8800,Flats,1,1,100,New,FALSE,Semi-Furnished,5.5862504,-0.1394584,Teshie,Greater Accra
10/12/2023,22000,Townhouse,4,5,200,Used,FALSE,Furnished,5.5862504,-0.1394584,Teshie,Greater Accra
9/8/2024,2300,Flats,2,2,14,New,FALSE,Unfurnished,5.6358281,-0.1613592,East Legon,Greater Accra
17/05/2024,36000,Flats,2,3,110,Used,FALSE,Furnished,5.6358281,-0.1613592,East Legon,Greater Accra
28/10/2025,4000,Detached,4,5,1320,New,FALSE,Semi-Furnished,5.5117764,-0.3348372,Weija,Greater Accra
3/4/2025,4500,Flats,2,3,100,New,FALSE,Unfurnished,5.6358281,-0.1613592,East Legon,Greater Accra
26/06/2023,1000,Flats,2,1,100,New,FALSE,Unfurnished,6.6932173,-1.627507,Kumasi Metropolitan,Ashanti
1/10/2024,2000,Flats,2,1,20,New,FALSE,Unfurnished,5.6562651,-0.2338473,Dome,Greater Accra
24/03/2023,7000,Duplex,4,5,1244,Used,FALSE,Unfurnished,5.6274508,-0.0872742,Spintex,Greater Accra
14/12/2023,2000,Flats,2,2,1000,New,FALSE,Unfurnished,5.7141674,-0.15418,Adenta,Greater Accra
25/07/2024,500,Flats,1,1,100,Used,FALSE,Unfurnished,5.5831665,-0.1046082,Teshie,Greater Accra
17/03/2025,30000,Duplex,4,5,56,New,FALSE,Semi-Furnished,5.5958462,-0.1518394,Burma Camp,Greater Accra
6/3/2024,1500,Flats,2,3,100,New,FALSE,Unfurnished,5.5117764,-0.3348372,Weija,Greater Accra
10/2/2024,5000,Flats,3,3,100,Used,FALSE,Unfurnished,5.6619606,-0.1290806,Adjiriganor,Greater Accra
16/02/2023,1400,Flats,3,3,600,Used,FALSE,Semi-Furnished,5.6887241,-0.2270226,Ashomang Estate,Greater Accra
2/10/2023,3700,Detached,4,5,150,New,FALSE,Semi-Furnished,5.7062137,-0.3019281,Ga West Municipal,Greater Accra
1/3/2025,11000,Flats,1,1,100,Used,FALSE,Furnished,5.6358281,-0.1613592,East Legon,Greater Accra
25/03/2024,10000,Detached,5,4,1205,Used,FALSE,Semi-Furnished,5.6802129,-0.1372479,Ashaley Botwe,Greater Accra
22/02/2023,2500,Flats,2,2,102,New,FALSE,Unfurnished,5.7556353,-0.1738945,Oyarifa,Greater Accra
19/12/2023,600,Flats,1,1,14,Used,FALSE,Unfurnished,5.6663422,-0.2522717,Taifa-Burkina,Greater Accra
13/09/2025,10600,Flats,1,1,56,Used,FALSE,Furnished,5.5570305,-0.1762717,Osu,Greater Accra
29/05/2024,800,Flats,1,1,90,Used,FALSE,Unfurnished,5.6563118,-0.0093266,Tema Metropolitan,Greater Accra
28/11/2025,8000,Flats,1,1,12,New,FALSE,Furnished,5.6619606,-0.1290806,Adjiriganor,Greater Accra
13/07/2023,1000,Flats,2,1,21,Used,FALSE,Unfurnished,5.5459415,-0.2103988,Accra Metropolitan,Greater Accra
23/09/2025,1000,Flats,2,1,900,Used,FALSE,Furnished,6.6932173,-1.627507,Kumasi Metropolitan,Ashanti
25/12/2024,2000,Flats,1,1,100,New,FALSE,Unfurnished,5.6061047,-0.1860362,Airport Residential Area,Greater Accra
22/07/2025,19200,Flats,3,2,1111,Used,FALSE,Furnished,5.5862973,-0.2419606,Kaneshie,Greater Accra
29/06/2024,39000,Flats,2,2,90,New,FALSE,Furnished,5.6358281,-0.1613592,East Legon,Greater Accra
25/07/2025,10000,Mansion,7,5,400,Used,FALSE,Unfurnished,5.6376136,-0.1266064,Spintex,Greater Accra
21/07/2025,7000,Duplex,5,6,234,Used,FALSE,Unfurnished,5.5459415,-0.2103988,Accra Metropolitan,Greater Accra
8/3/2023,6000,Detached,3,3,10,Used,FALSE,Unfurnished,5.6844172,-0.2537157,Ga West Municipal,Greater Accra
15/08/2024,1500,Semi-Detached,2,2,70,New,FALSE,Unfurnished,6.6932173,-1.627507,Kumasi Metropolitan,Ashanti
8/3/2024,9000,Flats,1,1,122,New,FALSE,Furnished,5.6495001,-0.2100343,West Legon,Greater Accra
7/3/2025,15000,Flats,2,2,655,Used,FALSE,Furnished,5.6358281,-0.1613592,East Legon,Greater Accra
2/10/2023,4000,Flats,2,2,540,Used,FALSE,Unfurnished,5.6802129,-0.1372479,Ashaley Botwe,Greater Accra
30/11/2024,3000,Semi-Detached,4,3,600,Used,FALSE,Semi-Furnished,5.7141674,-0.15418,Adenta,Greater Accra
20/04/2024,15600,Townhouse,2,3,200,New,FALSE,Semi-Furnished,5.6376136,-0.1266064,Spintex,Greater Accra
14/08/2025,1500,Flats,2,2,1000,New,FALSE,Unfurnished,5.6802129,-0.1372479,Ashaley Botwe,Greater Accra
29/04/2023,1000,Flats,1,1,200,New,FALSE,Unfurnished,5.6731273,-0.1663851,Madina,Greater Accra
26/06/2024,2000,Flats,2,2,155,Used,FALSE,Unfurnished,5.5513273,-0.3298248,Weija,Greater Accra
19/05/2025,1800,Flats,2,1,659,New,FALSE,Unfurnished,5.6562651,-0.2338473,Dome,Greater Accra
11/1/2024,13442,Detached,5,5,100,Used,FALSE,Unfurnished,5.5459415,-0.2103988,Accra Metropolitan,Greater Accra
6/10/2024,7150,Flats,2,3,5000,New,FALSE,Semi-Furnished,5.6061047,-0.1860362,Airport Residential Area,Greater Accra
19/08/2023,3000,Flats,3,2,100,Used,FALSE,Unfurnished,5.7141674,-0.15418,Adenta,Greater Accra
12/12/2024,1200,Flats,1,1,200,New,FALSE,Unfurnished,5.7141674,-0.15418,Adenta,Greater Accra
7/6/2023,15000,Detached,4,4,900,New,FALSE,Semi-Furnished,5.6358281,-0.1613592,East Legon,Greater Accra
29/10/2024,7000,Detached,6,5,100,Used,FALSE,Unfurnished,6.6932173,-1.627507,Kumasi Metropolitan,Ashanti
11/7/2024,1500,Flats,1,1,111,New,FALSE,Unfurnished,5.6061047,-0.1860362,Airport Residential Area,Greater Accra
15/05/2024,25500,Detached,5,4,100,Used,FALSE,Unfurnished,5.6057034,-0.2353967,Tesano,Greater Accra
31/10/2025,1800,Detached,3,3,600,New,FALSE,Semi-Furnished,5.7556353,-0.1738945,Oyarifa,Greater Accra
3/9/2025,5000,Flats,2,3,200,New,FALSE,Semi-Furnished,5.6802129,-0.1372479,Ashaley Botwe,Greater Accra
2/11/2023,1700,Flats,1,1,40,Used,FALSE,Unfurnished,5.6376136,-0.1266064,Spintex,Greater Accra
28/03/2023,46950,Detached,3,4,100,New,FALSE,Furnished,5.6358281,-0.1613592,East Legon,Greater Accra
7/1/2025,900,Flats,1,1,17,Used,FALSE,Semi-Furnished,5.5831665,-0.1046082,Teshie,Greater Accra
24/12/2025,1000,Flats,1,1,1000,New,FALSE,Unfurnished,5.6495001,-0.2100343,West Legon,Greater Accra
1/8/2025,10000,Flats,1,1,100,Used,FALSE,Furnished,5.5862504,-0.1394584,Teshie,Greater Accra
7/10/2023,19200,Flats,1,1,1000,Used,FALSE,Furnished,5.6439894,-0.1485298,East Legon,Greater Accra
4/5/2024,1400,Flats,1,1,15,New,FALSE,Semi-Furnished,5.5831665,-0.1046082,Teshie,Greater Accra
30/10/2023,850,Flats,2,1,10,New,FALSE,Unfurnished,5.5344155,-0.4252737,Kasoa,Greater Accra
6/12/2025,22500,Detached,4,4,900,New,FALSE,Semi-Furnished,5.6057034,-0.2353967,Tesano,Greater Accra
26/07/2024,2000,Flats,1,2,100,New,FALSE,Semi-Furnished,5.6057034,-0.2353967,Tesano,Greater Accra
6/5/2025,7440,Duplex,4,5,18,Renovated,FALSE,Unfurnished,5.6510376,-0.1354586,Adjiriganor,Greater Accra
5/1/2023,16000,Detached,5,5,758,New,FALSE,Semi-Furnished,5.6825806,-0.1916501,North Legon,Greater Accra
24/12/2024,3989,Flats,2,1,145,Used,FALSE,Semi-Furnished,5.6358281,-0.1613592,East Legon,Greater Accra
30/10/2024,6500,Detached,3,4,100,Used,FALSE,Unfurnished,5.6376136,-0.1266064,Spintex,Greater Accra
27/04/2023,8000,Detached,3,3,100,Used,FALSE,Unfurnished,5.6274508,-0.0872742,Spintex,Greater Accra
19/03/2024,20050,Detached,4,5,111,New,FALSE,Unfurnished,5.6376136,-0.1266064,Spintex,Greater Accra
7/11/2025,3500,Flats,1,2,1000,Used,FALSE,Unfurnished,5.6358281,-0.1613592,East Legon,Greater Accra
12/12/2023,26486,Detached,4,5,150,New,FALSE,Furnished,5.6358281,-0.1613592,East Legon,Greater Accra
29/12/2024,500,Flats,2,1,800,Used,FALSE,Furnished,6.6932173,-1.627507,Kumasi Metropolitan,Ashanti
8/8/2024,2000,Detached,2,2,20,Used,FALSE,Unfurnished,5.5459415,-0.2103988,Accra Metropolitan,Greater Accra
13/07/2024,2700,Flats,2,2,2218,New,FALSE,Unfurnished,5.6312394,-0.1422768,Spintex,Greater Accra
29/09/2025,3000,Flats,1,1,35,Used,FALSE,Furnished,5.7141674,-0.15418,Adenta,Greater Accra
4/7/2024,2300,Flats,2,2,250,New,FALSE,Unfurnished,5.7141674,-0.15418,Adenta,Greater Accra
15/05/2025,500,Flats,1,1,18,Used,FALSE,Unfurnished,6.1313988,-0.3183792,New-Juaben Municipal,Eastern Region
2/5/2025,700,Flats,1,1,4999,New,FALSE,Unfurnished,5.6376136,-0.1266064,Spintex,Greater Accra
14/06/2025,3000,Flats,2,3,126,New,FALSE,Unfurnished,5.6274508,-0.0872742,Spintex,Greater Accra
5/3/2023,2200,Flats,1,1,200,New,FALSE,Unfurnished,5.6510376,-0.1354586,Adjiriganor,Greater Accra
16/10/2023,8000,Detached,3,3,111,Used,FALSE,Unfurnished,5.6376136,-0.1266064,Spintex,Greater Accra
6/8/2023,9000,Flats,3,3,700,Used,FALSE,Furnished,5.5459415,-0.2103988,Accra Metropolitan,Greater Accra
15/08/2023,49500,Flats,3,3,210,Used,FALSE,Furnished,5.6061047,-0.1860362,Airport Residential Area,Greater Accra
24/06/2023,2500,Detached,3,2,18,Used,FALSE,Semi-Furnished,5.61839,-0.1035441,Teshie,Greater Accra
25/03/2023,3500,Flats,2,3,200,New,FALSE,Semi-Furnished,5.6802129,-0.1372479,Ashaley Botwe,Greater Accra
16/05/2024,36000,Detached,4,4,800,New,FALSE,Semi-Furnished,5.6358281,-0.1613592,East Legon,Greater Accra
3/11/2025,1500,Flats,1,1,10,New,FALSE,Unfurnished,5.6844172,-0.2537157,Ga West Municipal,Greater Accra
1/10/2024,30000,Duplex,4,5,900,New,FALSE,Unfurnished,5.5459415,-0.2103988,Accra Metropolitan,Greater Accra
22/06/2023,1200,Flats,1,1,14,New,FALSE,Semi-Furnished,5.5427477,-0.2565425,Dansoman,Greater Accra
18/01/2024,2500,Flats,2,2,787,Used,FALSE,Unfurnished,5.6312394,-0.1422768,Spintex,Greater Accra
5/2/2025,7000,Flats,2,2,600,New,FALSE,Furnished,5.8142836,0.0746767,Abokobi,Greater Accra
28/10/2025,1400,Flats,1,1,100,Used,FALSE,Unfurnished,5.6731273,-0.1663851,Madina,Greater Accra
6/12/2025,16751,Detached,3,2,190,Used,FALSE,Furnished,5.6376136,-0.1266064,Spintex,Greater Accra
28/04/2024,48000,Duplex,5,6,1000,New,FALSE,Semi-Furnished,5.6358281,-0.1613592,East Legon,Greater Accra
31/07/2025,1000,Flats,1,1,1000,New,FALSE,Unfurnished,5.7088147,-0.3560076,Ga West Municipal,Greater Accra
21/02/2023,2500,Flats,2,2,600,New,FALSE,Unfurnished,5.6442137,-0.2480426,Tantra Hills,Greater Accra
12/6/2024,3800,Detached,3,4,1253,Used,FALSE,Unfurnished,5.6634097,-0.2653998,Ofankor,Greater Accra
26/02/2025,1800,Flats,1,1,100,Used,FALSE,Unfurnished,5.6802129,-0.1372479,Ashaley Botwe,Greater Accra
6/8/2024,2500,Flats,2,3,5000,New,FALSE,Semi-Furnished,5.6376136,-0.1266064,Spintex,Greater Accra
13/01/2025,7200,Detached,4,4,120,Used,FALSE,Unfurnished,5.6358281,-0.1613592,East Legon,Greater Accra
21/10/2024,3000,Flats,2,2,600,Used,FALSE,Unfurnished,5.7556353,-0.1738945,Oyarifa,Greater Accra
22/02/2025,21547,Detached,4,2,100,New,FALSE,Furnished,5.6510376,-0.1354586,Adjiriganor,Greater Accra
7/4/2024,3000,Flats,2,2,700,New,FALSE,Semi-Furnished,5.6376136,-0.1266064,Spintex,Greater Accra
17/02/2023,13500,Duplex,6,7,180,New,FALSE,Unfurnished,5.6385083,-0.1250963,Spintex,Greater Accra
20/08/2023,5000,Flats,2,2,15,New,FALSE,Semi-Furnished,5.6483819,-0.2221213,Dome,Greater Accra
31/03/2025,8800,Flats,1,1,200,New,FALSE,Semi-Furnished,5.5862504,-0.1394584,Teshie,Greater Accra
28/10/2025,3000,Flats,2,2,4080,New,FALSE,Semi-Furnished,5.7141674,-0.15418,Adenta,Greater Accra
25/02/2025,2050,Flats,1,1,989,New,FALSE,Semi-Furnished,5.6802129,-0.1372479,Ashaley Botwe,Greater Accra
2/7/2024,4500,Flats,2,2,100,New,FALSE,Semi-Furnished,5.6358281,-0.1613592,East Legon,Greater Accra
15/07/2025,1200,Flats,1,1,699,Used,FALSE,Unfurnished,5.6562651,-0.2338473,Dome,Greater Accra
21/11/2023,18600,Detached,4,5,100,Used,FALSE,Unfurnished,5.6495001,-0.2100343,West Legon,Greater Accra
3/5/2024,5000,Flats,2,2,1200,New,FALSE,Unfurnished,5.6358281,-0.1613592,East Legon,Greater Accra
21/12/2025,2600,Flats,2,2,1000,New,FALSE,Unfurnished,5.6510376,-0.1354586,Adjiriganor,Greater Accra
6/1/2025,2000,Flats,2,2,111,New,FALSE,Unfurnished,5.6061047,-0.1860362,Airport Residential Area,Greater Accra
7/4/2024,800,Flats,1,1,100,Used,FALSE,Unfurnished,5.7213053,-0.1348997,Adenta,Greater Accra
29/04/2025,2000,Flats,2,2,155,New,FALSE,Semi-Furnished,5.7088147,-0.3560076,Ga West Municipal,Greater Accra
6/9/2024,2500,Flats,2,2,100,New,FALSE,Semi-Furnished,5.6772176,-0.1251477,Ashaley Botwe,Greater Accra
14/09/2025,4000,Flats,3,4,1233,New,FALSE,Unfurnished,5.6274508,-0.0872742,Spintex,Greater Accra
29/09/2023,950,Flats,1,1,4999,Used,FALSE,Unfurnished,5.6376136,-0.1266064,Spintex,Greater Accra
9/6/2024,27000,Detached,4,5,100,Used,FALSE,Unfurnished,5.5570305,-0.1762717,Osu,Greater Accra
27/03/2023,8000,Flats,2,2,100,Used,FALSE,Unfurnished,5.6358281,-0.1613592,East Legon,Greater Accra
16/12/2024,14500,Detached,2,2,300,New,FALSE,Semi-Furnished,5.7141674,-0.15418,Adenta,Greater Accra
7/5/2025,800,Detached,1,1,13,Renovated,FALSE,Unfurnished,5.5831665,-0.1046082,Teshie,Greater Accra
19/06/2025,15000,Detached,4,5,222,New,FALSE,Semi-Furnished,5.6061047,-0.1860362,Airport Residential Area,Greater Accra
29/10/2023,17447,Detached,4,4,100,Used,FALSE,Unfurnished,5.5459415,-0.2103988,Accra Metropolitan,Greater Accra
9/5/2024,900,Flats,1,1,170,Used,FALSE,Unfurnished,5.7213053,-0.1348997,Adenta,Greater Accra
18/03/2025,1500,Semi-Detached,1,1,700,New,FALSE,Semi-Furnished,5.7141674,-0.15418,Adenta,Greater Accra
29/05/2023,22500,Duplex,3,4,50,New,FALSE,Furnished,5.6061047,-0.1860362,Airport Residential Area,Greater Accra
12/6/2023,600,Flats,1,1,17,Used,FALSE,Unfurnished,5.5831665,-0.1046082,Teshie,Greater Accra
24/10/2024,3200,Flats,2,2,100,New,FALSE,Unfurnished,5.6802129,-0.1372479,Ashaley Botwe,Greater Accra
1/7/2024,40000,Mansion,5,5,250,Used,FALSE,Furnished,5.6358281,-0.1613592,East Legon,Greater Accra
9/5/2024,6000,Detached,4,3,750,New,FALSE,Semi-Furnished,5.6358281,-0.1613592,East Legon,Greater Accra
18/08/2023,1900,Detached,3,2,100,Used,FALSE,Unfurnished,5.7023611,-0.2069455,Old Ashomang,Greater Accra
21/10/2023,1800,Flats,2,2,400,Used,FALSE,Unfurnished,5.5997705,-0.2045388,Kotobabi,Greater Accra
23/09/2023,5000,Flats,2,3,2000,New,FALSE,Unfurnished,5.6376136,-0.1266064,Spintex,Greater Accra
10/3/2024,2000,Flats,2,2,100,Used,FALSE,Unfurnished,5.7141674,-0.15418,Adenta,Greater Accra
23/06/2025,22500,Flats,3,4,100,Used,FALSE,Furnished,5.6439894,-0.1485298,East Legon,Greater Accra
12/6/2024,4000,Flats,2,2,547,New,FALSE,Semi-Furnished,5.7141674,-0.15418,Adenta,Greater Accra
31/07/2024,4500,Flats,2,2,100,New,FALSE,Semi-Furnished,5.6619606,-0.1290806,Adjiriganor,Greater Accra
11/8/2025,6000,Flats,2,2,80,New,FALSE,Furnished,5.6663422,-0.2522717,Taifa-Burkina,Greater Accra
19/01/2023,9000,Detached,4,5,150,Used,FALSE,Semi-Furnished,5.6358281,-0.1613592,East Legon,Greater Accra
2/2/2025,1500,Flats,3,2,15,New,FALSE,Semi-Furnished,6.6932173,-1.627507,Kumasi Metropolitan,Ashanti
30/04/2024,1800,Flats,2,2,231,Used,FALSE,Unfurnished,5.5831665,-0.1046082,Teshie,Greater Accra
7/5/2023,3500,Flats,2,2,17,Used,FALSE,Semi-Furnished,5.5831665,-0.1046082,Teshie,Greater Accra
5/3/2023,3000,Flats,2,3,864,New,FALSE,Unfurnished,5.5459415,-0.2103988,Accra Metropolitan,Greater Accra
9/12/2023,8500,Duplex,4,4,100,New,FALSE,Semi-Furnished,5.6510376,-0.1354586,Adjiriganor,Greater Accra
27/12/2025,3500,Flats,3,3,120,New,FALSE,Semi-Furnished,5.6563118,-0.0093266,Tema Metropolitan,Greater Accra
16/04/2025,1500,Flats,2,2,500,Used,FALSE,Semi-Furnished,5.7141674,-0.15418,Adenta,Greater Accra
23/10/2024,11000,Detached,5,5,351,New,FALSE,Semi-Furnished,5.612781,-0.234345,Achimota,Greater Accra
22/03/2023,1300,Flats,1,1,246,Used,FALSE,Unfurnished,5.6802129,-0.1372479,Ashaley Botwe,Greater Accra
13/03/2025,1400,Flats,3,2,200,Used,FALSE,Unfurnished,5.5344155,-0.4252737,Kasoa,Greater Accra
10/11/2024,2500,Flats,1,1,180,New,FALSE,Semi-Furnished,5.7141674,-0.15418,Adenta,Greater Accra
23/04/2024,5000,Detached,2,2,100,New,FALSE,Unfurnished,5.6802129,-0.1372479,Ashaley Botwe,Greater Accra
26/02/2024,17000,Detached,4,4,100,Used,FALSE,Unfurnished,5.5459415,-0.2103988,Accra Metropolitan,Greater Accra
13/10/2023,750,Flats,1,1,19,New,FALSE,Unfurnished,5.7141674,-0.15418,Adenta,Greater Accra
23/07/2023,1200,Detached,2,1,16,Used,FALSE,Semi-Furnished,5.5831665,-0.1046082,Teshie,Greater Accra
22/08/2023,1000,Semi-Detached,1,1,14,New,FALSE,Unfurnished,5.6983581,-0.2150873,Ga East Municipal,Greater Accra
24/12/2024,48000,Detached,6,6,300,New,FALSE,Unfurnished,5.6358281,-0.1613592,East Legon,Greater Accra
14/05/2023,1200,Duplex,2,2,200,Used,FALSE,Unfurnished,5.5510647,-0.4408037,Awutu Senya East Municipal,Central Region
14/01/2025,4000,Detached,5,7,300,New,FALSE,Furnished,5.5666403,-0.3334778,Weija,Greater Accra
20/01/2023,1800,Flats,2,2,100,New,FALSE,Furnished,5.6563118,-0.0093266,Tema Metropolitan,Greater Accra
20/04/2024,1200,Flats,1,1,33,Used,FALSE,Unfurnished,5.6802129,-0.1372479,Ashaley Botwe,Greater Accra
27/09/2025,1500,Flats,1,1,258,Used,FALSE,Unfurnished,5.6802129,-0.1372479,Ashaley Botwe,Greater Accra
13/05/2024,4500,Detached,3,3,687,Used,FALSE,Unfurnished,5.5459415,-0.2103988,Accra Metropolitan,Greater Accra
26/12/2024,5000,Flats,2,2,70,New,FALSE,Semi-Furnished,5.6358281,-0.1613592,East Legon,Greater Accra
23/02/2023,500,Flats,1,1,654,New,FALSE,Unfurnished,5.5459415,-0.2103988,Accra Metropolitan,Greater Accra
31/07/2023,1500,Flats,2,2,455,Used,FALSE,Semi-Furnished,5.7062137,-0.3019281,Ga West Municipal,Greater Accra
2/1/2023,2500,Flats,2,2,753,Used,FALSE,Semi-Furnished,5.5459415,-0.2103988,Accra Metropolitan,Greater Accra
23/01/2023,17930,Detached,4,4,1110,Used,FALSE,Semi-Furnished,5.6061047,-0.1860362,Airport Residential Area,Greater Accra
31/07/2025,6000,Detached,5,3,2980,Used,FALSE,Semi-Furnished,5.5754558,-0.2742955,Odorkor,Greater Accra
29/04/2025,10400,Flats,2,2,111,Used,FALSE,Semi-Furnished,5.6061047,-0.1860362,Airport Residential Area,Greater Accra
30/04/2025,850,Flats,1,1,36,New,FALSE,Unfurnished,6.6932173,-1.627507,Kumasi Metropolitan,Ashanti
15/11/2024,2500,Flats,2,2,960,Used,FALSE,Unfurnished,5.5905595,-0.2502697,Darkuman,Greater Accra
4/12/2025,3500,Flats,2,2,200,New,FALSE,Unfurnished,5.6358281,-0.1613592,East Legon,Greater Accra
30/05/2025,2200,Flats,2,2,1523,New,FALSE,Unfurnished,5.700273,-0.302078,Pokuase,Greater Accra
8/4/2025,5000,Duplex,5,5,874,Used,FALSE,Semi-Furnished,5.5459415,-0.2103988,Accra Metropolitan,Greater Accra
20/04/2024,1500,Flats,1,1,20,Renovated,FALSE,Semi-Furnished,5.6095075,-0.2507539,Lapaz,Greater Accra
12/4/2025,1000,Flats,1,1,74,Used,FALSE,Unfurnished,5.6944159,-0.2021951,Agbogba,Greater Accra
10/10/2023,2500,Flats,2,2,15,Used,FALSE,Semi-Furnished,5.5831665,-0.1046082,Teshie,Greater Accra
11/1/2025,2500,Flats,2,2,540,Used,FALSE,Unfurnished,5.6802129,-0.1372479,Ashaley Botwe,Greater Accra
26/06/2024,15000,Detached,3,3,1200,Used,FALSE,Furnished,5.6563118,-0.0093266,Tema Metropolitan,Greater Accra
6/5/2024,13660,Flats,2,2,574,Used,FALSE,Furnished,5.64174,-0.1517108,East Legon,Greater Accra
24/10/2024,53811,Detached,6,5,150,Used,FALSE,Furnished,5.6358281,-0.1613592,East Legon,Greater Accra
26/12/2023,2000,Flats,2,2,13,New,FALSE,Unfurnished,5.5831665,-0.1046082,Teshie,Greater Accra
17/10/2023,4500,Flats,2,2,985,New,FALSE,Semi-Furnished,5.6376136,-0.1266064,Spintex,Greater Accra
17/10/2023,10000,Flats,3,3,70,New,FALSE,Furnished,6.6932173,-1.627507,Kumasi Metropolitan,Ashanti
26/01/2025,1400,Flats,1,1,455,New,FALSE,Semi-Furnished,5.700273,-0.302078,Pokuase,Greater Accra
10/7/2024,5000,Detached,4,3,1253,Used,FALSE,Unfurnished,5.612781,-0.234345,Achimota,Greater Accra
22/11/2024,23000,Duplex,3,4,764,New,FALSE,Semi-Furnished,5.5767652,-0.1784836,Cantonments,Greater Accra
20/08/2025,3700,Flats,3,3,300,Used,FALSE,Unfurnished,5.5459415,-0.2103988,Accra Metropolitan,Greater Accra
17/03/2025,2100,Flats,2,2,120,New,FALSE,Semi-Furnished,5.6887241,-0.2270226,Ashomang Estate,Greater Accra
1/9/2025,800,Flats,1,1,100,Used,FALSE,Unfurnished,5.5666403,-0.3334778,Weija,Greater Accra
12/11/2025,1800,Detached,1,1,123,Renovated,FALSE,Unfurnished,5.5862504,-0.1394584,Teshie,Greater Accra
1/5/2025,13000,Semi-Detached,4,5,120,New,FALSE,Semi-Furnished,5.5459415,-0.2103988,Accra Metropolitan,Greater Accra
11/7/2023,8000,Flats,2,2,350,New,FALSE,Unfurnished,5.6510376,-0.1354586,Adjiriganor,Greater Accra
6/9/2024,1200,Flats,1,1,16,Used,FALSE,Unfurnished,5.8142836,0.0746767,Ledzokuku-Krowor,Greater Accra
30/08/2025,6000,Detached,3,4,150,Used,FALSE,Semi-Furnished,5.7141674,-0.15418,Adenta,Greater Accra
5/9/2025,900,Flats,1,1,16,Used,FALSE,Unfurnished,5.5831665,-0.1046082,Teshie,Greater Accra
15/07/2024,500,Duplex,1,1,200,New,FALSE,Unfurnished,5.5510647,-0.4408037,Awutu Senya East Municipal,Central Region
6/11/2024,17000,Detached,4,4,1950,Used,FALSE,Unfurnished,5.6563118,-0.0093266,Tema Metropolitan,Greater Accra
21/02/2025,6000,Duplex,3,3,100,New,FALSE,Unfurnished,5.7141674,-0.15418,Adenta,Greater Accra
29/07/2025,25600,Detached,4,4,70,Used,FALSE,Unfurnished,5.6358281,-0.1613592,East Legon,Greater Accra
13/12/2025,27750,Duplex,5,5,1500,Renovated,FALSE,Unfurnished,5.633333,-0.166667,East Legon,Greater Accra
11/4/2025,16600,Flats,2,3,140,New,FALSE,Semi-Furnished,5.6358281,-0.1613592,East Legon,Greater Accra
16/07/2024,18100,Flats,3,4,600,Used,FALSE,Unfurnished,5.5758396,-0.2086447,Kokomlemle,Greater Accra
13/07/2023,16500,Flats,1,1,900,Used,FALSE,Furnished,5.5459415,-0.2103988,Accra Metropolitan,Greater Accra
17/11/2025,1500,Flats,1,2,5000,New,FALSE,Unfurnished,5.6376136,-0.1266064,Spintex,Greater Accra
29/10/2023,28028,Townhouse,4,3,350,Used,FALSE,Unfurnished,5.6358281,-0.1613592,East Legon,Greater Accra
3/2/2023,7000,Detached,5,3,111,New,FALSE,Furnished,5.8142836,0.0746767,Santa Maria,Greater Accra
1/10/2025,500,Detached,1,1,200,Used,FALSE,Unfurnished,5.5510647,-0.4408037,Awutu Senya East Municipal,Central Region
31/08/2023,600,Flats,1,1,13,Used,FALSE,Unfurnished,5.5831665,-0.1046082,Teshie,Greater Accra
27/04/2023,52100,Detached,3,5,260,New,FALSE,Furnished,5.6061047,-0.1860362,Airport Residential Area,Greater Accra
5/5/2024,31250,Flats,3,4,400,Used,FALSE,Furnished,5.6358281,-0.1613592,East Legon,Greater Accra
4/8/2023,4000,Detached,2,3,5000,New,FALSE,Unfurnished,5.6376136,-0.1266064,Spintex,Greater Accra
20/07/2024,2000,Flats,2,2,1002,New,FALSE,Unfurnished,5.7556353,-0.1738945,Oyarifa,Greater Accra
18/04/2024,4000,Detached,6,6,90,New,FALSE,Semi-Furnished,6.6932173,-1.627507,Kumasi Metropolitan,Ashanti
27/05/2024,40800,Flats,3,3,70,New,FALSE,Furnished,5.5679,-0.1925238,Ridge,Greater Accra
26/06/2023,1800,Flats,1,1,800,New,FALSE,Unfurnished,5.6529542,-0.2170221,Dome,Greater Accra
7/12/2025,1500,Flats,2,2,100,Used,FALSE,Unfurnished,5.6802129,-0.1372479,Ashaley Botwe,Greater Accra
17/08/2024,16800,Detached,3,3,100,New,FALSE,Furnished,5.6061047,-0.1860362,Airport Residential Area,Greater Accra
17/04/2023,1500,Duplex,2,2,200,New,FALSE,Unfurnished,5.666671,-0.4313729,Ga South Municipal,Greater Accra
7/6/2025,4500,Townhouse,3,3,50,Used,FALSE,Unfurnished,5.6442137,-0.2480426,Tantra Hills,Greater Accra
15/07/2023,2000,Flats,1,1,200,New,FALSE,Unfurnished,5.7141674,-0.15418,Adenta,Greater Accra
9/4/2024,8000,Detached,4,5,100,Used,FALSE,Unfurnished,5.6510376,-0.1354586,Adjiriganor,Greater Accra
1/3/2023,17000,Detached,4,4,50,Used,FALSE,Unfurnished,5.6376136,-0.1266064,Spintex,Greater Accra
9/3/2024,1500,Flats,1,1,15,Used,FALSE,Unfurnished,5.8142836,0.0746767,Ledzokuku-Krowor,Greater Accra
18/12/2023,1000,Flats,1,1,40,Used,FALSE,Unfurnished,5.6376136,-0.1266064,Spintex,Greater Accra
7/12/2023,8000,Detached,4,4,150,Used,FALSE,Unfurnished,5.6972011,-0.1784116,Adenta,Greater Accra
29/03/2023,3000,Flats,3,3,10,Used,FALSE,Unfurnished,5.612781,-0.234345,Achimota,Greater Accra
9/3/2024,20000,Flats,1,1,2222,New,FALSE,Furnished,5.5862504,-0.1394584,Teshie,Greater Accra
13/09/2025,10000,Townhouse,3,3,80,New,FALSE,Unfurnished,5.6694251,-0.203367,Haatso,Greater Accra
10/11/2023,2500,Flats,2,2,1000,New,FALSE,Semi-Furnished,5.7141674,-0.15418,Adenta,Greater Accra
21/10/2024,3000,Flats,1,2,5000,New,FALSE,Semi-Furnished,5.6376136,-0.1266064,Spintex,Greater Accra
20/02/2024,1200,Flats,1,1,13,Used,FALSE,Semi-Furnished,5.5831665,-0.1046082,Teshie,Greater Accra
21/04/2023,2500,Flats,2,2,100,Used,FALSE,Semi-Furnished,5.7767998,-0.181049,Oyarifa,Greater Accra
11/7/2024,1600,Flats,2,2,975,New,FALSE,Semi-Furnished,5.6802129,-0.1372479,Ashaley Botwe,Greater Accra
24/02/2024,2200,Flats,2,2,300,Used,FALSE,Unfurnished,5.6694251,-0.203367,Haatso,Greater Accra
30/06/2025,700,Flats,1,1,17,Used,FALSE,Unfurnished,5.8142836,0.0746767,Ledzokuku-Krowor,Greater Accra
15/02/2023,16000,Detached,5,4,100,Used,FALSE,Unfurnished,5.5831665,-0.1046082,Teshie,Greater Accra
26/10/2024,16000,Detached,5,5,854,Used,FALSE,Semi-Furnished,5.6358281,-0.1613592,East Legon,Greater Accra
26/09/2024,8500,Flats,1,1,800,Used,FALSE,Furnished,5.6141232,-0.1956471,Dworwulu,Greater Accra
7/1/2025,8000,Flats,3,3,111,New,FALSE,Unfurnished,5.5958462,-0.1518394,Burma Camp,Greater Accra
9/6/2023,3000,Flats,3,2,14,Used,FALSE,Semi-Furnished,6.6932173,-1.627507,Kumasi Metropolitan,Ashanti
28/11/2025,1000,Flats,2,1,14,Used,FALSE,Unfurnished,5.5831665,-0.1046082,Teshie,Greater Accra
27/10/2025,2800,Flats,2,3,1253,New,FALSE,Unfurnished,5.700273,-0.302078,Pokuase,Greater Accra
15/02/2024,800,Flats,1,1,18,New,FALSE,Unfurnished,5.8142836,0.0746767,Ledzokuku-Krowor,Greater Accra
28/07/2023,4000,Flats,3,4,150,New,FALSE,Semi-Furnished,6.6932173,-1.627507,Kumasi Metropolitan,Ashanti
31/05/2023,2000,Flats,2,1,4999,Used,FALSE,Unfurnished,5.6376136,-0.1266064,Spintex,Greater Accra
17/12/2023,2000,Detached,3,4,250,Used,FALSE,Semi-Furnished,5.7141674,-0.15418,Adenta,Greater Accra
16/10/2024,600,Flats,1,1,5000,New,FALSE,Unfurnished,5.6376136,-0.1266064,Spintex,Greater Accra
9/4/2023,41000,Detached,4,4,1000,New,FALSE,Furnished,5.7556353,-0.1738945,Oyarifa,Greater Accra
1/11/2024,9900,Detached,4,5,100,New,FALSE,Unfurnished,5.6802129,-0.1372479,Ashaley Botwe,Greater Accra
6/9/2023,1400,Flats,1,1,986,New,FALSE,Unfurnished,5.6376136,-0.1266064,Spintex,Greater Accra
5/1/2023,1500,Flats,3,4,100,New,FALSE,Semi-Furnished,5.5344155,-0.4252737,Kasoa,Greater Accra
26/05/2024,667,Flats,2,2,100,New,FALSE,Unfurnished,6.5336974,-1.4048249,Atwima Nwabiagya,Ashanti
21/09/2023,3000,Flats,3,4,800,Used,FALSE,Unfurnished,5.6529542,-0.2170221,Dome,Greater Accra
15/10/2023,4000,Flats,5,4,90,Used,FALSE,Unfurnished,6.6932173,-1.627507,Kumasi Metropolitan,Ashanti
30/08/2024,600,Flats,1,1,423,Used,FALSE,Unfurnished,5.6095075,-0.2507539,Lapaz,Greater Accra
15/02/2023,1600,Flats,2,2,20,New,FALSE,Unfurnished,5.8142836,0.0746767,Ledzokuku-Krowor,Greater Accra
7/6/2024,1600,Flats,1,1,17,New,FALSE,Semi-Furnished,5.5831665,-0.1046082,Teshie,Greater Accra
27/05/2025,12000,Detached,4,5,80,New,FALSE,Unfurnished,5.6802129,-0.1372479,Ashaley Botwe,Greater Accra
26/07/2023,29700,Flats,1,1,10,New,FALSE,Furnished,5.6358281,-0.1613592,East Legon,Greater Accra
26/07/2023,2000,Flats,2,3,100,New,FALSE,Semi-Furnished,5.6376136,-0.1266064,Spintex,Greater Accra
26/11/2025,1200,Flats,2,2,650,New,FALSE,Unfurnished,5.5475455,-0.3808738,Kasoa,Greater Accra
6/6/2025,2500,Flats,2,2,3000,New,FALSE,Unfurnished,5.7141674,-0.15418,Adenta,Greater Accra
14/05/2025,2500,Flats,2,2,12,New,FALSE,Unfurnished,5.8142836,0.0746767,Ashomang Estate,Greater Accra
5/11/2024,600,Flats,1,1,17,Used,FALSE,Unfurnished,5.5831665,-0.1046082,Teshie,Greater Accra
16/11/2025,1500,Flats,2,2,1253,Used,FALSE,Unfurnished,5.700273,-0.302078,Pokuase,Greater Accra
2/4/2023,1200,Flats,1,1,12,Used,FALSE,Semi-Furnished,5.5427477,-0.2565425,Dansoman,Greater Accra
28/03/2023,900,Flats,2,2,50,Used,FALSE,Unfurnished,9.4109994,-0.7152749,Tamale Municipal,Northern Region
17/10/2023,13500,Detached,3,3,388,Used,FALSE,Furnished,5.622277,-0.125897,Spintex,Greater Accra
6/7/2023,22500,Detached,5,6,111,Renovated,FALSE,Unfurnished,5.6439894,-0.1485298,East Legon,Greater Accra
14/04/2023,10800,Detached,3,3,100,New,FALSE,Unfurnished,5.6358281,-0.1613592,East Legon,Greater Accra
13/09/2025,2000,Flats,2,3,15,Used,FALSE,Unfurnished,5.5831665,-0.1046082,Teshie,Greater Accra
17/09/2023,2500,Flats,1,1,1000,New,FALSE,Unfurnished,5.6358281,-0.1613592,East Legon,Greater Accra
16/12/2024,2500,Flats,2,3,150,Used,FALSE,Unfurnished,5.6694251,-0.203367,Haatso,Greater Accra
25/02/2023,2000,Flats,2,2,550,New,FALSE,Unfurnished,5.7141674,-0.15418,Adenta,Greater Accra
4/1/2025,7500,Flats,2,3,110,New,FALSE,Semi-Furnished,5.5459415,-0.2103988,Accra Metropolitan,Greater Accra
27/08/2024,9700,Flats,2,2,68,Used,FALSE,Furnished,5.6141232,-0.1956471,Dzorwulu,Greater Accra
17/02/2024,700,Flats,1,1,40,Used,FALSE,Semi-Furnished,5.7141674,-0.15418,Adenta,Greater Accra
29/08/2025,1200,Flats,2,2,15,New,FALSE,Semi-Furnished,6.6932173,-1.627507,Kumasi Metropolitan,Ashanti
6/1/2024,2500,Flats,2,2,3000,New,FALSE,Unfurnished,5.7556353,-0.1738945,Oyarifa,Greater Accra
26/08/2025,2000,Flats,2,2,600,Used,FALSE,Unfurnished,5.7556353,-0.1738945,Oyarifa,Greater Accra
30/12/2025,1799,Flats,1,1,863,New,FALSE,Unfurnished,5.6376136,-0.1266064,Spintex,Greater Accra
25/06/2024,1200,Flats,1,1,1253,Used,FALSE,Unfurnished,5.5511744,-0.2526163,Ablekuma,Greater Accra
29/05/2024,700,Flats,1,1,222,New,FALSE,Semi-Furnished,5.5344155,-0.4252737,Kasoa,Greater Accra
3/3/2025,2500,Flats,2,2,99,Used,FALSE,Unfurnished,5.6095075,-0.2507539,Lapaz,Greater Accra
20/06/2023,48000,Detached,4,5,100,New,FALSE,Semi-Furnished,5.6358281,-0.1613592,East Legon,Greater Accra
25/07/2025,25100,Flats,3,4,150,New,FALSE,Semi-Furnished,5.5862504,-0.1394584,Teshie,Greater Accra
27/02/2024,1200,Flats,2,2,14,New,FALSE,Semi-Furnished,6.6932173,-1.627507,Kumasi Metropolitan,Ashanti
6/6/2024,11039,Detached,2,2,800,New,FALSE,Semi-Furnished,5.612781,-0.234345,Achimota,Greater Accra
23/02/2024,1900,Flats,2,2,4999,Used,FALSE,Unfurnished,5.6376136,-0.1266064,Spintex,Greater Accra
31/07/2024,6500,Flats,2,2,120,New,FALSE,Unfurnished,5.5862504,-0.1394584,Teshie,Greater Accra
29/11/2025,16000,Flats,3,4,400,Used,FALSE,Furnished,5.6806047,-0.2004374,Haatso,Greater Accra
12/1/2025,1500,Flats,2,2,30,Used,FALSE,Semi-Furnished,5.5666403,-0.3334778,Weija,Greater Accra
23/10/2025,1300,Flats,1,1,986,Used,FALSE,Unfurnished,5.6376136,-0.1266064,Spintex,Greater Accra
26/11/2023,2500,Flats,2,2,55,Used,FALSE,Unfurnished,5.6562651,-0.2338473,Dome,Greater Accra
8/2/2025,7150,Flats,2,3,5000,New,FALSE,Semi-Furnished,5.6061047,-0.1860362,Airport Residential Area,Greater Accra
8/3/2023,16150,Detached,4,4,100,Renovated,FALSE,Unfurnished,5.622277,-0.125897,Spintex,Greater Accra
24/08/2025,15000,Detached,4,4,371,New,FALSE,Unfurnished,5.6802129,-0.1372479,Ashaley Botwe,Greater Accra
12/11/2023,1800,Flats,2,2,200,New,FALSE,Semi-Furnished,5.8129581,-0.1179155,Oyibi,Greater Accra
5/9/2024,30397,Townhouse,3,4,17,Used,FALSE,Semi-Furnished,5.5862504,-0.1394584,Teshie,Greater Accra
4/10/2023,3500,Detached,3,2,80,New,FALSE,Unfurnished,5.5459415,-0.2103988,Accra Metropolitan,Greater Accra
19/04/2023,5050,Flats,3,3,96,Used,FALSE,Unfurnished,5.6376136,-0.1266064,Spintex,Greater Accra
19/10/2024,1400,Flats,2,2,40,Used,FALSE,Semi-Furnished,5.7062137,-0.3019281,Ga West Municipal,Greater Accra
17/07/2024,6800,Flats,4,3,145,New,FALSE,Semi-Furnished,5.6358281,-0.1613592,East Legon,Greater Accra
19/10/2024,3500,Flats,2,3,200,New,FALSE,Unfurnished,5.6847539,-0.0379152,Ashaiman Municipal,Greater Accra
8/9/2024,4300,Flats,2,3,900,Used,FALSE,Unfurnished,5.5570305,-0.1762717,Osu,Greater Accra
21/06/2023,800,Flats,1,1,541,New,FALSE,Unfurnished,5.700273,-0.302078,Pokuase,Greater Accra
22/07/2023,3500,Detached,3,2,100,Renovated,FALSE,Unfurnished,4.9015794,-1.7830973,Takoradi,Western Region
13/02/2023,18200,Detached,4,5,806,New,FALSE,Unfurnished,5.5459415,-0.2103988,Accra Metropolitan,Greater Accra
8/10/2024,5000,Semi-Detached,2,2,400,New,FALSE,Unfurnished,5.6772176,-0.1251477,Ashaley Botwe,Greater Accra
18/03/2023,9553,Detached,4,5,150,Used,FALSE,Semi-Furnished,5.6358281,-0.1613592,East Legon,Greater Accra
19/03/2023,4500,Flats,3,4,100,New,FALSE,Semi-Furnished,5.7213053,-0.1348997,Adenta,Greater Accra
24/09/2024,1500,Flats,1,1,1345,New,FALSE,Unfurnished,5.7141674,-0.15418,Adenta,Greater Accra
3/10/2023,2500,Flats,1,1,500,Used,FALSE,Unfurnished,5.5831665,-0.1046082,Teshie,Greater Accra
23/04/2025,9882,Detached,4,5,150,Used,FALSE,Semi-Furnished,5.6510376,-0.1354586,Adjiriganor,Greater Accra
18/02/2024,5000,Detached,3,3,100,Used,FALSE,Unfurnished,5.6802129,-0.1372479,Ashaley Botwe,Greater Accra
27/10/2023,8000,Flats,1,1,60,New,FALSE,Furnished,5.6825806,-0.1916501,North Legon,Greater Accra
18/12/2024,1700,Flats,2,2,20,Used,FALSE,Unfurnished,5.8142836,0.0746767,Abokobi,Greater Accra
21/10/2023,600,Flats,2,1,50,Used,FALSE,Unfurnished,9.4109994,-0.7152749,Tamale Municipal,Northern Region
9/5/2023,1500,Flats,3,3,900,New,FALSE,Furnished,6.6932173,-1.627507,Kumasi Metropolitan,Ashanti
27/01/2025,7440,Townhouse,4,4,18,Renovated,FALSE,Unfurnished,5.6358281,-0.1613592,East Legon,Greater Accra
14/11/2025,18000,Detached,4,4,900,New,FALSE,Semi-Furnished,5.6358281,-0.1613592,East Legon,Greater Accra
31/10/2023,56869,Detached,4,5,150,Used,FALSE,Semi-Furnished,5.5767652,-0.1784836,Cantonments,Greater Accra
19/05/2024,6000,Detached,3,4,2334,New,FALSE,Unfurnished,5.6274508,-0.0872742,Spintex,Greater Accra
8/6/2025,2000,Flats,2,2,100,New,FALSE,Unfurnished,5.7023611,-0.2069455,Old Ashomang,Greater Accra
24/09/2024,850,Flats,1,1,986,Used,FALSE,Unfurnished,5.6376136,-0.1266064,Spintex,Greater Accra
28/09/2024,5000,Detached,3,3,100,Used,FALSE,Furnished,6.6932173,-1.627507,Kumasi Metropolitan,Ashanti
7/8/2025,48000,Detached,4,5,100,New,FALSE,Unfurnished,5.5794797,-0.1706227,Cantonments,Greater Accra
12/8/2025,1400,Flats,2,2,36,Used,FALSE,Unfurnished,6.6932173,-1.627507,Kumasi Metropolitan,Ashanti
20/05/2023,11666,Detached,4,5,150,Used,FALSE,Semi-Furnished,5.6510376,-0.1354586,Adjiriganor,Greater Accra
13/01/2025,2700,Flats,2,2,12,New,FALSE,Unfurnished,5.6802129,-0.1372479,Ashaley Botwe,Greater Accra
5/4/2023,18200,Detached,3,4,70,New,FALSE,Furnished,5.612781,-0.234345,Achimota,Greater Accra
6/11/2023,2500,Flats,2,3,145,Used,FALSE,Semi-Furnished,5.7141674,-0.15418,Adenta,Greater Accra
25/01/2025,500,Flats,2,1,100,Used,FALSE,Unfurnished,5.5666403,-0.3334778,Weija,Greater Accra
9/8/2025,1200,Flats,1,1,250,New,FALSE,Semi-Furnished,5.7141674,-0.15418,Adenta,Greater Accra
25/10/2024,1500,Flats,2,1,100,New,FALSE,Semi-Furnished,6.6932173,-1.627507,Kumasi Metropolitan,Ashanti
26/11/2024,3500,Flats,2,2,500,New,FALSE,Unfurnished,5.6358281,-0.1613592,East Legon,Greater Accra
13/12/2023,6000,Detached,3,3,2500,New,FALSE,Unfurnished,5.6887241,-0.2270226,Ashomang Estate,Greater Accra
17/12/2025,2000,Flats,1,1,180,New,FALSE,Unfurnished,5.7556353,-0.1738945,Oyarifa,Greater Accra
4/11/2025,2800,Flats,2,2,18,Used,FALSE,Unfurnished,5.6802129,-0.1372479,Ashaley Botwe,Greater Accra
15/01/2025,2500,Flats,2,3,100,New,FALSE,Semi-Furnished,5.7023611,-0.2069455,Old Ashomang,Greater Accra
15/04/2024,1000,Flats,1,1,5000,New,FALSE,Unfurnished,5.6376136,-0.1266064,Spintex,Greater Accra
10/6/2024,450,Flats,1,1,13,New,FALSE,Unfurnished,5.6037168,-0.1869644,Ablekuma,Greater Accra
7/12/2023,1000,Flats,1,1,45,Used,FALSE,Unfurnished,5.6563118,-0.0093266,Tema Metropolitan,Greater Accra
16/01/2024,2000,Flats,2,3,13,Renovated,FALSE,Semi-Furnished,5.5831665,-0.1046082,Teshie,Greater Accra
16/06/2024,43000,Mansion,7,5,50,New,FALSE,Unfurnished,5.6358281,-0.1613592,East Legon,Greater Accra
30/10/2023,800,Flats,1,1,14,New,FALSE,Semi-Furnished,5.5831665,-0.1046082,Teshie,Greater Accra
15/03/2023,10000,Detached,3,3,150,Used,FALSE,Semi-Furnished,5.6358281,-0.1613592,East Legon,Greater Accra
16/07/2025,30590,Detached,5,4,1000,Used,FALSE,Unfurnished,5.5572854,-0.1824488,Osu,Greater Accra
24/08/2023,2000,Flats,1,1,990,New,FALSE,Unfurnished,5.6376136,-0.1266064,Spintex,Greater Accra
11/3/2024,2000,Flats,1,1,156,Used,FALSE,Unfurnished,5.6802129,-0.1372479,Ashaley Botwe,Greater Accra
27/02/2023,8800,Detached,2,2,700,New,FALSE,Unfurnished,5.5459415,-0.2103988,Accra Metropolitan,Greater Accra
1/5/2025,42000,Detached,5,5,270,Used,FALSE,Unfurnished,5.6358281,-0.1613592,East Legon,Greater Accra
21/06/2023,600,Flats,1,1,100,New,FALSE,Unfurnished,5.5344155,-0.4252737,Kasoa,Greater Accra
19/01/2024,50934,Detached,4,4,150,Used,FALSE,Semi-Furnished,5.6141232,-0.1956471,Dzorwulu,Greater Accra
19/11/2024,8000,Flats,2,2,80,Used,FALSE,Semi-Furnished,5.6358281,-0.1613592,East Legon,Greater Accra
20/07/2024,8000,Flats,2,1,100,Used,FALSE,Unfurnished,5.6358281,-0.1613592,East Legon,Greater Accra
18/03/2023,1500,Flats,1,1,1253,New,FALSE,Unfurnished,5.700273,-0.302078,Pokuase,Greater Accra
20/12/2025,2000,Flats,2,2,100,New,FALSE,Unfurnished,5.7556353,-0.1738945,Oyarifa,Greater Accra
18/09/2024,6000,Detached,4,4,14,Renovated,FALSE,Semi-Furnished,5.5831665,-0.1046082,Teshie,Greater Accra
19/06/2024,12000,Flats,3,2,200,New,FALSE,Unfurnished,5.6510376,-0.1354586,Adjiriganor,Greater Accra
8/4/2025,4000,Flats,2,2,3000,Used,FALSE,Unfurnished,5.5646592,-0.1565747,Labadi,Greater Accra
9/6/2023,2000,Flats,1,1,100,New,FALSE,Unfurnished,5.6731273,-0.1663851,Madina,Greater Accra
9/3/2023,25200,Detached,4,5,100,New,FALSE,Furnished,5.6619606,-0.1290806,Adjiriganor,Greater Accra
19/07/2025,34000,Flats,3,3,120,Used,FALSE,Semi-Furnished,5.6141232,-0.1956471,Dzorwulu,Greater Accra
26/11/2024,20400,Flats,3,4,1335,Used,FALSE,Furnished,5.5459415,-0.2103988,Accra Metropolitan,Greater Accra
4/10/2025,13000,Flats,2,2,145,Used,FALSE,Semi-Furnished,5.6358281,-0.1613592,East Legon,Greater Accra
19/12/2025,1500,Flats,1,1,15,New,FALSE,Unfurnished,5.5862504,-0.1394584,Teshie,Greater Accra
27/07/2025,14400,Detached,3,4,100,Used,FALSE,Furnished,5.6376136,-0.1266064,Spintex,Greater Accra
25/05/2023,11000,Detached,4,4,900,New,FALSE,Semi-Furnished,5.6358281,-0.1613592,East Legon,Greater Accra
23/09/2025,1700,Flats,2,2,26,Used,FALSE,Semi-Furnished,5.8142836,0.0746767,Ledzokuku-Krowor,Greater Accra
21/09/2023,1200,Flats,1,1,5000,New,FALSE,Semi-Furnished,5.6376136,-0.1266064,Spintex,Greater Accra
25/05/2023,2500,Detached,2,3,100,Used,FALSE,Unfurnished,5.7141674,-0.15418,Adenta,Greater Accra
9/4/2024,6500,Townhouse,3,4,900,Used,FALSE,Unfurnished,5.5459415,-0.2103988,Accra Metropolitan,Greater Accra
4/8/2023,2500,Flats,3,2,134,Renovated,FALSE,Unfurnished,5.7088147,-0.3560076,Ga West Municipal,Greater Accra
5/1/2023,1800,Flats,2,2,17,Used,FALSE,Unfurnished,5.5831665,-0.1046082,Teshie,Greater Accra
13/06/2025,800,Flats,1,1,30,New,FALSE,Semi-Furnished,5.5511744,-0.2526163,Ablekuma,Greater Accra
28/10/2024,2000,Flats,2,2,70,Used,FALSE,Unfurnished,5.5459415,-0.2103988,Accra Metropolitan,Greater Accra
11/10/2024,21960,Detached,6,7,100,New,FALSE,Unfurnished,5.6376136,-0.1266064,Spintex,Greater Accra
28/11/2024,1800,Flats,2,2,1300,Used,FALSE,Unfurnished,5.5511744,-0.2526163,Ablekuma,Greater Accra
13/07/2023,1500,Flats,1,1,4999,Used,FALSE,Unfurnished,5.6376136,-0.1266064,Spintex,Greater Accra
12/11/2024,4500,Flats,2,2,130,Used,FALSE,Unfurnished,5.5570305,-0.1762717,Osu,Greater Accra
27/04/2025,2300,Flats,2,2,1000,New,FALSE,Unfurnished,5.6802129,-0.1372479,Ashaley Botwe,Greater Accra
25/12/2025,6000,Flats,2,2,255,New,FALSE,Unfurnished,5.6358281,-0.1613592,East Legon,Greater Accra
10/9/2024,1500,Flats,2,3,250,Used,FALSE,Unfurnished,5.7141674,-0.15418,Adenta,Greater Accra
9/3/2023,4500,Flats,2,2,1800,New,FALSE,Semi-Furnished,5.6358281,-0.1613592,East Legon,Greater Accra
17/06/2025,3000,Flats,3,2,120,Used,FALSE,Semi-Furnished,5.6887241,-0.2270226,Ashomang Estate,Greater Accra
28/12/2025,3000,Flats,2,3,145,New,FALSE,Semi-Furnished,5.6694251,-0.203367,Haatso,Greater Accra
12/3/2023,51560,Townhouse,3,4,24,New,FALSE,Unfurnished,5.6061047,-0.1860362,Airport Residential Area,Greater Accra
20/08/2024,2000,Flats,2,2,58,New,FALSE,Semi-Furnished,5.5459415,-0.2103988,Accra Metropolitan,Greater Accra
17/10/2023,6725,Detached,3,3,150,New,FALSE,Semi-Furnished,5.6358281,-0.1613592,East Legon,Greater Accra
2/9/2024,3500,Duplex,4,4,874,New,FALSE,Semi-Furnished,5.8142836,0.0746767,Sowutwuom,Greater Accra
2/8/2023,49200,Detached,5,6,100,New,FALSE,Unfurnished,5.6098255,-0.2138846,Abelemkpe,Greater Accra
6/12/2023,450,Detached,1,1,12,Used,FALSE,Semi-Furnished,5.5427477,-0.2565425,Dansoman,Greater Accra
5/12/2025,750,Flats,1,1,982,New,FALSE,Unfurnished,5.6376136,-0.1266064,Spintex,Greater Accra
28/11/2025,3000,Detached,4,4,120,Used,FALSE,Unfurnished,5.7062137,-0.3019281,Ga West Municipal,Greater Accra
25/08/2025,3000,Duplex,4,4,14,New,FALSE,Unfurnished,5.6983581,-0.2150873,Ga East Municipal,Greater Accra
14/09/2024,5194,Flats,2,2,140,Used,FALSE,Semi-Furnished,5.6358281,-0.1613592,East Legon,Greater Accra
8/8/2025,19000,Flats,3,3,600,Used,FALSE,Furnished,5.5572854,-0.1824488,Osu,Greater Accra
23/06/2023,34210,Detached,4,5,121,Used,FALSE,Unfurnished,5.626295,-0.1339608,Spintex,Greater Accra
24/05/2024,5000,Flats,3,2,12,New,FALSE,Unfurnished,6.6932173,-1.627507,Kumasi Metropolitan,Ashanti
6/10/2023,4500,Flats,2,2,100,New,FALSE,Semi-Furnished,5.6510376,-0.1354586,Adjiriganor,Greater Accra
25/04/2023,12500,Flats,2,3,2000,New,FALSE,Semi-Furnished,5.6358281,-0.1613592,East Legon,Greater Accra
24/04/2025,5500,Flats,2,2,100,New,FALSE,Furnished,5.5666403,-0.3334778,Weija,Greater Accra
20/02/2025,1700,Flats,3,2,500,Used,FALSE,Unfurnished,5.592619,-0.1104756,Teshie,Greater Accra
13/08/2023,9000,Detached,3,3,990,Used,FALSE,Unfurnished,5.6274508,-0.0872742,Spintex,Greater Accra
19/02/2025,3000,Detached,3,4,15,Used,FALSE,Unfurnished,5.8142836,0.0746767,Abokobi,Greater Accra
8/12/2024,4000,Flats,2,2,16,New,FALSE,Unfurnished,5.5646592,-0.1565747,Labadi,Greater Accra
9/5/2025,1100,Flats,1,1,19,Used,FALSE,Unfurnished,5.6887241,-0.2270226,Ashomang Estate,Greater Accra
5/3/2025,12000,Detached,4,4,100,New,FALSE,Unfurnished,5.6510376,-0.1354586,Adjiriganor,Greater Accra
20/10/2024,32400,Detached,4,4,238,New,FALSE,Semi-Furnished,5.5862504,-0.1394584,Teshie,Greater Accra
28/10/2023,2500,Detached,2,2,300,Used,FALSE,Semi-Furnished,5.7556353,-0.1738945,Oyarifa,Greater Accra
9/9/2025,3200,Detached,3,3,100,Used,FALSE,Furnished,5.6802129,-0.1372479,Ashaley Botwe,Greater Accra
4/2/2023,6000,Flats,2,2,100,New,FALSE,Unfurnished,5.6057034,-0.2353967,Tesano,Greater Accra
17/12/2024,1800,Flats,1,1,15,Used,FALSE,Semi-Furnished,5.5831665,-0.1046082,Teshie,Greater Accra
1/2/2024,6000,Flats,2,3,999,New,FALSE,Furnished,5.5666385,-0.3334578,Weija,Greater Accra
31/12/2024,900,Flats,1,1,100,New,FALSE,Unfurnished,5.5344155,-0.4252737,Kasoa,Greater Accra
27/10/2023,8698,Flats,3,4,100,Used,FALSE,Unfurnished,5.6619606,-0.1290806,Adjiriganor,Greater Accra
7/2/2025,13500,Detached,4,5,605,New,FALSE,Unfurnished,5.5459415,-0.2103988,Accra Metropolitan,Greater Accra
24/02/2025,4000,Detached,3,3,300,Used,FALSE,Unfurnished,5.6944159,-0.2021951,Agbogba,Greater Accra
17/01/2025,55500,Detached,4,5,100,New,FALSE,Unfurnished,5.64174,-0.1517108,East Legon,Greater Accra
23/01/2023,40000,Detached,4,4,100,Used,FALSE,Unfurnished,5.6061047,-0.1860362,Airport Residential Area,Greater Accra
1/7/2023,4000,Flats,2,3,5000,New,FALSE,Unfurnished,5.6376136,-0.1266064,Spintex,Greater Accra
21/05/2023,3500,Flats,2,2,331,Used,FALSE,Unfurnished,5.5831665,-0.1046082,Teshie,Greater Accra
7/7/2024,700,Flats,1,1,17,Used,FALSE,Unfurnished,5.5831665,-0.1046082,Teshie,Greater Accra
7/8/2024,2000,Flats,2,3,324,New,FALSE,Semi-Furnished,5.5866078,-0.2772644,Awoshie,Greater Accra
23/05/2023,15955,Detached,3,3,100,Used,FALSE,Semi-Furnished,5.6358281,-0.1613592,East Legon,Greater Accra
21/01/2024,14500,Duplex,5,5,231,New,FALSE,Semi-Furnished,5.612781,-0.234345,Achimota,Greater Accra
25/08/2025,7500,Detached,3,3,90,Used,FALSE,Unfurnished,5.5459415,-0.2103988,Accra Metropolitan,Greater Accra
16/03/2024,1500,Flats,1,1,25,New,FALSE,Semi-Furnished,5.5459415,-0.2103988,Accra Metropolitan,Greater Accra
16/11/2025,3600,Flats,1,1,50,Used,FALSE,Furnished,5.666671,-0.4313729,Ga South Municipal,Greater Accra
18/05/2025,2500,Semi-Detached,2,3,600,New,FALSE,Semi-Furnished,5.7252259,-0.1549277,Adenta,Greater Accra
19/02/2023,10941,Flats,1,1,70,Used,FALSE,Furnished,5.5459415,-0.2103988,Accra Metropolitan,Greater Accra
30/06/2024,1500,Semi-Detached,3,3,70,Used,FALSE,Semi-Furnished,5.6563118,-0.0093266,Tema Metropolitan,Greater Accra
17/11/2024,1500,Flats,1,1,555,New,FALSE,Unfurnished,5.6562651,-0.2338473,Dome,Greater Accra
17/07/2023,5500,Flats,2,2,150,New,FALSE,Semi-Furnished,5.5459415,-0.2103988,Accra Metropolitan,Greater Accra
2/12/2025,3000,Detached,3,3,50,Used,FALSE,Unfurnished,5.5459415,-0.2103988,Accra Metropolitan,Greater Accra
28/09/2024,2500,Flats,2,3,1000,New,FALSE,Unfurnished,5.7023611,-0.2069455,Old Ashomang,Greater Accra
12/8/2025,2000,Semi-Detached,2,2,360,New,FALSE,Unfurnished,5.6983581,-0.2150873,Ga East Municipal,Greater Accra
5/2/2023,2000,Detached,3,3,256,New,FALSE,Semi-Furnished,5.8142836,0.0746767,Kasoa,Greater Accra
18/08/2025,7800,Flats,1,1,10,Used,FALSE,Furnished,5.6358281,-0.1613592,East Legon,Greater Accra
17/12/2025,24000,Detached,7,7,450,Used,FALSE,Unfurnished,5.6442137,-0.2480426,Tantra Hills,Greater Accra
8/3/2023,2000,Flats,2,2,100,New,FALSE,Unfurnished,6.6932173,-1.627507,Kumasi Metropolitan,Ashanti
24/01/2025,5000,Flats,2,2,180,New,FALSE,Unfurnished,5.5862973,-0.2419606,Kaneshie,Greater Accra
6/5/2024,700,Flats,1,1,50,Used,FALSE,Unfurnished,5.5511744,-0.2526163,Ablekuma,Greater Accra
20/10/2024,12000,Detached,3,2,18,Used,FALSE,Unfurnished,5.6510376,-0.1354586,Adjiriganor,Greater Accra
24/06/2025,4000,Flats,2,2,111,New,FALSE,Unfurnished,5.6061047,-0.1860362,Airport Residential Area,Greater Accra
18/02/2023,1600,Flats,2,2,15,Used,FALSE,Semi-Furnished,5.5831665,-0.1046082,Teshie,Greater Accra
23/02/2025,12750,Detached,6,6,350,Used,FALSE,Semi-Furnished,5.6358281,-0.1613592,East Legon,Greater Accra
20/04/2025,3500,Flats,3,3,700,Used,FALSE,Unfurnished,5.6376136,-0.1266064,Spintex,Greater Accra
30/03/2024,1000,Flats,1,1,4999,Used,FALSE,Unfurnished,5.6376136,-0.1266064,Spintex,Greater Accra
31/07/2025,2700,Flats,1,1,800,New,FALSE,Unfurnished,5.6095075,-0.2507539,Lapaz,Greater Accra
22/03/2024,6000,Detached,3,3,400,New,FALSE,Unfurnished,5.6376136,-0.1266064,Spintex,Greater Accra
17/11/2025,8000,Detached,3,3,80,Used,FALSE,Unfurnished,5.6802129,-0.1372479,Ashaley Botwe,Greater Accra
13/07/2025,700,Flats,1,1,15,Used,FALSE,Unfurnished,5.5831665,-0.1046082,Teshie,Greater Accra
16/09/2025,550,Flats,2,1,90,Used,FALSE,Unfurnished,6.6932173,-1.627507,Kumasi Metropolitan,Ashanti
15/12/2024,2500,Flats,3,4,15,Used,FALSE,Unfurnished,5.5831665,-0.1046082,Teshie,Greater Accra
26/04/2025,2000,Mansion,3,3,200,Used,FALSE,Unfurnished,5.5510647,-0.4408037,Awutu Senya East Municipal,Central Region
30/10/2023,3800,Flats,3,3,800,New,FALSE,Unfurnished,5.6529542,-0.2170221,Dome,Greater Accra
17/06/2025,33000,Townhouse,2,2,130,New,FALSE,Unfurnished,5.6358281,-0.1613592,East Legon,Greater Accra
1/2/2023,44800,Townhouse,4,4,210,Used,FALSE,Unfurnished,5.6358281,-0.1613592,East Legon,Greater Accra
26/02/2023,6000,Detached,3,2,4999,Used,FALSE,Semi-Furnished,5.6376136,-0.1266064,Spintex,Greater Accra
5/8/2023,1900,Flats,3,3,15,Used,FALSE,Semi-Furnished,5.5831665,-0.1046082,Teshie,Greater Accra
9/1/2025,8500,Detached,5,5,1080,Used,FALSE,Unfurnished,5.612781,-0.234345,Achimota,Greater Accra
28/10/2024,1800,Flats,2,2,4646,Used,FALSE,Unfurnished,5.7141674,-0.15418,Adenta,Greater Accra
18/12/2023,4000,Flats,4,5,100,New,FALSE,Unfurnished,5.5195405,-0.4879916,Effutu Municipal,Central Region
18/12/2024,4000,Detached,3,2,12,Used,FALSE,Unfurnished,5.7556353,-0.1738945,Oyarifa,Greater Accra
20/11/2023,14000,Detached,4,5,101,New,FALSE,Semi-Furnished,5.6358281,-0.1613592,East Legon,Greater Accra
13/06/2024,1500,Detached,1,1,14,Used,FALSE,Unfurnished,5.5831665,-0.1046082,Teshie,Greater Accra
16/12/2023,1200,Flats,1,1,986,Used,FALSE,Unfurnished,5.6376136,-0.1266064,Spintex,Greater Accra
24/12/2023,7000,Flats,4,4,900,New,FALSE,Semi-Furnished,5.6376136,-0.1266064,Spintex,Greater Accra
6/10/2023,4000,Flats,3,3,800,Used,FALSE,Unfurnished,5.6442137,-0.2480426,Tantra Hills,Greater Accra
11/7/2025,28058,Detached,5,5,800,New,FALSE,Semi-Furnished,5.6358281,-0.1613592,East Legon,Greater Accra
26/08/2025,3000,Flats,2,3,5000,New,FALSE,Unfurnished,5.6376136,-0.1266064,Spintex,Greater Accra
19/09/2024,1500,Flats,2,2,400,Used,FALSE,Semi-Furnished,5.7252259,-0.1549277,Adenta,Greater Accra
15/03/2025,417,Flats,1,1,14,Used,FALSE,Semi-Furnished,6.6932173,-1.627507,Kumasi Metropolitan,Ashanti
21/07/2025,33600,Townhouse,3,3,700,New,FALSE,Unfurnished,5.5679,-0.1925238,Ridge,Greater Accra
4/4/2024,2000,Flats,1,1,400,Used,FALSE,Unfurnished,5.6802129,-0.1372479,Ashaley Botwe,Greater Accra
30/11/2023,5000,Detached,3,4,50,Used,FALSE,Unfurnished,5.5459415,-0.2103988,Accra Metropolitan,Greater Accra
28/02/2025,3000,Detached,5,3,115,Used,FALSE,Semi-Furnished,6.6932173,-1.627507,Kumasi Metropolitan,Ashanti
21/11/2024,2500,Flats,3,3,1500,New,FALSE,Unfurnished,5.6802129,-0.1372479,Ashaley Botwe,Greater Accra
6/1/2023,2000,Flats,2,1,14,New,FALSE,Unfurnished,5.6802129,-0.1372479,Ashaley Botwe,Greater Accra
13/10/2024,6000,Detached,3,3,5000,New,FALSE,Unfurnished,5.6376136,-0.1266064,Spintex,Greater Accra
2/2/2023,5000,Flats,2,3,17,New,FALSE,Semi-Furnished,5.5862504,-0.1394584,Teshie,Greater Accra
21/02/2023,5000,Detached,2,2,321,New,FALSE,Semi-Furnished,5.6358281,-0.1613592,East Legon,Greater Accra
7/9/2023,8000,Duplex,4,5,1253,Used,FALSE,Unfurnished,5.700273,-0.302078,Pokuase,Greater Accra
12/10/2025,1000,Flats,1,1,30,New,FALSE,Semi-Furnished,5.6802129,-0.1372479,Ashaley Botwe,Greater Accra
29/01/2023,1600,Flats,2,3,30,New,FALSE,Semi-Furnished,5.666671,-0.4313729,Ga South Municipal,Greater Accra
14/02/2025,8400,Flats,1,1,1000,Used,FALSE,Furnished,5.5427477,-0.2565425,Dansoman,Greater Accra
9/10/2024,800,Flats,1,1,4999,Used,FALSE,Unfurnished,5.6376136,-0.1266064,Spintex,Greater Accra
11/12/2025,7000,Detached,4,4,150,Used,FALSE,Semi-Furnished,5.6825806,-0.1916501,North Legon,Greater Accra
10/2/2025,2800,Flats,2,3,4999,New,FALSE,Unfurnished,5.6376136,-0.1266064,Spintex,Greater Accra
19/06/2025,12100,Flats,1,1,200,Used,FALSE,Furnished,5.5682665,-0.1717396,Labone,Greater Accra
25/05/2025,1600,Flats,2,2,19,Used,FALSE,Unfurnished,5.5831665,-0.1046082,Teshie,Greater Accra
31/12/2025,2500,Flats,1,1,140,New,FALSE,Unfurnished,5.6802129,-0.1372479,Ashaley Botwe,Greater Accra
12/12/2024,7800,Duplex,2,2,100,New,FALSE,Unfurnished,5.6772176,-0.1251477,Ashaley Botwe,Greater Accra
21/09/2025,4000,Flats,3,3,100,Used,FALSE,Semi-Furnished,5.6563118,-0.0093266,Tema Metropolitan,Greater Accra
2/2/2025,800,Flats,1,1,100,Used,FALSE,Unfurnished,5.8142836,0.0746767,Nungua,Greater Accra
25/03/2023,2000,Detached,3,3,17,Used,FALSE,Semi-Furnished,5.5831665,-0.1046082,Teshie,Greater Accra
15/11/2025,4000,Flats,2,3,12,New,FALSE,Unfurnished,5.7556353,-0.1738945,Oyarifa,Greater Accra
15/09/2025,15000,Detached,4,4,100,New,FALSE,Furnished,5.7556353,-0.1738945,Oyarifa,Greater Accra
8/8/2025,12000,Detached,4,5,354,New,FALSE,Unfurnished,5.6802129,-0.1372479,Ashaley Botwe,Greater Accra
16/04/2024,3000,Flats,2,3,15,New,FALSE,Semi-Furnished,5.5831665,-0.1046082,Teshie,Greater Accra
31/10/2024,6000,Detached,4,3,1500,Used,FALSE,Unfurnished,5.6442137,-0.2480426,Tantra Hills,Greater Accra
23/06/2025,1500,Detached,3,3,100,Used,FALSE,Unfurnished,9.4109994,-0.7152749,Tamale Municipal,Northern Region
19/02/2024,5000,Detached,3,4,126,Renovated,FALSE,Semi-Furnished,5.6274508,-0.0872742,Spintex,Greater Accra
24/08/2023,15000,Detached,3,4,360,New,FALSE,Furnished,5.6563118,-0.0093266,Tema Metropolitan,Greater Accra
21/03/2024,1050,Flats,2,2,70,Used,FALSE,Unfurnished,5.6563118,-0.0093266,Tema Metropolitan,Greater Accra
13/06/2024,26000,Detached,3,4,100,Used,FALSE,Furnished,5.6358281,-0.1613592,East Legon,Greater Accra
1/3/2025,3000,Flats,2,2,12,New,FALSE,Unfurnished,5.6634097,-0.2653998,Ofankor,Greater Accra
18/10/2025,16800,Detached,4,4,371,New,FALSE,Unfurnished,5.6358281,-0.1613592,East Legon,Greater Accra
8/9/2024,800,Flats,1,1,20,Renovated,FALSE,Unfurnished,5.6802129,-0.1372479,Ashaley Botwe,Greater Accra
16/10/2025,7960,Flats,1,2,123,Used,FALSE,Unfurnished,5.5459415,-0.2103988,Accra Metropolitan,Greater Accra
2/10/2025,36000,Detached,7,8,111,Used,FALSE,Unfurnished,5.6358281,-0.1613592,East Legon,Greater Accra
28/08/2025,5000,Duplex,4,5,234,New,FALSE,Semi-Furnished,5.5459415,-0.2103988,Accra Metropolitan,Greater Accra
10/8/2024,7000,Detached,3,4,963,Used,FALSE,Unfurnished,5.7556353,-0.1738945,Oyarifa,Greater Accra
17/06/2023,40000,Detached,4,5,100,New,FALSE,Furnished,5.6358281,-0.1613592,East Legon,Greater Accra
27/04/2025,6000,Detached,2,3,200,Used,FALSE,Semi-Furnished,5.7556353,-0.1738945,Oyarifa,Greater Accra
14/11/2024,3000,Semi-Detached,2,2,100,New,FALSE,Semi-Furnished,6.6932173,-1.627507,Kumasi Metropolitan,Ashanti
20/08/2023,650,Flats,1,1,30,Used,FALSE,Unfurnished,5.8142836,0.0746767,Nungua,Greater Accra
9/7/2025,6000,Flats,2,2,1001,Used,FALSE,Unfurnished,5.6495001,-0.2100343,West Legon,Greater Accra
12/2/2025,10000,Flats,2,2,523,New,FALSE,Furnished,5.612781,-0.234345,Achimota,Greater Accra
1/2/2024,2000,Flats,2,2,2100,Used,FALSE,Unfurnished,5.6563118,-0.0093266,Tema Metropolitan,Greater Accra
3/12/2024,14000,Duplex,3,4,351,New,FALSE,Unfurnished,5.6358281,-0.1613592,East Legon,Greater Accra
29/08/2023,800,Detached,2,2,200,New,FALSE,Unfurnished,5.5510647,-0.4408037,Awutu Senya East Municipal,Central Region
23/07/2023,15197,Detached,3,3,150,Used,FALSE,Semi-Furnished,5.6358281,-0.1613592,East Legon,Greater Accra
26/08/2024,12634,Townhouse,3,2,45,Used,FALSE,Furnished,5.6057034,-0.2353967,Tesano,Greater Accra
6/11/2024,14100,Detached,3,3,1030,New,FALSE,Semi-Furnished,5.7556353,-0.1738945,Oyarifa,Greater Accra
10/11/2024,800,Flats,1,1,986,New,FALSE,Unfurnished,5.6376136,-0.1266064,Spintex,Greater Accra
15/03/2023,1500,Flats,1,1,16,Used,FALSE,Unfurnished,5.5532782,-0.24014,Lartebiokoshie,Greater Accra
8/7/2023,3000,Flats,3,4,104,New,FALSE,Unfurnished,5.7556353,-0.1738945,Oyarifa,Greater Accra
19/12/2024,8999,Duplex,3,3,986,New,FALSE,Unfurnished,5.6293106,-0.1643317,East Legon,Greater Accra
17/05/2023,25000,Flats,3,4,100,Used,FALSE,Unfurnished,5.5733139,-0.1778093,Cantonments,Greater Accra
12/6/2023,700,Flats,1,1,14,New,FALSE,Unfurnished,5.5367445,-0.2420576,Mamprobi,Greater Accra
21/02/2023,24000,Townhouse,3,4,300,New,FALSE,Unfurnished,5.5862504,-0.1394584,Teshie,Greater Accra
27/03/2023,25000,Flats,2,2,2500,Used,FALSE,Furnished,5.6061047,-0.1860362,Airport Residential Area,Greater Accra
14/01/2025,1500,Flats,2,2,999,New,FALSE,Unfurnished,5.5666385,-0.3334578,Weija,Greater Accra
4/2/2024,2500,Flats,2,3,350,New,FALSE,Unfurnished,5.6802129,-0.1372479,Ashaley Botwe,Greater Accra
17/12/2024,1300,Flats,2,2,13,New,FALSE,Unfurnished,5.5831665,-0.1046082,Teshie,Greater Accra
3/10/2025,3000,Flats,2,2,1000,New,FALSE,Unfurnished,5.6358281,-0.1613592,East Legon,Greater Accra
1/3/2024,15525,Detached,3,4,605,Used,FALSE,Furnished,5.5459415,-0.2103988,Accra Metropolitan,Greater Accra
15/05/2025,19700,Flats,1,2,909,New,FALSE,Furnished,5.5570305,-0.1762717,Osu,Greater Accra
24/03/2024,9200,Flats,2,3,900,New,FALSE,Unfurnished,5.5459415,-0.2103988,Accra Metropolitan,Greater Accra
24/11/2025,25463,Detached,4,5,121,New,FALSE,Furnished,5.6376136,-0.1266064,Spintex,Greater Accra
19/04/2023,2500,Flats,3,3,100,New,FALSE,Unfurnished,5.6887241,-0.2270226,Ashomang Estate,Greater Accra
1/10/2023,32500,Flats,2,3,800,New,FALSE,Furnished,5.5733139,-0.1778093,Cantonments,Greater Accra
8/7/2023,5000,Flats,2,2,140,Used,FALSE,Semi-Furnished,5.6510376,-0.1354586,Adjiriganor,Greater Accra
27/06/2023,3000,Detached,5,3,100,Used,FALSE,Unfurnished,5.5572659,-2.302446,Shama Ahanta East Metropolitan,Western Region
23/05/2025,840,Flats,1,1,300,Used,FALSE,Unfurnished,5.6887241,-0.2270226,Ashomang Estate,Greater Accra
16/08/2023,4800,Flats,1,1,100,New,FALSE,Unfurnished,5.5459415,-0.2103988,Accra Metropolitan,Greater Accra
23/04/2023,1200,Flats,2,1,1000,New,FALSE,Unfurnished,5.5117764,-0.3348372,Weija,Greater Accra
25/09/2024,600,Flats,1,1,100,Used,FALSE,Unfurnished,5.8129581,-0.1179155,Oyibi,Greater Accra
9/5/2024,10500,Detached,3,3,100,New,FALSE,Unfurnished,5.612781,-0.234345,Achimota,Greater Accra
25/03/2023,6500,Detached,3,3,980,New,FALSE,Semi-Furnished,5.6358281,-0.1613592,East Legon,Greater Accra
9/12/2023,2000,Flats,1,1,5000,New,FALSE,Unfurnished,5.6376136,-0.1266064,Spintex,Greater Accra
4/7/2024,27000,Flats,3,3,100,New,FALSE,Furnished,6.6932173,-1.627507,Kumasi Metropolitan,Ashanti
10/12/2024,3000,Flats,2,3,65,New,FALSE,Unfurnished,5.6358281,-0.1613592,East Legon,Greater Accra
7/1/2025,700,Flats,1,1,70,Used,FALSE,Unfurnished,5.5344155,-0.4252737,Kasoa,Greater Accra
3/12/2024,1100,Flats,1,1,1283,New,FALSE,Unfurnished,5.5511744,-0.2526163,Ablekuma,Greater Accra
26/09/2024,10000,Detached,4,5,145,New,FALSE,Semi-Furnished,5.6358281,-0.1613592,East Legon,Greater Accra
28/11/2023,7000,Detached,3,3,986,New,FALSE,Semi-Furnished,5.6376136,-0.1266064,Spintex,Greater Accra
16/01/2025,42000,Detached,5,5,1000,Used,FALSE,Unfurnished,5.5682665,-0.1717396,Labone,Greater Accra
10/8/2024,50400,Townhouse,4,3,800,New,FALSE,Unfurnished,5.6061047,-0.1860362,Airport Residential Area,Greater Accra
25/11/2023,1600,Flats,1,1,44,New,FALSE,Unfurnished,5.6772176,-0.1251477,Ashaley Botwe,Greater Accra
15/06/2025,6000,Flats,3,2,1500,New,FALSE,Unfurnished,5.6495001,-0.2100343,West Legon,Greater Accra
29/07/2025,12000,Duplex,2,3,1888,Used,FALSE,Semi-Furnished,5.7767998,-0.181049,Oyarifa,Greater Accra
15/03/2025,3000,Detached,3,3,60,Used,FALSE,Semi-Furnished,5.5511744,-0.2526163,Ablekuma,Greater Accra
23/08/2025,1600,Flats,2,2,21,New,FALSE,Unfurnished,5.5666403,-0.3334778,Weija,Greater Accra
13/02/2024,10000,Detached,4,4,18,Renovated,FALSE,Unfurnished,5.6802129,-0.1372479,Ashaley Botwe,Greater Accra
26/03/2025,2550,Flats,2,2,35,New,FALSE,Semi-Furnished,5.6802129,-0.1372479,Ashaley Botwe,Greater Accra
21/12/2025,1200,Flats,1,1,11,New,FALSE,Unfurnished,5.5511744,-0.2526163,Ablekuma,Greater Accra
2/3/2023,15090,Duplex,4,5,121,New,FALSE,Unfurnished,5.6376136,-0.1266064,Spintex,Greater Accra
20/07/2023,4000,Detached,4,5,1000,Used,FALSE,Semi-Furnished,5.6376136,-0.1266064,Spintex,Greater Accra
16/05/2023,2800,Flats,2,2,100,New,FALSE,Unfurnished,5.7556353,-0.1738945,Oyarifa,Greater Accra
20/10/2025,2300,Flats,1,1,60,Used,FALSE,Unfurnished,5.5572854,-0.1824488,Osu,Greater Accra
20/10/2025,1400,Flats,2,2,100,New,FALSE,Unfurnished,5.5510647,-0.4408037,Awutu Senya East Municipal,Central Region
3/2/2025,2500,Flats,2,2,70,New,FALSE,Semi-Furnished,6.6932173,-1.627507,Kumasi Metropolitan,Ashanti
18/04/2024,12000,Detached,5,6,1323,New,FALSE,Unfurnished,5.7556353,-0.1738945,Oyarifa,Greater Accra
20/10/2025,4000,Flats,2,3,200,New,FALSE,Unfurnished,5.6694251,-0.203367,Haatso,Greater Accra
22/12/2024,26000,Detached,4,3,100,New,FALSE,Furnished,5.6358281,-0.1613592,East Legon,Greater Accra
8/2/2025,1500,Flats,2,2,13,Renovated,FALSE,Unfurnished,5.5831665,-0.1046082,Teshie,Greater Accra
8/9/2023,30000,Mansion,8,9,200,New,FALSE,Furnished,5.6376136,-0.1266064,Spintex,Greater Accra
21/10/2024,1500,Flats,3,2,125,Used,FALSE,Semi-Furnished,4.9015794,-1.7830973,Takoradi,Western Region
27/10/2024,3700,Flats,2,3,1500,Used,FALSE,Semi-Furnished,5.7213053,-0.1348997,Adenta,Greater Accra
15/01/2023,20000,Flats,4,4,700,Used,FALSE,Furnished,5.6087022,-0.2164185,Abelemkpe,Greater Accra
26/10/2025,2300,Flats,2,2,400,Used,FALSE,Unfurnished,5.8142836,0.0746767,Abokobi,Greater Accra
2/5/2025,2500,Flats,2,3,10,Used,FALSE,Unfurnished,5.6562651,-0.2338473,Dome,Greater Accra
3/8/2024,3500,Duplex,4,5,90,New,FALSE,Semi-Furnished,5.6563118,-0.0093266,Tema Metropolitan,Greater Accra
21/02/2025,700,Flats,1,1,321,New,FALSE,Unfurnished,5.700273,-0.302078,Pokuase,Greater Accra
26/07/2025,8000,Detached,3,2,214,Renovated,FALSE,Semi-Furnished,5.5459415,-0.2103988,Accra Metropolitan,Greater Accra
14/02/2024,17800,Flats,2,2,120,Used,FALSE,Furnished,5.6141232,-0.1956471,Dzorwulu,Greater Accra
19/09/2025,6500,Flats,3,4,123,New,FALSE,Unfurnished,5.6358281,-0.1613592,East Legon,Greater Accra
20/04/2023,1000,Flats,1,1,100,New,FALSE,Unfurnished,5.8129581,-0.1179155,Oyibi,Greater Accra
4/10/2023,8500,Detached,4,5,84,New,FALSE,Unfurnished,5.6358281,-0.1613592,East Legon,Greater Accra
22/08/2023,2500,Mansion,4,4,200,New,FALSE,Unfurnished,5.5510647,-0.4408037,Awutu Senya East Municipal,Central Region
10/11/2023,6000,Detached,6,4,1253,Used,FALSE,Unfurnished,5.6442137,-0.2480426,Tantra Hills,Greater Accra
28/02/2025,48000,Detached,4,5,70,New,FALSE,Unfurnished,5.6024006,-0.1951648,Roman Ridge,Greater Accra
13/09/2024,3500,Flats,2,3,986,New,FALSE,Semi-Furnished,5.6376136,-0.1266064,Spintex,Greater Accra
12/9/2023,650,Flats,1,1,15,Renovated,FALSE,Unfurnished,5.5831665,-0.1046082,Teshie,Greater Accra
6/2/2025,6000,Detached,4,4,100,Used,FALSE,Semi-Furnished,5.6563118,-0.0093266,Tema Metropolitan,Greater Accra
22/02/2023,6000,Flats,3,3,12,New,FALSE,Unfurnished,5.6358281,-0.1613592,East Legon,Greater Accra
6/4/2024,2000,Flats,1,1,40,Renovated,FALSE,Semi-Furnished,5.6274508,-0.0872742,Spintex,Greater Accra
8/3/2025,800,Flats,1,1,100,New,FALSE,Semi-Furnished,5.5510647,-0.4408037,Awutu Senya East Municipal,Central Region
10/6/2025,2500,Flats,1,2,13,Used,FALSE,Unfurnished,5.5862504,-0.1394584,Teshie,Greater Accra
9/7/2023,11300,Flats,2,3,145,Used,FALSE,Furnished,5.6358281,-0.1613592,East Legon,Greater Accra
21/01/2023,500,Flats,1,1,100,Used,FALSE,Unfurnished,6.6932173,-1.627507,Kumasi Metropolitan,Ashanti
23/04/2025,2000,Flats,1,1,990,New,FALSE,Unfurnished,5.6376136,-0.1266064,Spintex,Greater Accra
19/08/2025,3500,Flats,2,2,40,New,FALSE,Unfurnished,5.6731273,-0.1663851,Madina,Greater Accra
10/9/2023,5500,Flats,2,2,18,New,FALSE,Unfurnished,5.6802129,-0.1372479,Ashaley Botwe,Greater Accra
17/10/2023,1000,Flats,1,1,20,Renovated,FALSE,Semi-Furnished,5.6891815,-0.1271349,Ashaley Botwe,Greater Accra
6/6/2025,416,Flats,1,1,36,New,FALSE,Unfurnished,6.6932173,-1.627507,Kumasi Metropolitan,Ashanti
19/07/2023,17000,Detached,3,3,100,Used,FALSE,Unfurnished,5.6358281,-0.1613592,East Legon,Greater Accra
8/4/2025,1800,Flats,3,2,400,Used,FALSE,Unfurnished,6.6932173,-1.627507,Kumasi Metropolitan,Ashanti
19/02/2023,2200,Detached,3,2,23,Used,FALSE,Unfurnished,5.5773983,-0.3136781,Gbawe,Greater Accra
4/12/2024,1800,Flats,3,3,14,Used,FALSE,Unfurnished,9.4109994,-0.7152749,Tamale Municipal,Northern Region
13/06/2025,2000,Flats,2,2,700,New,FALSE,Semi-Furnished,5.7252259,-0.1549277,Adenta,Greater Accra
10/12/2025,19600,Detached,4,5,100,Used,FALSE,Unfurnished,5.6061047,-0.1860362,Airport Residential Area,Greater Accra
8/5/2025,3000,Flats,3,4,3000,Used,FALSE,Unfurnished,5.7141674,-0.15418,Adenta,Greater Accra
18/12/2025,2100,Flats,3,3,700,New,FALSE,Unfurnished,5.8129581,-0.1179155,Oyibi,Greater Accra
8/3/2023,1600,Flats,2,1,100,Renovated,FALSE,Unfurnished,5.8142836,0.0746767,Nungua,Greater Accra
11/4/2024,11500,Detached,6,7,100,Renovated,FALSE,Furnished,5.5642788,-0.297229,McCarthy Hill,Greater Accra
25/01/2024,1200,Flats,1,1,12,Used,FALSE,Unfurnished,5.6887241,-0.2270226,Ashomang Estate,Greater Accra
8/9/2024,900,Flats,1,1,246,Used,FALSE,Unfurnished,5.7141674,-0.15418,Adenta,Greater Accra
1/8/2023,1000,Flats,2,3,15,Used,FALSE,Unfurnished,5.5344155,-0.4252737,Kasoa,Greater Accra
18/08/2023,17423,Flats,2,3,140,New,FALSE,Semi-Furnished,5.5459415,-0.2103988,Accra Metropolitan,Greater Accra
19/03/2025,1800,Flats,2,3,999,Used,FALSE,Unfurnished,5.5666385,-0.3334578,Weija,Greater Accra
28/01/2023,800,Flats,1,1,15,Used,FALSE,Unfurnished,5.5831665,-0.1046082,Teshie,Greater Accra
5/4/2024,700,Detached,1,1,16,Used,FALSE,Semi-Furnished,5.5831665,-0.1046082,Teshie,Greater Accra
22/02/2025,4000,Detached,5,3,15,Used,FALSE,Semi-Furnished,5.6563118,-0.0093266,Tema Metropolitan,Greater Accra
7/12/2025,2800,Flats,1,1,30,Used,FALSE,Furnished,5.6844172,-0.2537157,Ga West Municipal,Greater Accra
22/06/2024,3000,Flats,2,3,150,Used,FALSE,Semi-Furnished,5.7141674,-0.15418,Adenta,Greater Accra
1/7/2025,29100,Detached,3,2,100,New,FALSE,Unfurnished,5.5794797,-0.1706227,Cantonments,Greater Accra
3/10/2024,57600,Townhouse,2,2,180,New,FALSE,Unfurnished,5.6358281,-0.1613592,East Legon,Greater Accra
25/05/2025,19800,Flats,3,3,300,Used,FALSE,Furnished,5.5570305,-0.1762717,Osu,Greater Accra
4/11/2023,14929,Flats,2,2,145,Used,FALSE,Furnished,5.6358281,-0.1613592,East Legon,Greater Accra
10/4/2025,2500,Flats,3,3,80,New,FALSE,Semi-Furnished,6.6932173,-1.627507,Kumasi Metropolitan,Ashanti
3/2/2023,11200,Detached,3,2,100,Used,FALSE,Unfurnished,5.5862973,-0.2419606,Kaneshie,Greater Accra
2/10/2024,900,Flats,2,2,200,Used,FALSE,Unfurnished,5.5344155,-0.4252737,Kasoa,Greater Accra
7/11/2024,1500,Duplex,3,2,200,New,FALSE,Unfurnished,5.5344155,-0.4252737,Kasoa,Greater Accra
25/04/2025,2500,Flats,2,1,300,Used,FALSE,Unfurnished,5.5459415,-0.2103988,Accra Metropolitan,Greater Accra
19/10/2025,58000,Detached,4,5,100,Used,FALSE,Furnished,5.6358281,-0.1613592,East Legon,Greater Accra
11/3/2024,18450,Flats,1,1,100,New,FALSE,Furnished,5.6358281,-0.1613592,East Legon,Greater Accra
30/06/2023,12000,Duplex,4,5,159,New,FALSE,Semi-Furnished,5.6510376,-0.1354586,Adjiriganor,Greater Accra
4/11/2024,3000,Flats,2,2,50,New,FALSE,Unfurnished,5.6087022,-0.2164185,Abelemkpe,Greater Accra
5/4/2025,1300,Flats,1,1,986,Used,FALSE,Unfurnished,5.6376136,-0.1266064,Spintex,Greater Accra
19/08/2023,7060,Flats,1,1,79,New,FALSE,Furnished,5.6376136,-0.1266064,Spintex,Greater Accra
1/1/2023,6000,Detached,3,3,309,Used,FALSE,Semi-Furnished,5.5459415,-0.2103988,Accra Metropolitan,Greater Accra
20/04/2023,35000,Detached,4,4,255,Used,FALSE,Unfurnished,5.6358281,-0.1613592,East Legon,Greater Accra
11/9/2024,40500,Mansion,5,5,500,New,FALSE,Unfurnished,5.6376136,-0.1266064,Spintex,Greater Accra
22/11/2024,8500,Detached,4,4,111,Used,FALSE,Unfurnished,5.7672084,-0.1799344,Oyarifa,Greater Accra
25/01/2025,8400,Flats,2,3,5000,New,FALSE,Semi-Furnished,5.6061047,-0.1860362,Airport Residential Area,Greater Accra
26/08/2024,3500,Flats,2,2,70,Renovated,FALSE,Semi-Furnished,5.6418074,-0.2279838,Dome,Greater Accra
20/08/2025,1300,Flats,1,1,80,Used,FALSE,Semi-Furnished,5.6563118,-0.0093266,Tema Metropolitan,Greater Accra
4/2/2024,3000,Flats,2,2,200,New,FALSE,Unfurnished,5.6802129,-0.1372479,Ashaley Botwe,Greater Accra
10/12/2023,2500,Flats,2,3,80,Used,FALSE,Unfurnished,5.5459415,-0.2103988,Accra Metropolitan,Greater Accra
18/08/2025,7049,Detached,4,5,152,Used,FALSE,Unfurnished,5.6563118,-0.0093266,Tema Metropolitan,Greater Accra
23/02/2025,6000,Detached,4,4,75,New,FALSE,Unfurnished,5.6887241,-0.2270226,Ashomang Estate,Greater Accra
25/06/2025,1200,Flats,1,3,500,Used,FALSE,Semi-Furnished,5.5459415,-0.2103988,Accra Metropolitan,Greater Accra
4/4/2023,6000,Flats,2,2,100,New,FALSE,Unfurnished,5.6358281,-0.1613592,East Legon,Greater Accra
4/11/2023,1500,Flats,2,2,600,New,FALSE,Unfurnished,5.5511744,-0.2526163,Ablekuma,Greater Accra
1/6/2023,1500,Flats,2,2,500,Used,FALSE,Unfurnished,5.6822385,-0.1658675,Madina,Greater Accra
21/11/2023,4000,Flats,2,2,145,New,FALSE,Semi-Furnished,5.6358281,-0.1613592,East Legon,Greater Accra
19/07/2025,20000,Flats,2,2,200,Used,FALSE,Furnished,5.5459415,-0.2103988,Accra Metropolitan,Greater Accra
10/9/2025,2800,Flats,3,3,500,Used,FALSE,Semi-Furnished,5.6802129,-0.1372479,Ashaley Botwe,Greater Accra
1/2/2023,48000,Flats,2,3,2222,Used,FALSE,Furnished,5.6358281,-0.1613592,East Legon,Greater Accra
14/11/2024,3000,Flats,3,2,100,Used,FALSE,Semi-Furnished,5.7141674,-0.15418,Adenta,Greater Accra
18/01/2023,3500,Detached,3,4,100,Used,FALSE,Unfurnished,5.7141674,-0.15418,Adenta,Greater Accra
17/08/2025,2000,Flats,2,3,100,New,FALSE,Semi-Furnished,6.6932173,-1.627507,Kumasi Metropolitan,Ashanti
11/10/2024,2500,Flats,2,3,100,New,FALSE,Unfurnished,5.7556353,-0.1738945,Oyarifa,Greater Accra
5/10/2024,4000,Flats,2,3,12,Used,FALSE,Unfurnished,5.5459415,-0.2103988,Accra Metropolitan,Greater Accra
16/05/2023,3500,Flats,2,3,1112,New,FALSE,Unfurnished,5.6274508,-0.0872742,Spintex,Greater Accra
7/12/2025,15000,Duplex,3,3,100,New,FALSE,Semi-Furnished,5.6510376,-0.1354586,Adjiriganor,Greater Accra
23/12/2023,2000,Flats,2,2,100,New,FALSE,Unfurnished,5.5464341,-0.3102637,Weija,Greater Accra
16/01/2024,1200,Flats,1,1,19,Used,FALSE,Unfurnished,5.7141674,-0.15418,Adenta,Greater Accra
3/12/2025,50000,Townhouse,3,4,190,New,FALSE,Semi-Furnished,5.6061047,-0.1860362,Airport Residential Area,Greater Accra
24/07/2024,3500,Flats,2,3,250,New,FALSE,Unfurnished,5.7023611,-0.2069455,Old Ashomang,Greater Accra
22/09/2023,15000,Flats,4,3,885,Used,FALSE,Semi-Furnished,5.6358281,-0.1613592,East Legon,Greater Accra
29/03/2023,7000,Detached,4,4,300,New,FALSE,Semi-Furnished,5.6983581,-0.2150873,Ga East Municipal,Greater Accra
25/08/2024,700,Flats,1,1,90,New,FALSE,Semi-Furnished,6.6932173,-1.627507,Kumasi Metropolitan,Ashanti
29/10/2024,7800,Flats,4,4,100,Used,FALSE,Unfurnished,5.6358281,-0.1613592,East Legon,Greater Accra
5/4/2024,33264,Detached,4,5,150,Used,FALSE,Semi-Furnished,5.6358281,-0.1613592,East Legon,Greater Accra
18/02/2024,46890,Flats,4,3,70,Renovated,FALSE,Unfurnished,5.5459415,-0.2103988,Accra Metropolitan,Greater Accra
13/05/2025,6500,Flats,2,2,969,New,FALSE,Unfurnished,5.5862504,-0.1394584,Teshie,Greater Accra
18/12/2024,1600,Flats,2,3,150,New,FALSE,Unfurnished,5.6563118,-0.0093266,Tema Metropolitan,Greater Accra
20/05/2025,12000,Detached,10,5,15,New,FALSE,Semi-Furnished,6.6932173,-1.627507,Kumasi Metropolitan,Ashanti
1/9/2024,4000,Flats,2,3,10,New,FALSE,Unfurnished,5.6358281,-0.1613592,East Legon,Greater Accra
21/09/2025,15000,Flats,2,2,200,New,FALSE,Furnished,5.6358281,-0.1613592,East Legon,Greater Accra
10/7/2023,20160,Detached,4,4,100,New,FALSE,Semi-Furnished,5.6061047,-0.1860362,Airport Residential Area,Greater Accra
16/04/2025,15000,Flats,2,3,58,New,FALSE,Furnished,5.6495001,-0.2100343,West Legon,Greater Accra
10/9/2025,4500,Flats,2,2,80,Used,FALSE,Semi-Furnished,5.6358281,-0.1613592,East Legon,Greater Accra
25/04/2025,12000,Duplex,5,3,18,Used,FALSE,Unfurnished,5.6510376,-0.1354586,Adjiriganor,Greater Accra
1/2/2025,7000,Detached,4,4,371,New,FALSE,Semi-Furnished,5.7556353,-0.1738945,Oyarifa,Greater Accra
11/2/2023,44000,Detached,10,10,900,Used,FALSE,Semi-Furnished,5.7088147,-0.3560076,Ga West Municipal,Greater Accra
22/01/2025,1200,Flats,2,1,1200,Used,FALSE,Semi-Furnished,5.5117764,-0.3348372,Weija,Greater Accra
29/05/2023,1700,Flats,1,1,550,New,FALSE,Unfurnished,5.7141674,-0.15418,Adenta,Greater Accra
21/01/2023,1500,Detached,2,3,200,New,FALSE,Unfurnished,5.5510647,-0.4408037,Awutu Senya East Municipal,Central Region
18/04/2023,15558,Detached,4,4,140,Used,FALSE,Semi-Furnished,5.6510376,-0.1354586,Adjiriganor,Greater Accra
12/2/2024,1000,Flats,1,1,256,Used,FALSE,Unfurnished,5.7141674,-0.15418,Adenta,Greater Accra
28/10/2025,19000,Mansion,5,6,80,Used,FALSE,Semi-Furnished,5.6358281,-0.1613592,East Legon,Greater Accra
15/11/2023,13000,Duplex,4,5,4999,New,FALSE,Semi-Furnished,5.6376136,-0.1266064,Spintex,Greater Accra
4/4/2023,3500,Flats,3,3,150,New,FALSE,Unfurnished,5.7141674,-0.15418,Adenta,Greater Accra
8/6/2024,5000,Flats,3,4,250,New,FALSE,Semi-Furnished,5.6694251,-0.203367,Haatso,Greater Accra
24/01/2025,4500,Flats,2,3,100,New,FALSE,Semi-Furnished,5.6358281,-0.1613592,East Legon,Greater Accra
29/06/2024,15000,Detached,3,3,897,Used,FALSE,Unfurnished,5.6274508,-0.0872742,Spintex,Greater Accra
25/06/2025,7000,Detached,3,4,5000,New,FALSE,Unfurnished,5.6376136,-0.1266064,Spintex,Greater Accra
7/3/2024,15000,Detached,6,5,80,Used,FALSE,Unfurnished,5.6061047,-0.1860362,Airport Residential Area,Greater Accra
22/10/2023,5000,Detached,3,4,150,New,FALSE,Semi-Furnished,5.7556353,-0.1738945,Oyarifa,Greater Accra
16/07/2023,3000,Flats,2,2,75,New,FALSE,Unfurnished,5.612781,-0.234345,Achimota,Greater Accra
22/05/2025,750,Flats,2,2,36,Used,FALSE,Unfurnished,6.6932173,-1.627507,Kumasi Metropolitan,Ashanti
20/04/2024,33553,Detached,4,4,100,Used,FALSE,Unfurnished,5.5459415,-0.2103988,Accra Metropolitan,Greater Accra
4/8/2024,2500,Flats,4,3,15,New,FALSE,Unfurnished,5.5911585,-0.0938933,Nungua,Greater Accra
27/11/2024,4000,Flats,3,3,100,New,FALSE,Semi-Furnished,5.6619606,-0.1290806,Adjiriganor,Greater Accra
30/04/2023,1000,Flats,2,2,14,Used,FALSE,Unfurnished,6.6932173,-1.627507,Kumasi Metropolitan,Ashanti
9/6/2024,4000,Flats,4,5,1334,New,FALSE,Unfurnished,5.5459415,-0.2103988,Accra Metropolitan,Greater Accra
1/9/2025,4500,Detached,4,2,20,Renovated,FALSE,Unfurnished,5.8142836,0.0746767,Ledzokuku-Krowor,Greater Accra
12/1/2023,650,Flats,1,1,120,New,FALSE,Semi-Furnished,5.6887241,-0.2270226,Ashomang Estate,Greater Accra
10/5/2023,4000,Flats,2,2,240,New,FALSE,Unfurnished,6.6932173,-1.627507,Kumasi Metropolitan,Ashanti
24/02/2025,1300,Flats,2,1,14,Used,FALSE,Unfurnished,5.5831665,-0.1046082,Teshie,Greater Accra
8/5/2023,450,Flats,1,1,20,Used,FALSE,Unfurnished,5.5511744,-0.2526163,Ablekuma,Greater Accra
9/2/2023,4000,Detached,5,2,190,Used,FALSE,Unfurnished,5.5891351,-0.0989092,Teshie,Greater Accra
29/03/2025,13570,Duplex,4,4,801,New,FALSE,Semi-Furnished,5.6141232,-0.1956471,Dworwulu,Greater Accra
21/06/2023,1000,Flats,1,1,50,New,FALSE,Furnished,9.4109994,-0.7152749,Tamale Municipal,Northern Region
12/6/2025,5000,Flats,3,3,150,Used,FALSE,Semi-Furnished,5.6418074,-0.2279838,Dome,Greater Accra
7/6/2025,2000,Detached,2,2,604,New,FALSE,Semi-Furnished,5.5459415,-0.2103988,Accra Metropolitan,Greater Accra
9/3/2024,700,Flats,2,1,50,Used,FALSE,Unfurnished,9.4109994,-0.7152749,Tamale Municipal,Northern Region
29/09/2023,11000,Detached,4,4,900,New,FALSE,Semi-Furnished,5.7556353,-0.1738945,Oyarifa,Greater Accra
15/09/2024,2000,Flats,1,1,104,New,FALSE,Unfurnished,5.7556353,-0.1738945,Oyarifa,Greater Accra
24/02/2024,1500,Flats,1,1,12,New,FALSE,Semi-Furnished,5.5862504,-0.1394584,Teshie,Greater Accra
1/8/2023,2500,Flats,1,1,250,New,FALSE,Semi-Furnished,5.5459415,-0.2103988,Accra Metropolitan,Greater Accra
19/02/2024,2500,Flats,2,2,350,New,FALSE,Unfurnished,5.6802129,-0.1372479,Ashaley Botwe,Greater Accra
17/04/2023,2500,Flats,3,2,14,New,FALSE,Semi-Furnished,6.6932173,-1.627507,Kumasi Metropolitan,Ashanti
31/03/2025,20000,Flats,2,3,100,New,FALSE,Furnished,5.6358281,-0.1613592,East Legon,Greater Accra
5/9/2023,6000,Detached,3,3,778,Used,FALSE,Semi-Furnished,5.6802129,-0.1372479,Ashaley Botwe,Greater Accra
29/06/2024,9500,Mansion,3,4,4999,New,FALSE,Semi-Furnished,5.6376136,-0.1266064,Spintex,Greater Accra
18/12/2023,1500,Flats,1,1,17,New,FALSE,Semi-Furnished,5.5831665,-0.1046082,Teshie,Greater Accra
14/10/2024,2500,Detached,2,1,5000,Used,FALSE,Unfurnished,5.6376136,-0.1266064,Spintex,Greater Accra
18/03/2023,2500,Flats,2,1,16,New,FALSE,Unfurnished,5.5831665,-0.1046082,Teshie,Greater Accra
8/2/2025,1200,Flats,2,1,14,Used,FALSE,Unfurnished,5.8142836,0.0746767,Ledzokuku-Krowor,Greater Accra
11/9/2023,41300,Detached,4,4,230,Renovated,FALSE,Unfurnished,5.6358281,-0.1613592,East Legon,Greater Accra
1/4/2025,10000,Detached,3,3,800,New,FALSE,Semi-Furnished,5.6510376,-0.1354586,Adjiriganor,Greater Accra
2/12/2024,10000,Detached,4,3,20,Used,FALSE,Unfurnished,5.6562651,-0.2338473,Dome,Greater Accra
3/12/2024,6000,Detached,3,3,1200,New,FALSE,Furnished,5.5459415,-0.2103988,Accra Metropolitan,Greater Accra
20/09/2024,3500,Flats,2,2,190,New,FALSE,Unfurnished,5.7141674,-0.15418,Adenta,Greater Accra
15/04/2023,5000,Detached,3,2,4000,New,FALSE,Semi-Furnished,5.7556353,-0.1738945,Oyarifa,Greater Accra
8/12/2025,2200,Flats,2,3,700,New,FALSE,Unfurnished,5.8129581,-0.1179155,Oyibi,Greater Accra
5/9/2025,8000,Flats,2,2,900,Used,FALSE,Furnished,5.5862973,-0.2419606,Kaneshie,Greater Accra
3/4/2025,6500,Detached,5,4,100,Used,FALSE,Unfurnished,5.5773983,-0.3136781,Gbawe,Greater Accra
29/07/2025,6000,Detached,4,3,4999,Used,FALSE,Unfurnished,5.6376136,-0.1266064,Spintex,Greater Accra
27/09/2024,4000,Flats,3,2,100,New,FALSE,Unfurnished,5.5459415,-0.2103988,Accra Metropolitan,Greater Accra
26/11/2024,850,Flats,1,1,100,New,FALSE,Semi-Furnished,5.7880688,-0.129937,Adenta,Greater Accra
28/05/2024,5500,Detached,4,4,100,New,FALSE,Semi-Furnished,5.8097719,-0.0984019,Oyibi,Greater Accra
13/07/2024,800,Flats,1,1,15,New,FALSE,Unfurnished,5.5831665,-0.1046082,Teshie,Greater Accra
19/11/2023,2200,Flats,2,2,21,Used,FALSE,Unfurnished,5.5459415,-0.2103988,Accra Metropolitan,Greater Accra
18/07/2025,7000,Detached,4,4,100,New,FALSE,Semi-Furnished,5.6772176,-0.1251477,Ashaley Botwe,Greater Accra
20/10/2024,20000,Flats,2,2,800,New,FALSE,Furnished,5.6358281,-0.1613592,East Legon,Greater Accra
10/6/2023,2800,Flats,2,1,13,New,FALSE,Semi-Furnished,5.5831665,-0.1046082,Teshie,Greater Accra
14/10/2025,4500,Flats,2,2,600,Used,FALSE,Unfurnished,5.6358281,-0.1613592,East Legon,Greater Accra
25/07/2023,2500,Flats,3,2,50,Used,FALSE,Unfurnished,5.5511744,-0.2526163,Ablekuma,Greater Accra
18/03/2023,2500,Flats,2,3,200,New,FALSE,Semi-Furnished,5.7556353,-0.1738945,Oyarifa,Greater Accra
24/07/2025,800,Flats,1,1,100,New,FALSE,Unfurnished,5.8129581,-0.1179155,Oyibi,Greater Accra
1/7/2023,8584,Detached,4,3,111,Used,FALSE,Semi-Furnished,5.6376136,-0.1266064,Spintex,Greater Accra
20/11/2025,1000,Duplex,1,1,200,New,FALSE,Furnished,5.5510647,-0.4408037,Awutu Senya East Municipal,Central Region
2/12/2024,24154,Semi-Detached,3,3,100,Used,FALSE,Furnished,5.6439894,-0.1485298,East Legon,Greater Accra
30/08/2024,18900,Detached,4,5,239,New,FALSE,Unfurnished,5.6802129,-0.1372479,Ashaley Botwe,Greater Accra
27/02/2023,1100,Flats,2,2,100,New,FALSE,Unfurnished,5.5344155,-0.4252737,Kasoa,Greater Accra
23/12/2024,2500,Flats,2,3,852,Used,FALSE,Unfurnished,5.6376136,-0.1266064,Spintex,Greater Accra
2/4/2025,27000,Detached,6,7,1800,New,FALSE,Semi-Furnished,5.6057034,-0.2353967,Tesano,Greater Accra
25/05/2024,26473,Detached,4,4,150,New,FALSE,Semi-Furnished,5.6358281,-0.1613592,East Legon,Greater Accra
24/12/2025,8000,Flats,2,3,100,Used,FALSE,Furnished,5.6825806,-0.1916501,North Legon,Greater Accra
18/12/2024,1700,Flats,2,2,3888,Used,FALSE,Unfurnished,5.7062137,-0.3019281,Ga West Municipal,Greater Accra
11/8/2023,1700,Flats,2,2,20,New,FALSE,Unfurnished,5.5831665,-0.1046082,Teshie,Greater Accra
15/07/2023,550,Flats,1,1,70,Used,FALSE,Unfurnished,5.8142836,0.0746767,Nungua,Greater Accra
14/03/2024,1800,Flats,1,1,102,Used,FALSE,Unfurnished,5.7141674,-0.15418,Adenta,Greater Accra
26/09/2024,7000,Flats,1,1,200,New,FALSE,Furnished,5.6376136,-0.1266064,Spintex,Greater Accra
19/05/2025,550,Flats,1,1,50,Used,FALSE,Unfurnished,5.7088147,-0.3560076,Ga West Municipal,Greater Accra
11/7/2023,2000,Flats,2,1,4999,Used,FALSE,Unfurnished,5.6376136,-0.1266064,Spintex,Greater Accra
29/08/2024,600,Flats,1,1,180,Used,FALSE,Semi-Furnished,5.7088147,-0.3560076,Ga West Municipal,Greater Accra
24/06/2024,700,Flats,1,1,222,Used,FALSE,Semi-Furnished,5.5344155,-0.4252737,Kasoa,Greater Accra
28/04/2025,24000,Detached,3,3,16,New,FALSE,Unfurnished,5.6358281,-0.1613592,East Legon,Greater Accra
14/07/2024,1700,Flats,2,2,602,New,FALSE,Semi-Furnished,5.5459415,-0.2103988,Accra Metropolitan,Greater Accra
3/11/2025,700,Flats,1,1,36,Used,FALSE,Unfurnished,6.6932173,-1.627507,Kumasi Metropolitan,Ashanti
31/07/2024,1800,Flats,1,2,500,New,FALSE,Unfurnished,5.5831665,-0.1046082,Teshie,Greater Accra
24/09/2023,3500,Flats,3,3,170,New,FALSE,Unfurnished,5.7141674,-0.15418,Adenta,Greater Accra
17/03/2023,2500,Flats,2,2,100,New,FALSE,Unfurnished,5.7141674,-0.15418,Adenta,Greater Accra
7/4/2025,7500,Duplex,3,3,524,New,FALSE,Semi-Furnished,5.612781,-0.234345,Achimota,Greater Accra
17/01/2024,7500,Detached,3,2,4999,Used,FALSE,Furnished,5.6376136,-0.1266064,Spintex,Greater Accra
14/05/2025,1000,Flats,1,1,231,Used,FALSE,Unfurnished,5.5831665,-0.1046082,Teshie,Greater Accra
25/02/2025,2500,Detached,4,3,100,Renovated,FALSE,Unfurnished,9.4109994,-0.7152749,Tamale Municipal,Northern Region
18/04/2025,5000,Detached,2,2,550,New,FALSE,Unfurnished,5.7672084,-0.1799344,Oyarifa,Greater Accra
31/03/2025,1500,Flats,2,2,250,Used,FALSE,Unfurnished,5.7141674,-0.15418,Adenta,Greater Accra
28/10/2024,1500,Flats,1,1,100,New,FALSE,Unfurnished,5.6376136,-0.1266064,Spintex,Greater Accra
21/10/2025,2600,Flats,4,4,100,Used,FALSE,Unfurnished,5.5866078,-0.2772644,Awoshie,Greater Accra
17/01/2024,3500,Flats,3,4,4999,Used,FALSE,Semi-Furnished,5.6376136,-0.1266064,Spintex,Greater Accra
31/03/2023,6000,Duplex,1,2,400,New,FALSE,Semi-Furnished,5.5513273,-0.3298248,Weija,Greater Accra
12/1/2023,1200,Flats,2,1,100,Used,FALSE,Unfurnished,5.7088147,-0.3560076,Ga West Municipal,Greater Accra
22/06/2025,15000,Flats,2,2,145,Used,FALSE,Furnished,5.6358281,-0.1613592,East Legon,Greater Accra
3/8/2024,850,Flats,1,1,986,Used,FALSE,Unfurnished,5.6376136,-0.1266064,Spintex,Greater Accra
4/11/2023,5000,Flats,2,3,145,New,FALSE,Semi-Furnished,5.6358281,-0.1613592,East Legon,Greater Accra
9/9/2025,6000,Flats,2,3,743,New,FALSE,Furnished,5.8142836,0.0746767,Sowutwuom,Greater Accra
8/11/2024,2500,Flats,2,2,20,New,FALSE,Unfurnished,5.6634097,-0.2653998,Ofankor,Greater Accra
19/10/2025,2200,Flats,2,2,20,New,FALSE,Semi-Furnished,5.8142836,0.0746767,Ledzokuku-Krowor,Greater Accra
20/11/2024,13700,Flats,3,3,245,Used,FALSE,Unfurnished,5.6358281,-0.1613592,East Legon,Greater Accra
9/6/2023,1500,Flats,2,3,70,New,FALSE,Unfurnished,5.6563118,-0.0093266,Tema Metropolitan,Greater Accra
3/2/2025,7000,Townhouse,3,3,800,Used,FALSE,Unfurnished,5.7556353,-0.1738945,Oyarifa,Greater Accra
25/10/2023,38000,Detached,4,5,399,Used,FALSE,Furnished,5.6495001,-0.2100343,West Legon,Greater Accra
25/02/2023,2000,Detached,2,2,300,Used,FALSE,Semi-Furnished,5.7141674,-0.15418,Adenta,Greater Accra
17/03/2023,1700,Flats,2,1,80,New,FALSE,Unfurnished,5.7023611,-0.2069455,Old Ashomang,Greater Accra
25/04/2024,3000,Flats,1,1,18,New,FALSE,Unfurnished,5.6802129,-0.1372479,Ashaley Botwe,Greater Accra
5/11/2024,20000,Detached,4,5,100,Used,FALSE,Semi-Furnished,5.6495001,-0.2100343,West Legon,Greater Accra
13/11/2023,5000,Detached,3,4,650,Used,FALSE,Unfurnished,5.6376136,-0.1266064,Spintex,Greater Accra
22/10/2024,2300,Flats,3,3,600,Used,FALSE,Unfurnished,5.7141674,-0.15418,Adenta,Greater Accra
20/12/2025,2500,Flats,2,3,100,Used,FALSE,Unfurnished,5.7141674,-0.15418,Adenta,Greater Accra
23/01/2023,3500,Detached,5,5,178,Used,FALSE,Unfurnished,5.7088147,-0.3560076,Ga West Municipal,Greater Accra
22/09/2024,850,Flats,1,1,17,Renovated,FALSE,Unfurnished,5.5831665,-0.1046082,Teshie,Greater Accra
4/2/2024,1400,Flats,1,1,725,Used,FALSE,Unfurnished,5.7556353,-0.1738945,Oyarifa,Greater Accra
19/01/2025,2000,Flats,1,2,4989,New,FALSE,Semi-Furnished,5.6376136,-0.1266064,Spintex,Greater Accra
25/09/2023,700,Detached,1,1,978,New,FALSE,Furnished,5.6802129,-0.1372479,Ashaley Botwe,Greater Accra
3/4/2025,1500,Flats,1,1,50,New,FALSE,Unfurnished,5.6802129,-0.1372479,Ashaley Botwe,Greater Accra
9/1/2024,21600,Flats,2,2,200,Used,FALSE,Unfurnished,5.5767652,-0.1784836,Cantonments,Greater Accra
24/01/2024,900,Flats,1,1,19,Used,FALSE,Unfurnished,5.7141674,-0.15418,Adenta,Greater Accra
5/2/2023,26000,Flats,2,3,1224,New,FALSE,Furnished,5.64174,-0.1517108,East Legon,Greater Accra
29/08/2023,8500,Flats,2,2,250,New,FALSE,Furnished,5.7141674,-0.15418,Adenta,Greater Accra
27/06/2023,1300,Flats,1,1,13,Used,FALSE,Unfurnished,5.5831665,-0.1046082,Teshie,Greater Accra
30/05/2023,34000,Flats,4,4,100,New,FALSE,Semi-Furnished,5.6358281,-0.1613592,East Legon,Greater Accra
8/10/2025,3000,Flats,3,3,1500,Used,FALSE,Semi-Furnished,5.7556353,-0.1738945,Oyarifa,Greater Accra
16/01/2025,600,Flats,1,1,100,New,FALSE,Unfurnished,5.5666403,-0.3334778,Weija,Greater Accra
30/05/2025,3500,Flats,2,2,1000,New,FALSE,Unfurnished,5.6439894,-0.1485298,East Legon,Greater Accra
1/12/2025,1300,Flats,1,1,1000,New,FALSE,Unfurnished,5.6358281,-0.1613592,East Legon,Greater Accra
20/04/2024,18000,Detached,2,3,700,Used,FALSE,Furnished,5.5862973,-0.2419606,Kaneshie,Greater Accra
6/6/2025,1500,Flats,1,1,985,Used,FALSE,Semi-Furnished,5.6376136,-0.1266064,Spintex,Greater Accra
10/4/2023,2500,Duplex,2,3,200,New,FALSE,Semi-Furnished,5.5344155,-0.4252737,Kasoa,Greater Accra
15/06/2023,3500,Flats,1,1,100,Used,FALSE,Semi-Furnished,5.6562651,-0.2338473,Dome,Greater Accra
14/10/2025,1000,Detached,1,1,17,Used,FALSE,Semi-Furnished,5.8142836,0.0746767,Ledzokuku-Krowor,Greater Accra
7/8/2023,600,Flats,1,1,5000,New,FALSE,Unfurnished,5.6376136,-0.1266064,Spintex,Greater Accra
10/11/2025,1000,Flats,1,1,100,Used,FALSE,Unfurnished,5.7141674,-0.15418,Adenta,Greater Accra
12/10/2024,5000,Detached,3,4,300,Used,FALSE,Semi-Furnished,5.6563118,-0.0093266,Tema Metropolitan,Greater Accra
24/05/2025,30299,Flats,2,2,145,New,FALSE,Furnished,5.6358281,-0.1613592,East Legon,Greater Accra
17/03/2023,12800,Duplex,4,4,18,New,FALSE,Unfurnished,5.6358281,-0.1613592,East Legon,Greater Accra
22/07/2023,27000,Detached,3,2,18,Used,FALSE,Furnished,5.6510376,-0.1354586,Adjiriganor,Greater Accra
19/08/2025,1600,Flats,1,1,700,New,FALSE,Unfurnished,5.5427477,-0.2565425,Dansoman,Greater Accra
13/01/2025,30073,Detached,7,7,150,Used,FALSE,Semi-Furnished,5.6358281,-0.1613592,East Legon,Greater Accra
20/07/2023,22000,Flats,1,2,111,New,FALSE,Furnished,5.6358281,-0.1613592,East Legon,Greater Accra
22/02/2024,2000,Flats,2,2,250,Used,FALSE,Unfurnished,5.7556353,-0.1738945,Oyarifa,Greater Accra
1/1/2024,3500,Flats,2,2,145,New,FALSE,Semi-Furnished,5.6802129,-0.1372479,Ashaley Botwe,Greater Accra
14/12/2023,3500,Flats,2,2,840,Used,FALSE,Semi-Furnished,5.6510376,-0.1354586,Adjiriganor,Greater Accra
2/7/2023,850,Flats,1,1,986,New,FALSE,Unfurnished,5.6376136,-0.1266064,Spintex,Greater Accra
11/7/2025,3000,Flats,2,2,500,Used,FALSE,Unfurnished,5.6772176,-0.1251477,Ashaley Botwe,Greater Accra
20/05/2023,2000,Detached,4,2,14,New,FALSE,Semi-Furnished,6.6932173,-1.627507,Kumasi Metropolitan,Ashanti
23/09/2025,2200,Flats,2,3,40,Used,FALSE,Unfurnished,5.6887241,-0.2270226,Ashomang Estate,Greater Accra
31/10/2025,2200,Flats,3,3,350,Used,FALSE,Unfurnished,5.7213053,-0.1348997,Adenta,Greater Accra
26/12/2025,800,Flats,1,1,11,New,FALSE,Unfurnished,5.5427477,-0.2565425,Dansoman,Greater Accra
20/10/2024,1200,Flats,2,2,455,Used,FALSE,Semi-Furnished,5.7062137,-0.3019281,Ga West Municipal,Greater Accra
25/10/2023,2000,Flats,2,3,800,New,FALSE,Unfurnished,5.6529542,-0.2170221,Dome,Greater Accra
12/11/2023,5000,Flats,2,2,450,Used,FALSE,Semi-Furnished,5.6358281,-0.1613592,East Legon,Greater Accra
8/2/2025,1200,Flats,1,1,1000,New,FALSE,Unfurnished,5.6825806,-0.1916501,North Legon,Greater Accra
24/09/2025,9800,Detached,3,4,100,New,FALSE,Semi-Furnished,5.6619606,-0.1290806,Adjiriganor,Greater Accra
19/08/2025,10000,Detached,3,2,745,Used,FALSE,Furnished,5.5958462,-0.1518394,Burma Camp,Greater Accra
24/01/2025,3000,Flats,3,3,15,New,FALSE,Semi-Furnished,5.7088147,-0.3560076,Ga West Municipal,Greater Accra
18/01/2024,1800,Flats,3,3,100,Used,FALSE,Unfurnished,5.5511744,-0.2526163,Ablekuma,Greater Accra
11/6/2023,6100,Detached,3,4,873,Used,FALSE,Semi-Furnished,5.6802129,-0.1372479,Ashaley Botwe,Greater Accra
1/2/2023,39000,Detached,4,4,100,New,FALSE,Unfurnished,5.6061047,-0.1860362,Airport Residential Area,Greater Accra
1/9/2025,14950,Detached,4,4,100,Used,FALSE,Unfurnished,5.6358281,-0.1613592,East Legon,Greater Accra
26/02/2023,760,Flats,1,1,23,New,FALSE,Semi-Furnished,5.6974123,-0.1821067,Adenta,Greater Accra
15/05/2023,5500,Flats,2,2,350,New,FALSE,Unfurnished,5.5862504,-0.1394584,Teshie,Greater Accra
11/1/2023,7000,Flats,2,1,30,New,FALSE,Furnished,5.7556353,-0.1738945,Oyarifa,Greater Accra
25/02/2024,900,Flats,2,2,90,New,FALSE,Unfurnished,6.6932173,-1.627507,Kumasi Metropolitan,Ashanti
7/7/2024,46800,Detached,4,3,260,New,FALSE,Unfurnished,5.6358281,-0.1613592,East Legon,Greater Accra
4/6/2025,4500,Detached,3,3,220,Used,FALSE,Unfurnished,5.6563118,-0.0093266,Tema Metropolitan,Greater Accra
28/12/2024,4500,Detached,3,2,425,Renovated,FALSE,Unfurnished,5.6376136,-0.1266064,Spintex,Greater Accra
19/09/2024,1800,Flats,2,3,105,Used,FALSE,Unfurnished,5.7141674,-0.15418,Adenta,Greater Accra
26/04/2024,14044,Detached,4,4,140,New,FALSE,Semi-Furnished,5.6358281,-0.1613592,East Legon,Greater Accra
28/01/2023,1800,Flats,2,2,800,Used,FALSE,Unfurnished,5.5937587,-0.2690565,Kwashieman,Greater Accra
26/10/2024,1700,Flats,2,1,4998,Used,FALSE,Unfurnished,5.6376136,-0.1266064,Spintex,Greater Accra
21/02/2024,6000,Detached,3,3,150,Used,FALSE,Semi-Furnished,5.6358281,-0.1613592,East Legon,Greater Accra
4/12/2025,900,Flats,1,1,2222,New,FALSE,Unfurnished,5.8142836,0.0746767,Abokobi,Greater Accra
26/12/2025,3500,Flats,3,3,134,Used,FALSE,Semi-Furnished,5.7088147,-0.3560076,Ga West Municipal,Greater Accra
18/02/2024,2500,Detached,3,2,60,New,FALSE,Semi-Furnished,5.7062137,-0.3019281,Ga West Municipal,Greater Accra
24/11/2025,3000,Flats,2,3,5000,New,FALSE,Unfurnished,5.6376136,-0.1266064,Spintex,Greater Accra
4/2/2025,12000,Detached,4,5,540,New,FALSE,Unfurnished,5.6563118,-0.0093266,Tema Metropolitan,Greater Accra
3/6/2024,5000,Flats,1,2,300,Used,FALSE,Furnished,5.6802129,-0.1372479,Ashaley Botwe,Greater Accra
3/2/2024,4500,Flats,3,4,100,New,FALSE,Semi-Furnished,5.5459415,-0.2103988,Accra Metropolitan,Greater Accra
8/6/2023,8000,Flats,2,2,100,New,FALSE,Unfurnished,5.6376136,-0.1266064,Spintex,Greater Accra
8/9/2023,10337,Flats,3,4,145,Used,FALSE,Semi-Furnished,5.6358281,-0.1613592,East Legon,Greater Accra
2/7/2023,1200,Flats,1,1,15,Renovated,FALSE,Unfurnished,5.8142836,0.0746767,Ledzokuku-Krowor,Greater Accra
14/10/2023,3000,Flats,2,3,10,New,FALSE,Unfurnished,5.7141674,-0.15418,Adenta,Greater Accra
27/11/2023,4500,Detached,3,3,70,Used,FALSE,Unfurnished,5.612781,-0.234345,Achimota,Greater Accra
19/10/2025,1000,Detached,1,1,25,Renovated,FALSE,Semi-Furnished,5.6772176,-0.1251477,Ashaley Botwe,Greater Accra
14/07/2024,3000,Flats,2,2,25,Used,FALSE,Unfurnished,5.6802129,-0.1372479,Ashaley Botwe,Greater Accra
19/10/2024,1800,Flats,3,2,1000,Used,FALSE,Unfurnished,5.7213053,-0.1348997,Adenta,Greater Accra
28/05/2023,22807,Flats,2,3,145,Used,FALSE,Furnished,5.5459415,-0.2103988,Accra Metropolitan,Greater Accra
2/5/2024,22500,Flats,2,2,350,Used,FALSE,Furnished,5.6141232,-0.1956471,Dzorwulu,Greater Accra
6/8/2023,3500,Flats,1,1,969,New,FALSE,Semi-Furnished,5.5666385,-0.3334578,Weija,Greater Accra
19/11/2025,8001,Flats,2,2,45,New,FALSE,Semi-Furnished,5.5862973,-0.2419606,Kaneshie,Greater Accra
4/10/2024,10000,Detached,4,5,100,New,FALSE,Unfurnished,5.5773983,-0.3136781,Gbawe,Greater Accra
20/08/2023,37000,Flats,2,3,222,New,FALSE,Furnished,5.6358281,-0.1613592,East Legon,Greater Accra
20/06/2023,600,Flats,1,1,100,Used,FALSE,Unfurnished,5.5344155,-0.4252737,Kasoa,Greater Accra
1/8/2023,3000,Flats,1,1,1500,New,FALSE,Semi-Furnished,5.6802129,-0.1372479,Ashaley Botwe,Greater Accra
24/11/2023,40000,Flats,2,2,100,Used,FALSE,Furnished,5.6358281,-0.1613592,East Legon,Greater Accra
1/6/2023,6000,Detached,3,2,200,Used,FALSE,Unfurnished,5.6495001,-0.2100343,West Legon,Greater Accra
3/2/2025,12000,Flats,2,2,980,Used,FALSE,Furnished,5.6376136,-0.1266064,Spintex,Greater Accra
26/06/2023,2500,Flats,2,2,3000,New,FALSE,Unfurnished,5.6802129,-0.1372479,Ashaley Botwe,Greater Accra
28/11/2024,8000,Detached,6,5,1258,New,TRUE,Semi-Furnished,5.5958462,-0.1518394,Burma Camp,Greater Accra
16/12/2024,3500,Detached,3,3,50,Used,FALSE,Semi-Furnished,5.4762359,-0.4209277,Gomoa East,Central Region
15/11/2023,1200,Flats,2,1,19,New,FALSE,Semi-Furnished,6.1313988,-0.3183792,New-Juaben Municipal,Eastern Region
23/08/2023,750,Flats,2,1,50,Used,FALSE,Unfurnished,9.4109994,-0.7152749,Tamale Municipal,Northern Region
5/10/2025,1100,Flats,1,1,100,New,FALSE,Unfurnished,5.7141674,-0.15418,Adenta,Greater Accra
22/08/2024,30000,Flats,4,3,744,Used,FALSE,Furnished,5.6358281,-0.1613592,East Legon,Greater Accra
4/1/2023,2000,Flats,2,1,1000,New,FALSE,Unfurnished,5.6095075,-0.2507539,Lapaz,Greater Accra
22/09/2025,1500,Flats,3,3,50,New,FALSE,Unfurnished,9.4109994,-0.7152749,Tamale Municipal,Northern Region
24/03/2023,5500,Detached,3,2,645,New,FALSE,Unfurnished,5.8511836,-0.1729106,Akuapim South,Eastern Region
6/8/2023,2800,Flats,1,2,1253,New,FALSE,Unfurnished,5.6562651,-0.2338473,Dome,Greater Accra
23/03/2023,8500,Flats,1,1,60,New,FALSE,Furnished,5.7556353,-0.1738945,Oyarifa,Greater Accra
18/06/2023,35000,Townhouse,3,3,169,New,FALSE,Furnished,5.6141232,-0.1956471,Dzorwulu,Greater Accra
2/6/2024,3000,Flats,2,2,12,New,FALSE,Unfurnished,5.6619606,-0.1290806,Adjiriganor,Greater Accra
21/10/2025,4500,Flats,2,1,111,Used,FALSE,Unfurnished,5.5831665,-0.1046082,Teshie,Greater Accra
25/07/2024,2000,Flats,3,2,100,New,FALSE,Semi-Furnished,5.8142836,0.0746767,Abokobi,Greater Accra
6/8/2025,22500,Detached,4,4,786,Used,FALSE,Unfurnished,5.6312394,-0.1422768,Spintex,Greater Accra
26/04/2024,700,Flats,1,1,16,Used,FALSE,Unfurnished,5.6138503,-0.2961481,Anyaa,Greater Accra
30/03/2023,1500,Flats,1,1,50,Renovated,FALSE,Semi-Furnished,5.6358281,-0.1613592,East Legon,Greater Accra
22/07/2023,4000,Flats,2,2,300,New,FALSE,Semi-Furnished,5.6358281,-0.1613592,East Legon,Greater Accra
4/9/2023,1300,Flats,1,1,120,Used,FALSE,Semi-Furnished,5.6887241,-0.2270226,Ashomang Estate,Greater Accra
2/2/2025,1500,Flats,1,1,16,Used,FALSE,Unfurnished,5.5831665,-0.1046082,Teshie,Greater Accra
26/12/2023,1400,Flats,2,2,80,Used,FALSE,Unfurnished,5.6844172,-0.2537157,Ga West Municipal,Greater Accra
18/11/2024,1800,Flats,2,2,4999,Used,FALSE,Unfurnished,5.6376136,-0.1266064,Spintex,Greater Accra
19/10/2023,3500,Flats,3,4,200,Used,FALSE,Unfurnished,5.6335731,-0.2367557,Achimota,Greater Accra
25/04/2023,4500,Detached,3,2,1080,Used,FALSE,Unfurnished,5.6335731,-0.2367557,Achimota,Greater Accra
26/12/2025,1000,Flats,1,1,55,New,FALSE,Semi-Furnished,5.5511744,-0.2526163,Ablekuma,Greater Accra
5/5/2023,6000,Flats,3,3,450,New,FALSE,Unfurnished,5.6358281,-0.1613592,East Legon,Greater Accra
23/03/2023,6800,Flats,2,3,900,Used,FALSE,Semi-Furnished,5.5459415,-0.2103988,Accra Metropolitan,Greater Accra
2/9/2023,2000,Flats,1,1,55,New,FALSE,Unfurnished,5.6802129,-0.1372479,Ashaley Botwe,Greater Accra
14/09/2023,5200,Flats,3,3,220,Used,FALSE,Unfurnished,5.6825806,-0.1916501,North Legon,Greater Accra
25/02/2024,1400,Flats,1,1,986,Used,FALSE,Unfurnished,5.6376136,-0.1266064,Spintex,Greater Accra
24/01/2024,1000,Flats,2,2,600,Used,FALSE,Unfurnished,5.7141674,-0.15418,Adenta,Greater Accra
25/12/2025,1500,Flats,1,1,1000,New,FALSE,Semi-Furnished,5.8142836,0.0746767,Nungua,Greater Accra
23/07/2025,2500,Flats,2,3,800,Used,FALSE,Unfurnished,5.6529542,-0.2170221,Dome,Greater Accra
18/11/2025,2000,Flats,2,2,30,New,FALSE,Semi-Furnished,5.5666385,-0.3334578,Weija,Greater Accra
11/6/2023,2500,Flats,2,2,120,New,FALSE,Semi-Furnished,5.6887241,-0.2270226,Ashomang Estate,Greater Accra
11/5/2023,2500,Flats,2,2,805,Used,FALSE,Unfurnished,5.6358281,-0.1613592,East Legon,Greater Accra
20/04/2024,3000,Flats,3,3,600,Used,FALSE,Unfurnished,5.7141674,-0.15418,Adenta,Greater Accra
27/09/2023,6000,Flats,2,2,300,Used,FALSE,Unfurnished,5.5682665,-0.1717396,Labone,Greater Accra
14/05/2025,1400,Flats,1,1,40,Renovated,FALSE,Semi-Furnished,5.6358281,-0.1613592,East Legon,Greater Accra
18/06/2023,3000,Semi-Detached,4,4,30,Used,FALSE,Semi-Furnished,6.6932173,-1.627507,Kumasi Metropolitan,Ashanti
20/04/2023,4000,Detached,3,3,20,Used,FALSE,Unfurnished,5.5831665,-0.1046082,Teshie,Greater Accra
5/2/2024,4000,Duplex,6,5,120,Used,FALSE,Unfurnished,9.4109994,-0.7152749,Tamale Municipal,Northern Region
14/11/2023,5200,Detached,2,3,100,New,FALSE,Unfurnished,5.6772176,-0.1251477,Ashaley Botwe,Greater Accra
16/04/2024,38400,Flats,2,2,1000,Used,FALSE,Furnished,5.6376136,-0.1266064,Spintex,Greater Accra
22/08/2023,1500,Flats,2,1,1000,Used,FALSE,Unfurnished,5.5866078,-0.2772644,Awoshie,Greater Accra
1/7/2025,57500,Detached,5,7,990,Used,FALSE,Furnished,5.6061047,-0.1860362,Airport Residential Area,Greater Accra
15/11/2024,5200,Flats,3,3,225,Used,FALSE,Unfurnished,5.6825806,-0.1916501,North Legon,Greater Accra
31/12/2025,6000,Flats,2,3,345,New,FALSE,Semi-Furnished,5.6661517,-0.1582766,Madina,Greater Accra
13/08/2024,1500,Flats,1,1,156,Used,FALSE,Unfurnished,5.7141674,-0.15418,Adenta,Greater Accra
28/04/2023,26000,Flats,2,2,15,New,FALSE,Furnished,5.6510376,-0.1354586,Adjiriganor,Greater Accra
23/08/2024,2500,Flats,3,3,400,Used,FALSE,Semi-Furnished,6.6932173,-1.627507,Kumasi Metropolitan,Ashanti
2/4/2025,1700,Flats,2,1,200,Used,FALSE,Furnished,5.6983581,-0.2150873,Ga East Municipal,Greater Accra
20/07/2025,6000,Detached,3,2,1000,New,FALSE,Unfurnished,5.6495001,-0.2100343,West Legon,Greater Accra
3/8/2023,6000,Flats,2,3,160,New,FALSE,Semi-Furnished,5.6619606,-0.1290806,Adjiriganor,Greater Accra
6/2/2025,1200,Flats,2,1,960,Used,FALSE,Semi-Furnished,5.5117764,-0.3348372,Weija,Greater Accra
30/11/2024,3500,Flats,1,1,100,Used,FALSE,Furnished,5.7023611,-0.2069455,Old Ashomang,Greater Accra
13/03/2024,1200,Flats,1,1,1000,New,FALSE,Unfurnished,5.7141674,-0.15418,Adenta,Greater Accra
16/02/2024,1800,Flats,2,3,700,Renovated,FALSE,Unfurnished,5.6376136,-0.1266064,Spintex,Greater Accra
3/2/2023,3500,Flats,3,3,4000,New,FALSE,Unfurnished,5.6887241,-0.2270226,Ashomang Estate,Greater Accra
12/1/2023,3000,Detached,6,2,100,Used,FALSE,Unfurnished,4.9015794,-1.7830973,Takoradi,Western Region
29/11/2024,2000,Flats,2,2,16,New,FALSE,Unfurnished,5.5862504,-0.1394584,Teshie,Greater Accra
4/8/2024,20000,Duplex,4,4,1000,New,FALSE,Furnished,5.6358281,-0.1613592,East Legon,Greater Accra
9/10/2023,15000,Detached,5,5,100,Used,FALSE,Unfurnished,5.5459415,-0.2103988,Accra Metropolitan,Greater Accra
18/03/2024,5000,Flats,5,3,900,Used,FALSE,Unfurnished,5.612781,-0.234345,Achimota,Greater Accra
28/05/2025,2500,Flats,2,2,70,Used,FALSE,Semi-Furnished,5.7767998,-0.181049,Oyarifa,Greater Accra
13/10/2024,1900,Flats,1,1,50,Used,FALSE,Unfurnished,5.6358281,-0.1613592,East Legon,Greater Accra
26/12/2024,2000,Flats,2,2,250,Used,FALSE,Furnished,5.6731273,-0.1663851,Madina,Greater Accra
23/03/2025,12000,Flats,3,4,900,New,FALSE,Semi-Furnished,5.5459415,-0.2103988,Accra Metropolitan,Greater Accra
17/10/2024,3000,Flats,2,3,100,New,FALSE,Unfurnished,5.7141674,-0.15418,Adenta,Greater Accra
5/8/2025,2100,Detached,3,4,100,New,FALSE,Semi-Furnished,5.5344155,-0.4252737,Kasoa,Greater Accra
21/06/2023,600,Duplex,1,1,200,New,FALSE,Unfurnished,5.5510647,-0.4408037,Awutu Senya East Municipal,Central Region
8/3/2023,1200,Flats,1,1,200,Used,FALSE,Unfurnished,5.7252259,-0.1549277,Adenta,Greater Accra
18/07/2023,1500,Flats,1,1,150,Used,FALSE,Unfurnished,5.6802129,-0.1372479,Ashaley Botwe,Greater Accra
3/4/2023,9600,Flats,2,3,45,New,FALSE,Unfurnished,5.6358281,-0.1613592,East Legon,Greater Accra
12/5/2025,9100,Flats,2,3,1000,New,FALSE,Unfurnished,5.6358281,-0.1613592,East Legon,Greater Accra
30/09/2023,800,Flats,3,3,3333,New,FALSE,Semi-Furnished,5.7141674,-0.15418,Adenta,Greater Accra
19/09/2023,800,Flats,1,1,1111,New,FALSE,Unfurnished,5.7141674,-0.15418,Adenta,Greater Accra
11/5/2025,4500,Flats,3,3,124,New,FALSE,Unfurnished,5.7088147,-0.3560076,Ga West Municipal,Greater Accra
30/10/2024,16000,Detached,5,5,100,Used,FALSE,Semi-Furnished,5.6694251,-0.203367,Haatso,Greater Accra
18/08/2024,4500,Detached,3,3,12,New,FALSE,Unfurnished,5.6510376,-0.1354586,Adjiriganor,Greater Accra
30/12/2024,38500,Detached,3,4,986,New,FALSE,Semi-Furnished,5.5459415,-0.2103988,Accra Metropolitan,Greater Accra
29/05/2024,2000,Flats,1,1,100,Used,FALSE,Semi-Furnished,6.6932173,-1.627507,Kumasi Metropolitan,Ashanti
13/12/2025,6000,Flats,2,1,100,Used,FALSE,Furnished,5.6562651,-0.2338473,Dome,Greater Accra
13/05/2024,5000,Flats,1,1,34,Used,FALSE,Furnished,5.6495001,-0.2100343,West Legon,Greater Accra
26/12/2025,1200,Flats,1,1,200,Used,FALSE,Unfurnished,5.6802129,-0.1372479,Ashaley Botwe,Greater Accra
31/01/2023,6000,Flats,6,6,100,Used,FALSE,Unfurnished,5.6149107,-0.0484066,Tema Metropolitan,Greater Accra
15/02/2023,2200,Flats,2,2,15,New,FALSE,Unfurnished,5.5831665,-0.1046082,Teshie,Greater Accra
26/01/2025,2000,Flats,2,2,908,New,FALSE,Semi-Furnished,5.5459415,-0.2103988,Accra Metropolitan,Greater Accra
1/4/2024,2000,Flats,3,2,100,Used,FALSE,Semi-Furnished,5.7023611,-0.2069455,Old Ashomang,Greater Accra
18/09/2023,4500,Flats,2,2,16,New,FALSE,Unfurnished,5.5831665,-0.1046082,Teshie,Greater Accra
25/01/2023,15000,Flats,2,2,80,New,FALSE,Furnished,5.6825806,-0.1916501,North Legon,Greater Accra
23/05/2024,15951,Detached,4,4,121,Used,FALSE,Unfurnished,5.622277,-0.125897,Spintex,Greater Accra
29/03/2024,1400,Flats,2,2,150,New,FALSE,Semi-Furnished,5.6563118,-0.0093266,Tema Metropolitan,Greater Accra
23/05/2024,11800,Detached,5,5,100,Used,FALSE,Unfurnished,5.6510376,-0.1354586,Adjiriganor,Greater Accra
4/9/2023,1000,Detached,1,1,12,Renovated,FALSE,Semi-Furnished,5.5427477,-0.2565425,Dansoman,Greater Accra
7/5/2023,5000,Detached,2,2,983,Used,FALSE,Semi-Furnished,5.6802129,-0.1372479,Ashaley Botwe,Greater Accra
25/06/2025,7000,Detached,4,3,150,Used,FALSE,Semi-Furnished,5.6358281,-0.1613592,East Legon,Greater Accra
6/8/2024,7600,Flats,2,3,800,New,FALSE,Semi-Furnished,5.6141232,-0.1956471,Dzorwulu,Greater Accra
15/01/2024,1500,Flats,2,2,21,New,FALSE,Unfurnished,5.5666403,-0.3334778,Weija,Greater Accra
17/04/2024,9000,Detached,4,4,1300,Used,FALSE,Unfurnished,5.6563118,-0.0093266,Tema Metropolitan,Greater Accra
5/1/2023,3500,Detached,3,2,80,New,FALSE,Unfurnished,5.7023611,-0.2069455,Old Ashomang,Greater Accra
28/10/2024,1500,Flats,3,4,100,New,FALSE,Semi-Furnished,6.6932173,-1.627507,Kumasi Metropolitan,Ashanti
10/2/2024,4500,Detached,3,3,980,Used,FALSE,Unfurnished,5.6376136,-0.1266064,Spintex,Greater Accra
4/8/2023,6500,Flats,2,2,100,New,FALSE,Furnished,5.6663422,-0.2522717,Taifa-Burkina,Greater Accra
3/11/2024,4000,Flats,2,3,200,New,FALSE,Unfurnished,5.6510376,-0.1354586,Adjiriganor,Greater Accra
23/08/2025,2500,Flats,2,2,16,New,FALSE,Unfurnished,5.7062137,-0.3019281,Ga West Municipal,Greater Accra
1/9/2023,750,Flats,1,1,4999,Used,FALSE,Unfurnished,5.6376136,-0.1266064,Spintex,Greater Accra
29/09/2025,7800,Flats,2,3,900,New,FALSE,Unfurnished,5.5459415,-0.2103988,Accra Metropolitan,Greater Accra
26/06/2025,1200,Flats,1,1,500,New,FALSE,Unfurnished,5.5511744,-0.2526163,Ablekuma,Greater Accra
5/1/2023,5000,Detached,4,5,16,Used,FALSE,Semi-Furnished,5.5831665,-0.1046082,Teshie,Greater Accra
18/11/2025,25000,Detached,4,5,121,Used,FALSE,Unfurnished,5.6061047,-0.1860362,Airport Residential Area,Greater Accra
9/2/2024,22800,Detached,4,5,100,New,FALSE,Unfurnished,5.6061047,-0.1860362,Airport Residential Area,Greater Accra
9/5/2023,20400,Detached,3,3,800,Used,FALSE,Unfurnished,5.6439894,-0.1485298,East Legon,Greater Accra
24/03/2025,5000,Flats,2,2,845,Used,FALSE,Semi-Furnished,5.6510376,-0.1354586,Adjiriganor,Greater Accra
2/5/2024,800,Flats,1,1,100,New,FALSE,Semi-Furnished,5.5344155,-0.4252737,Kasoa,Greater Accra
28/03/2024,5000,Flats,1,2,1000,New,FALSE,Furnished,5.612781,-0.234345,Achimota,Greater Accra
4/1/2024,900,Flats,1,1,266,New,FALSE,Unfurnished,5.5459415,-0.2103988,Accra Metropolitan,Greater Accra
20/08/2023,3500,Flats,3,3,100,Used,FALSE,Unfurnished,5.5459415,-0.2103988,Accra Metropolitan,Greater Accra
25/06/2024,2600,Detached,3,2,23,Used,FALSE,Unfurnished,5.5344155,-0.4252737,Kasoa,Greater Accra
22/09/2023,48000,Detached,5,5,1000,New,FALSE,Unfurnished,5.6061047,-0.1860362,Airport Residential Area,Greater Accra
3/9/2025,49867,Detached,6,7,150,Used,FALSE,Semi-Furnished,5.6358281,-0.1613592,East Legon,Greater Accra
5/4/2025,4000,Flats,2,2,800,New,FALSE,Unfurnished,5.6095075,-0.2507539,Lapaz,Greater Accra
15/04/2025,1900,Semi-Detached,2,1,800,Used,FALSE,Semi-Furnished,5.7141674,-0.15418,Adenta,Greater Accra
11/12/2025,1500,Flats,2,1,14,Used,FALSE,Unfurnished,5.8142836,0.0746767,Ledzokuku-Krowor,Greater Accra
15/11/2025,13500,Duplex,4,5,584,New,FALSE,Semi-Furnished,5.6694251,-0.203367,Haatso,Greater Accra
21/05/2023,2000,Flats,1,1,1553,New,FALSE,Unfurnished,5.700273,-0.302078,Pokuase,Greater Accra
9/8/2023,3000,Flats,1,1,10,Used,FALSE,Unfurnished,5.5862504,-0.1394584,Teshie,Greater Accra
11/8/2023,4000,Flats,2,2,100,Renovated,FALSE,Semi-Furnished,5.6887241,-0.2270226,Ashomang Estate,Greater Accra
2/12/2025,6000,Duplex,3,4,18,Used,FALSE,Unfurnished,5.6358281,-0.1613592,East Legon,Greater Accra
25/09/2024,48000,Detached,4,4,350,New,FALSE,Semi-Furnished,5.6358281,-0.1613592,East Legon,Greater Accra
13/10/2025,13000,Duplex,3,4,130,New,FALSE,Semi-Furnished,5.6346309,-0.2214085,West Legon,Greater Accra
8/2/2025,17288,Flats,3,3,12,New,FALSE,Furnished,5.6439894,-0.1485298,East Legon,Greater Accra
1/4/2023,1350,Flats,2,2,250,New,FALSE,Unfurnished,5.5510647,-0.4408037,Awutu Senya East Municipal,Central Region
6/10/2024,1800,Flats,2,3,1253,Used,FALSE,Unfurnished,5.700273,-0.302078,Pokuase,Greater Accra
28/08/2025,5000,Flats,3,3,16,New,FALSE,Unfurnished,5.5427477,-0.2565425,Dansoman,Greater Accra
8/7/2025,7000,Flats,2,2,115,Renovated,FALSE,Furnished,5.6731273,-0.1663851,Madina,Greater Accra
15/05/2025,2500,Flats,3,2,580,Used,FALSE,Semi-Furnished,5.7213053,-0.1348997,Adenta,Greater Accra
16/04/2023,5000,Detached,3,4,2333,New,FALSE,Unfurnished,5.6274508,-0.0872742,Spintex,Greater Accra
2/5/2024,1500,Flats,2,2,100,New,FALSE,Unfurnished,6.6932173,-1.627507,Kumasi Metropolitan,Ashanti
2/5/2024,7000,Flats,3,3,80,Used,FALSE,Unfurnished,5.6495001,-0.2100343,West Legon,Greater Accra
25/09/2025,3000,Flats,2,2,50,New,FALSE,Unfurnished,5.5459415,-0.2103988,Accra Metropolitan,Greater Accra
17/05/2024,3500,Flats,2,3,807,Used,FALSE,Semi-Furnished,5.7141674,-0.15418,Adenta,Greater Accra
22/04/2023,2500,Flats,3,2,40,New,FALSE,Unfurnished,6.6932173,-1.627507,Kumasi Metropolitan,Ashanti
11/6/2024,2200,Flats,2,2,100,New,FALSE,Unfurnished,5.7141674,-0.15418,Adenta,Greater Accra
14/10/2024,6000,Flats,4,4,17,Renovated,FALSE,Semi-Furnished,5.5831665,-0.1046082,Teshie,Greater Accra
11/8/2023,6000,Flats,5,5,100,Used,FALSE,Unfurnished,5.6661517,-0.1582766,Madina,Greater Accra
26/09/2023,1000,Detached,3,2,200,New,FALSE,Unfurnished,5.5510647,-0.4408037,Awutu Senya East Municipal,Central Region
1/3/2023,800,Flats,1,1,16,Used,FALSE,Unfurnished,5.6634097,-0.2653998,Ofankor,Greater Accra
16/06/2024,700,Duplex,1,1,200,Used,FALSE,Unfurnished,5.5510647,-0.4408037,Awutu Senya East Municipal,Central Region
21/08/2024,9022,Detached,3,3,1110,Used,FALSE,Semi-Furnished,5.6376136,-0.1266064,Spintex,Greater Accra
25/07/2023,40000,Detached,6,4,600,Used,FALSE,Unfurnished,5.6141232,-0.1956471,Dzorwulu,Greater Accra
12/9/2023,2500,Flats,2,1,852,Used,FALSE,Unfurnished,5.6376136,-0.1266064,Spintex,Greater Accra
8/4/2024,4000,Flats,2,2,100,Used,FALSE,Unfurnished,5.6358281,-0.1613592,East Legon,Greater Accra
16/11/2024,23000,Townhouse,4,4,100,New,FALSE,Semi-Furnished,5.5862504,-0.1394584,Teshie,Greater Accra
18/07/2025,2100,Flats,2,1,500,Used,FALSE,Unfurnished,5.6376136,-0.1266064,Spintex,Greater Accra
1/4/2025,1800,Flats,1,1,35,New,FALSE,Unfurnished,5.7141674,-0.15418,Adenta,Greater Accra
22/05/2025,500,Flats,1,1,90,Used,FALSE,Unfurnished,5.5510647,-0.4408037,Awutu Senya East Municipal,Central Region
29/06/2023,13000,Flats,2,2,200,New,FALSE,Furnished,5.5572854,-0.1824488,Osu,Greater Accra
16/08/2023,13000,Townhouse,4,4,950,New,FALSE,Semi-Furnished,5.6358281,-0.1613592,East Legon,Greater Accra
19/06/2024,3500,Detached,4,4,253,New,FALSE,Unfurnished,5.7062137,-0.3019281,Ga West Municipal,Greater Accra
26/02/2023,4000,Flats,2,2,85,New,FALSE,Semi-Furnished,5.6358281,-0.1613592,East Legon,Greater Accra
18/06/2024,10900,Detached,2,2,100,New,FALSE,Semi-Furnished,5.612781,-0.234345,Achimota,Greater Accra
8/10/2025,34150,Flats,2,2,897,Used,FALSE,Furnished,5.5733139,-0.1778093,Cantonments,Greater Accra
24/06/2024,7805,Flats,2,3,45,New,FALSE,Semi-Furnished,5.5862973,-0.2419606,Kaneshie,Greater Accra
15/06/2024,2500,Flats,2,2,1000,New,FALSE,Unfurnished,5.6802129,-0.1372479,Ashaley Botwe,Greater Accra
9/9/2024,11000,Detached,2,3,100,Used,FALSE,Unfurnished,5.6358281,-0.1613592,East Legon,Greater Accra
5/3/2023,26400,Detached,4,5,100,New,FALSE,Unfurnished,5.6619606,-0.1290806,Adjiriganor,Greater Accra
11/5/2024,500,Flats,1,1,100,New,FALSE,Semi-Furnished,5.7088147,-0.3560076,Ga West Municipal,Greater Accra
30/04/2023,8500,Detached,2,2,800,Used,FALSE,Furnished,5.5937587,-0.2690565,Kwashieman,Greater Accra
26/03/2024,500,Flats,1,1,50,New,FALSE,Unfurnished,5.5344155,-0.4252737,Kasoa,Greater Accra
29/07/2025,8500,Detached,5,5,4999,Used,FALSE,Semi-Furnished,5.6376136,-0.1266064,Spintex,Greater Accra
24/05/2023,8500,Detached,4,4,100,Used,FALSE,Semi-Furnished,5.6825806,-0.1916501,North Legon,Greater Accra
24/11/2024,16000,Townhouse,3,3,247,New,FALSE,Semi-Furnished,5.7556353,-0.1738945,Oyarifa,Greater Accra
8/9/2023,3500,Flats,2,2,800,Used,FALSE,Unfurnished,5.6529542,-0.2170221,Dome,Greater Accra
13/04/2023,3500,Flats,2,3,5000,New,FALSE,Unfurnished,5.6376136,-0.1266064,Spintex,Greater Accra
10/9/2023,3000,Flats,3,2,700,New,FALSE,Semi-Furnished,5.6442137,-0.2480426,Tantra Hills,Greater Accra
4/10/2024,3800,Flats,3,3,600,New,FALSE,Unfurnished,5.6887241,-0.2270226,Ashomang Estate,Greater Accra
1/5/2023,1000,Flats,1,1,258,New,FALSE,Unfurnished,5.7141674,-0.15418,Adenta,Greater Accra
14/12/2025,1200,Flats,2,2,18,New,FALSE,Unfurnished,5.5510647,-0.4408037,Awutu Senya East Municipal,Central Region
27/02/2024,6500,Flats,3,4,200,New,FALSE,Unfurnished,5.6802129,-0.1372479,Ashaley Botwe,Greater Accra
24/06/2025,4000,Flats,3,3,999,Used,FALSE,Unfurnished,5.7556353,-0.1738945,Oyarifa,Greater Accra
25/02/2025,800,Flats,1,1,800,New,FALSE,Unfurnished,5.5937587,-0.2690565,Kwashieman,Greater Accra
14/03/2023,1200,Flats,1,1,16,Used,FALSE,Unfurnished,5.6376136,-0.1266064,Spintex,Greater Accra
3/11/2023,12000,Flats,2,3,133,New,FALSE,Unfurnished,5.5459415,-0.2103988,Accra Metropolitan,Greater Accra
29/08/2023,8000,Flats,2,3,10,New,FALSE,Unfurnished,5.6495001,-0.2100343,West Legon,Greater Accra
23/03/2024,20500,Detached,4,5,400,Used,FALSE,Semi-Furnished,5.6495001,-0.2100343,West Legon,Greater Accra
8/12/2023,3000,Flats,3,3,145,Used,FALSE,Semi-Furnished,5.5459415,-0.2103988,Accra Metropolitan,Greater Accra
21/01/2023,9000,Detached,4,5,150,Used,FALSE,Semi-Furnished,5.7141674,-0.15418,Adenta,Greater Accra
18/07/2025,2700,Detached,4,3,1253,New,FALSE,Unfurnished,5.5511744,-0.2526163,Ablekuma,Greater Accra
28/12/2024,15000,Detached,4,5,80,New,FALSE,Furnished,6.6932173,-1.627507,Kumasi Metropolitan,Ashanti
22/07/2024,11000,Detached,4,4,100,New,FALSE,Semi-Furnished,5.7141674,-0.15418,Adenta,Greater Accra
9/9/2024,14149,Detached,4,5,100,Used,FALSE,Semi-Furnished,5.6358281,-0.1613592,East Legon,Greater Accra
24/05/2023,22720,Flats,1,1,450,Used,FALSE,Furnished,5.6061047,-0.1860362,Airport Residential Area,Greater Accra
2/7/2023,2000,Flats,2,1,500,New,FALSE,Unfurnished,5.6731273,-0.1663851,Madina,Greater Accra
14/08/2023,28000,Flats,3,3,800,Used,FALSE,Furnished,5.6024006,-0.1951648,Roman Ridge,Greater Accra
28/09/2024,3000,Flats,1,1,30,Used,FALSE,Furnished,9.4109994,-0.7152749,Tamale Municipal,Northern Region
13/06/2025,18856,Detached,4,4,100,New,FALSE,Semi-Furnished,5.6619606,-0.1290806,Adjiriganor,Greater Accra
24/03/2023,13000,Detached,5,5,990,Used,FALSE,Semi-Furnished,5.6376136,-0.1266064,Spintex,Greater Accra
31/03/2023,5000,Flats,1,1,70,Used,FALSE,Furnished,5.6358281,-0.1613592,East Legon,Greater Accra
12/11/2024,2000,Flats,2,2,13,Renovated,FALSE,Semi-Furnished,5.5831665,-0.1046082,Teshie,Greater Accra
16/05/2023,10000,Flats,3,4,126,New,FALSE,Furnished,5.6061047,-0.1860362,Airport Residential Area,Greater Accra
31/12/2023,20000,Semi-Detached,3,3,50,Used,FALSE,Furnished,5.6439894,-0.1485298,East Legon,Greater Accra
20/09/2025,42000,Flats,3,3,800,Used,FALSE,Furnished,5.6061047,-0.1860362,Airport Residential Area,Greater Accra
30/05/2025,2500,Flats,2,3,4999,Used,FALSE,Unfurnished,5.6376136,-0.1266064,Spintex,Greater Accra
20/03/2024,23000,Detached,4,5,100,Used,FALSE,Unfurnished,5.5459415,-0.2103988,Accra Metropolitan,Greater Accra
7/6/2023,3000,Duplex,2,2,120,Used,FALSE,Semi-Furnished,5.7767998,-0.181049,Oyarifa,Greater Accra
1/5/2025,7000,Detached,3,5,100,Used,FALSE,Unfurnished,5.6825806,-0.1916501,North Legon,Greater Accra
23/07/2024,3000,Flats,2,3,5000,New,FALSE,Unfurnished,5.6563118,-0.0093266,Tema Metropolitan,Greater Accra
3/9/2025,1200,Flats,1,1,50,New,FALSE,Unfurnished,5.5511744,-0.2526163,Ablekuma,Greater Accra
7/9/2025,900,Flats,2,2,120,Used,FALSE,Semi-Furnished,5.6887241,-0.2270226,Ashomang Estate,Greater Accra
21/09/2024,6300,Flats,3,3,150,New,FALSE,Semi-Furnished,5.6418074,-0.2279838,Dome,Greater Accra
20/07/2023,7500,Flats,2,2,50,New,FALSE,Furnished,5.6529542,-0.2170221,Dome,Greater Accra
23/11/2025,5000,Flats,2,2,100,New,FALSE,Unfurnished,5.6802129,-0.1372479,Ashaley Botwe,Greater Accra
14/05/2025,1800,Flats,1,1,10,Used,FALSE,Unfurnished,5.612781,-0.234345,Achimota,Greater Accra
1/5/2024,1600,Flats,2,2,400,Used,FALSE,Unfurnished,5.7213053,-0.1348997,Adenta,Greater Accra
7/8/2025,2500,Flats,1,1,70,New,FALSE,Semi-Furnished,5.6358281,-0.1613592,East Legon,Greater Accra
11/7/2024,2300,Flats,2,3,123,New,FALSE,Unfurnished,5.6358281,-0.1613592,East Legon,Greater Accra
26/06/2024,700,Detached,1,1,12,Used,FALSE,Semi-Furnished,5.5427477,-0.2565425,Dansoman,Greater Accra
2/6/2025,3000,Flats,2,2,18,Used,FALSE,Unfurnished,5.6510376,-0.1354586,Adjiriganor,Greater Accra
4/9/2023,23000,Detached,4,4,80,Used,FALSE,Unfurnished,5.6358281,-0.1613592,East Legon,Greater Accra
1/2/2024,1900,Flats,2,2,145,Used,FALSE,Semi-Furnished,5.6887241,-0.2270226,Ashomang Estate,Greater Accra
5/1/2025,1500,Flats,2,2,30,New,FALSE,Unfurnished,4.9015794,-1.7830973,Takoradi,Western Region
24/04/2025,1400,Flats,2,2,70,Used,FALSE,Unfurnished,5.6563118,-0.0093266,Tema Metropolitan,Greater Accra
11/10/2025,3500,Flats,2,2,180,Used,FALSE,Unfurnished,5.6376136,-0.1266064,Spintex,Greater Accra
2/6/2023,7765,Flats,3,3,1253,Used,FALSE,Semi-Furnished,5.6442137,-0.2480426,Tantra Hills,Greater Accra
3/7/2024,51200,Flats,3,3,100,New,FALSE,Furnished,5.6061047,-0.1860362,Airport Residential Area,Greater Accra
3/11/2023,10000,Detached,3,3,100,Used,FALSE,Unfurnished,5.6510376,-0.1354586,Adjiriganor,Greater Accra
20/03/2024,700,Flats,1,1,15,Used,FALSE,Unfurnished,5.5831665,-0.1046082,Teshie,Greater Accra
15/01/2023,12000,Flats,2,2,200,New,FALSE,Furnished,5.6563118,-0.0093266,Tema Metropolitan,Greater Accra
7/3/2024,43502,Flats,3,3,3000,New,FALSE,Furnished,5.64174,-0.1517108,East Legon,Greater Accra
20/05/2023,11600,Detached,3,4,371,New,FALSE,Unfurnished,5.6358281,-0.1613592,East Legon,Greater Accra
16/03/2024,4800,Flats,1,1,80,Used,FALSE,Unfurnished,5.6376136,-0.1266064,Spintex,Greater Accra
12/7/2025,25945,Townhouse,3,4,145,New,FALSE,Semi-Furnished,5.6358281,-0.1613592,East Legon,Greater Accra
19/03/2024,55020,Detached,4,5,1200,Used,FALSE,Unfurnished,5.5572854,-0.1824488,Osu,Greater Accra
7/3/2023,5000,Detached,5,4,150,Used,FALSE,Semi-Furnished,5.6887241,-0.2270226,Ashomang Estate,Greater Accra
9/5/2024,15500,Duplex,3,3,900,New,FALSE,Unfurnished,5.612781,-0.234345,Achimota,Greater Accra
29/01/2024,14400,Flats,3,3,100,Used,FALSE,Unfurnished,5.6358281,-0.1613592,East Legon,Greater Accra
2/3/2024,1000,Flats,1,1,14,Used,FALSE,Unfurnished,5.5862504,-0.1394584,Teshie,Greater Accra
27/11/2023,2600,Detached,5,5,200,New,FALSE,Unfurnished,5.5510647,-0.4408037,Awutu Senya East Municipal,Central Region
28/03/2024,600,Flats,1,1,16,Used,FALSE,Unfurnished,5.5831665,-0.1046082,Teshie,Greater Accra
26/09/2024,4000,Flats,2,2,111,Used,FALSE,Semi-Furnished,5.5831665,-0.1046082,Teshie,Greater Accra
2/12/2024,21515,Detached,6,6,140,Used,FALSE,Unfurnished,5.6439894,-0.1485298,East Legon,Greater Accra
31/12/2024,4200,Flats,2,2,80,New,FALSE,Unfurnished,5.6358281,-0.1613592,East Legon,Greater Accra
19/03/2023,8000,Detached,3,4,2000,New,FALSE,Unfurnished,5.7141674,-0.15418,Adenta,Greater Accra
24/05/2023,40000,Detached,4,5,605,New,FALSE,Unfurnished,5.5459415,-0.2103988,Accra Metropolitan,Greater Accra
23/12/2023,800,Flats,1,1,368,New,FALSE,Unfurnished,5.5459415,-0.2103988,Accra Metropolitan,Greater Accra
17/01/2023,1500,Flats,1,1,40,Used,FALSE,Unfurnished,5.6376136,-0.1266064,Spintex,Greater Accra
7/2/2025,6000,Flats,2,2,100,New,FALSE,Unfurnished,5.6731273,-0.1663851,Madina,Greater Accra
20/12/2023,3000,Flats,3,2,18,Used,FALSE,Unfurnished,5.6510376,-0.1354586,Adjiriganor,Greater Accra
29/10/2024,650,Flats,1,1,17,Used,FALSE,Unfurnished,5.8142836,0.0746767,Ledzokuku-Krowor,Greater Accra
4/12/2023,2500,Flats,2,1,111,Used,FALSE,Semi-Furnished,5.6376136,-0.1266064,Spintex,Greater Accra
28/10/2024,2800,Flats,2,3,986,New,FALSE,Semi-Furnished,5.6376136,-0.1266064,Spintex,Greater Accra
1/4/2025,750,Flats,1,1,5000,Renovated,FALSE,Unfurnished,5.6376136,-0.1266064,Spintex,Greater Accra
4/8/2023,900,Duplex,2,2,200,Used,FALSE,Unfurnished,5.5510647,-0.4408037,Awutu Senya East Municipal,Central Region
14/02/2025,1800,Flats,2,1,50,New,FALSE,Unfurnished,5.6442137,-0.2480426,Tantra Hills,Greater Accra
1/2/2024,8200,Flats,2,3,120,Used,FALSE,Semi-Furnished,5.6358281,-0.1613592,East Legon,Greater Accra
11/9/2023,2000,Semi-Detached,2,2,90,New,FALSE,Unfurnished,6.6932173,-1.627507,Kumasi Metropolitan,Ashanti
1/5/2023,800,Detached,1,1,13,Used,FALSE,Unfurnished,5.5831665,-0.1046082,Teshie,Greater Accra
28/02/2024,10800,Duplex,3,3,120,Used,FALSE,Semi-Furnished,5.5862504,-0.1394584,Teshie,Greater Accra
13/09/2023,1500,Detached,1,1,13,New,FALSE,Unfurnished,5.5862504,-0.1394584,Teshie,Greater Accra
5/4/2023,1000,Flats,1,1,300,Used,FALSE,Unfurnished,5.6802129,-0.1372479,Ashaley Botwe,Greater Accra
5/9/2025,5500,Detached,3,4,600,Used,FALSE,Semi-Furnished,5.6376136,-0.1266064,Spintex,Greater Accra
1/8/2023,3500,Detached,3,4,80,New,FALSE,Semi-Furnished,5.6563118,-0.0093266,Tema Metropolitan,Greater Accra
29/11/2023,22000,Detached,10,10,140,Used,FALSE,Unfurnished,5.7141674,-0.15418,Adenta,Greater Accra
20/07/2025,9000,Detached,5,4,842,New,FALSE,Semi-Furnished,5.612781,-0.234345,Achimota,Greater Accra
13/10/2025,6500,Mansion,5,6,2000,New,FALSE,Semi-Furnished,5.6844172,-0.2537157,Ga West Municipal,Greater Accra
15/01/2024,700,Detached,1,1,24,Used,FALSE,Unfurnished,5.8142836,0.0746767,Ledzokuku-Krowor,Greater Accra
22/03/2023,1800,Flats,2,2,4999,Used,FALSE,Unfurnished,5.6376136,-0.1266064,Spintex,Greater Accra
6/1/2025,3500,Flats,2,2,212,New,FALSE,Semi-Furnished,5.6358281,-0.1613592,East Legon,Greater Accra
2/2/2024,5000,Flats,2,3,10,Used,FALSE,Unfurnished,5.6358281,-0.1613592,East Legon,Greater Accra
1/7/2025,16000,Flats,1,1,200,Used,FALSE,Furnished,5.6510376,-0.1354586,Adjiriganor,Greater Accra
5/4/2025,2300,Flats,2,3,5000,New,FALSE,Unfurnished,5.6376136,-0.1266064,Spintex,Greater Accra
18/07/2023,36250,Detached,5,6,100,New,FALSE,Unfurnished,5.6358281,-0.1613592,East Legon,Greater Accra
9/1/2023,550,Detached,1,1,14,Used,FALSE,Unfurnished,5.8142836,0.0746767,Ledzokuku-Krowor,Greater Accra
12/12/2025,2500,Detached,3,2,13,New,FALSE,Unfurnished,5.5831665,-0.1046082,Teshie,Greater Accra
6/5/2024,11200,Detached,3,3,371,Used,FALSE,Unfurnished,5.6358281,-0.1613592,East Legon,Greater Accra
21/08/2023,15000,Duplex,7,6,1280,Used,FALSE,Furnished,6.6932173,-1.627507,Kumasi Metropolitan,Ashanti
21/10/2024,8500,Detached,4,4,100,Used,FALSE,Unfurnished,5.6802129,-0.1372479,Ashaley Botwe,Greater Accra
27/12/2024,14000,Detached,4,4,100,New,FALSE,Unfurnished,5.6358281,-0.1613592,East Legon,Greater Accra
12/7/2024,3000,Flats,2,2,800,Used,FALSE,Unfurnished,5.6529542,-0.2170221,Dome,Greater Accra
5/8/2023,2500,Flats,2,2,800,New,FALSE,Unfurnished,5.6529542,-0.2170221,Dome,Greater Accra
3/11/2023,7155,Detached,3,2,800,Used,FALSE,Unfurnished,5.6086972,-0.2271274,Tesano,Greater Accra
11/8/2023,2500,Flats,1,1,100,Used,FALSE,Semi-Furnished,5.5862504,-0.1394584,Teshie,Greater Accra
12/11/2023,5500,Duplex,3,3,999,New,FALSE,Unfurnished,5.6844172,-0.2537157,Ga West Municipal,Greater Accra
13/07/2025,13000,Semi-Detached,3,3,1000,New,FALSE,Unfurnished,5.6220478,-0.2997482,Anyaa,Greater Accra
5/3/2023,1200,Flats,1,1,863,Used,FALSE,Unfurnished,5.6847539,-0.0379152,Ashaiman Municipal,Greater Accra
4/10/2023,2500,Flats,2,2,150,Used,FALSE,Semi-Furnished,5.7141674,-0.15418,Adenta,Greater Accra
23/11/2024,6000,Detached,3,4,1233,New,FALSE,Unfurnished,5.6274508,-0.0872742,Spintex,Greater Accra
2/7/2024,12600,Detached,3,3,400,New,FALSE,Furnished,5.6376136,-0.1266064,Spintex,Greater Accra
21/05/2023,42000,Duplex,5,6,3344,New,FALSE,Furnished,5.6274508,-0.0872742,Spintex,Greater Accra
26/05/2025,1500,Flats,1,1,50,Used,FALSE,Unfurnished,5.6825806,-0.1916501,North Legon,Greater Accra
9/8/2024,7000,Detached,3,2,258,New,FALSE,Unfurnished,5.7556353,-0.1738945,Oyarifa,Greater Accra
17/04/2024,500,Detached,1,1,18,Used,FALSE,Unfurnished,5.5866078,-0.2772644,Awoshie,Greater Accra
17/01/2023,2500,Flats,2,2,848,Used,FALSE,Semi-Furnished,5.6802129,-0.1372479,Ashaley Botwe,Greater Accra
28/05/2025,2700,Flats,2,2,100,Used,FALSE,Unfurnished,5.6510376,-0.1354586,Adjiriganor,Greater Accra
20/08/2023,8500,Flats,3,2,100,New,FALSE,Unfurnished,5.5459415,-0.2103988,Accra Metropolitan,Greater Accra
17/09/2023,3500,Flats,2,3,1283,Used,FALSE,Unfurnished,5.612781,-0.234345,Achimota,Greater Accra
23/02/2024,900,Flats,1,1,5000,New,FALSE,Unfurnished,5.6376136,-0.1266064,Spintex,Greater Accra
3/2/2023,1300,Flats,1,1,986,Used,FALSE,Unfurnished,5.6376136,-0.1266064,Spintex,Greater Accra
12/1/2024,3500,Flats,2,2,500,New,FALSE,Unfurnished,5.7556353,-0.1738945,Oyarifa,Greater Accra
12/2/2024,15000,Flats,2,3,100,Used,FALSE,Unfurnished,5.5862504,-0.1394584,Teshie,Greater Accra
7/6/2023,1500,Flats,2,3,18,New,FALSE,Semi-Furnished,5.5831665,-0.1046082,Teshie,Greater Accra
1/9/2024,5000,Flats,2,1,800,Used,FALSE,Unfurnished,5.6141232,-0.1956471,Dzorwulu,Greater Accra
13/09/2024,18600,Flats,3,2,90,New,FALSE,Semi-Furnished,5.6358281,-0.1613592,East Legon,Greater Accra
3/1/2024,800,Flats,1,1,21,Used,FALSE,Unfurnished,5.5773983,-0.3136781,Gbawe,Greater Accra
2/2/2025,1500,Flats,1,1,20,New,FALSE,Unfurnished,5.6335731,-0.2367557,Achimota,Greater Accra
20/11/2024,1300,Flats,1,1,853,Used,FALSE,Unfurnished,5.6376136,-0.1266064,Spintex,Greater Accra
29/09/2024,22275,Detached,5,6,111,New,FALSE,Unfurnished,5.6376136,-0.1266064,Spintex,Greater Accra
8/3/2023,4500,Detached,3,2,121,Used,FALSE,Unfurnished,5.6563118,-0.0093266,Tema Metropolitan,Greater Accra
1/7/2024,1200,Flats,1,1,100,New,FALSE,Unfurnished,5.5459415,-0.2103988,Accra Metropolitan,Greater Accra
7/5/2025,23325,Detached,5,5,140,Used,FALSE,Semi-Furnished,5.6510376,-0.1354586,Adjiriganor,Greater Accra
4/12/2025,3500,Flats,3,3,150,New,FALSE,Semi-Furnished,5.6563118,-0.0093266,Tema Metropolitan,Greater Accra
17/09/2024,19800,Detached,3,4,111,Used,FALSE,Unfurnished,5.6061047,-0.1860362,Airport Residential Area,Greater Accra
2/6/2024,30000,Duplex,4,5,200,New,FALSE,Furnished,5.6510376,-0.1354586,Adjiriganor,Greater Accra
12/5/2024,6000,Flats,2,1,1425,New,FALSE,Semi-Furnished,5.6358281,-0.1613592,East Legon,Greater Accra
4/6/2024,1800,Flats,2,1,450,Used,FALSE,Unfurnished,5.6376136,-0.1266064,Spintex,Greater Accra
22/03/2024,1250,Flats,1,1,867,New,FALSE,Semi-Furnished,5.6802129,-0.1372479,Ashaley Botwe,Greater Accra
26/02/2025,1200,Flats,1,1,250,Used,FALSE,Unfurnished,5.7141674,-0.15418,Adenta,Greater Accra
16/08/2025,10000,Detached,4,4,100,Used,FALSE,Unfurnished,5.6802129,-0.1372479,Ashaley Botwe,Greater Accra
13/07/2024,10800,Flats,3,4,200,New,FALSE,Unfurnished,5.6358281,-0.1613592,East Legon,Greater Accra
29/01/2023,16000,Detached,3,4,100,Used,FALSE,Furnished,5.6887241,-0.2270226,Ashomang Estate,Greater Accra
20/05/2024,2300,Flats,2,2,764,New,FALSE,Unfurnished,5.612781,-0.234345,Achimota,Greater Accra
11/5/2023,1600,Flats,2,1,17,Used,FALSE,Unfurnished,5.5911585,-0.0938933,Nungua,Greater Accra
13/07/2024,1000,Flats,1,1,1080,Used,FALSE,Unfurnished,5.6141232,-0.1956471,Dworwulu,Greater Accra
16/10/2025,1850,Flats,2,2,600,Used,FALSE,Unfurnished,5.6802129,-0.1372479,Ashaley Botwe,Greater Accra
5/9/2023,2500,Flats,3,2,1523,New,FALSE,Unfurnished,5.6634097,-0.2653998,Ofankor,Greater Accra
8/11/2023,3000,Flats,2,2,50,Used,FALSE,Unfurnished,5.6495001,-0.2100343,West Legon,Greater Accra
20/12/2024,5500,Detached,4,3,220,Used,FALSE,Unfurnished,5.6563118,-0.0093266,Tema Metropolitan,Greater Accra
20/11/2024,5000,Duplex,4,5,602,Used,FALSE,Unfurnished,5.5459415,-0.2103988,Accra Metropolitan,Greater Accra
16/09/2024,2500,Flats,2,3,350,New,FALSE,Semi-Furnished,5.7556353,-0.1738945,Oyarifa,Greater Accra
24/05/2025,56874,Detached,4,5,150,Used,FALSE,Furnished,5.6358281,-0.1613592,East Legon,Greater Accra
19/07/2025,3000,Flats,3,2,12,New,FALSE,Unfurnished,5.6944159,-0.2021951,Agbogba,Greater Accra
5/2/2023,2500,Flats,1,1,258,New,FALSE,Unfurnished,5.7141674,-0.15418,Adenta,Greater Accra
29/10/2024,2300,Flats,2,3,700,Used,FALSE,Unfurnished,5.6529542,-0.2170221,Dome,Greater Accra
8/2/2025,4000,Flats,2,2,300,New,FALSE,Unfurnished,5.6802129,-0.1372479,Ashaley Botwe,Greater Accra
2/1/2023,2500,Flats,3,3,55,New,FALSE,Unfurnished,5.5511744,-0.2526163,Ablekuma,Greater Accra
24/11/2023,4680,Flats,3,4,165,New,FALSE,Unfurnished,5.5459415,-0.2103988,Accra Metropolitan,Greater Accra
10/7/2023,16000,Flats,3,3,100,Used,FALSE,Furnished,5.6358281,-0.1613592,East Legon,Greater Accra
9/10/2023,1500,Flats,2,2,70,New,FALSE,Semi-Furnished,6.6932173,-1.627507,Kumasi Metropolitan,Ashanti
7/12/2024,36000,Flats,2,5,28,New,FALSE,Furnished,5.5459415,-0.2103988,Accra Metropolitan,Greater Accra
29/10/2024,1800,Flats,2,2,200,New,FALSE,Unfurnished,5.8129581,-0.1179155,Oyibi,Greater Accra
1/9/2024,45580,Detached,7,5,896,New,FALSE,Semi-Furnished,5.6061047,-0.1860362,Airport Residential Area,Greater Accra
29/02/2024,10800,Flats,3,3,100,New,FALSE,Unfurnished,5.6358281,-0.1613592,East Legon,Greater Accra
27/07/2025,12000,Detached,4,5,100,New,FALSE,Unfurnished,5.6358281,-0.1613592,East Legon,Greater Accra
29/04/2024,5000,Detached,4,4,400,Used,FALSE,Unfurnished,5.6376136,-0.1266064,Spintex,Greater Accra
25/04/2023,1250,Flats,2,2,100,New,FALSE,Unfurnished,5.5510647,-0.4408037,Awutu Senya East Municipal,Central Region
8/2/2025,1200,Flats,1,1,703,New,FALSE,Semi-Furnished,5.5459415,-0.2103988,Accra Metropolitan,Greater Accra
22/03/2023,1000,Duplex,2,3,200,Used,FALSE,Unfurnished,5.5510647,-0.4408037,Awutu Senya East Municipal,Central Region
14/05/2025,2600,Flats,1,1,200,Used,FALSE,Unfurnished,5.6376136,-0.1266064,Spintex,Greater Accra
11/2/2023,1000,Flats,3,2,100,Used,FALSE,Unfurnished,9.4109994,-0.7152749,Tamale Municipal,Northern Region
4/5/2023,8999,Duplex,3,3,897,Used,FALSE,Unfurnished,5.633333,-0.166667,East Legon,Greater Accra
22/03/2025,2000,Flats,2,2,305,Used,FALSE,Semi-Furnished,5.7141674,-0.15418,Adenta,Greater Accra
17/05/2023,11200,Flats,3,4,100,New,FALSE,Semi-Furnished,5.6358281,-0.1613592,East Legon,Greater Accra
18/02/2024,27000,Flats,1,1,50,Used,FALSE,Furnished,5.6358281,-0.1613592,East Legon,Greater Accra
3/3/2025,24588,Flats,2,2,836,New,FALSE,Furnished,5.6439894,-0.1485298,East Legon,Greater Accra
12/1/2025,8000,Detached,4,4,758,New,FALSE,Semi-Furnished,5.6358281,-0.1613592,East Legon,Greater Accra
25/01/2024,5000,Flats,1,1,111,New,FALSE,Furnished,5.6061047,-0.1860362,Airport Residential Area,Greater Accra
3/4/2025,3000,Detached,2,2,150,Used,FALSE,Unfurnished,5.7767998,-0.181049,Oyarifa,Greater Accra
23/09/2024,28500,Flats,3,3,100,New,FALSE,Unfurnished,5.6376136,-0.1266064,Spintex,Greater Accra
18/04/2023,700,Detached,1,1,13,Used,FALSE,Unfurnished,5.5831665,-0.1046082,Teshie,Greater Accra
10/1/2025,2500,Flats,1,2,15,New,FALSE,Unfurnished,5.6983581,-0.2150873,Ga East Municipal,Greater Accra
25/09/2024,12495,Flats,4,5,100,Used,FALSE,Unfurnished,5.6439894,-0.1485298,East Legon,Greater Accra
5/7/2025,3500,Flats,3,3,140,Used,FALSE,Unfurnished,5.6802129,-0.1372479,Ashaley Botwe,Greater Accra
22/01/2025,1500,Duplex,3,2,200,New,FALSE,Unfurnished,5.5510647,-0.4408037,Awutu Senya East Municipal,Central Region
10/6/2023,3500,Flats,3,3,4999,New,FALSE,Semi-Furnished,5.6376136,-0.1266064,Spintex,Greater Accra
23/04/2023,1600,Flats,1,1,4999,Used,FALSE,Unfurnished,5.6376136,-0.1266064,Spintex,Greater Accra
3/7/2023,1000,Flats,2,1,14,New,FALSE,Semi-Furnished,6.6932173,-1.627507,Kumasi Metropolitan,Ashanti
18/04/2025,2000,Flats,2,3,100,New,FALSE,Unfurnished,5.6944159,-0.2021951,Agbogba,Greater Accra
18/10/2024,4500,Flats,2,3,4999,New,FALSE,Semi-Furnished,5.6376136,-0.1266064,Spintex,Greater Accra
14/01/2023,2500,Flats,3,2,111,New,FALSE,Unfurnished,5.6061047,-0.1860362,Airport Residential Area,Greater Accra
21/12/2025,3000,Flats,1,1,70,New,FALSE,Unfurnished,5.6358281,-0.1613592,East Legon,Greater Accra
16/09/2025,17400,Detached,4,4,100,New,FALSE,Furnished,5.612781,-0.234345,Achimota,Greater Accra
21/10/2025,3000,Flats,1,1,30,New,FALSE,Furnished,9.4109994,-0.7152749,Tamale Municipal,Northern Region
5/7/2023,1200,Flats,1,1,201,Used,FALSE,Unfurnished,5.8142836,0.0746767,Abokobi,Greater Accra
23/05/2025,8000,Detached,4,4,124,New,FALSE,Unfurnished,5.6358281,-0.1613592,East Legon,Greater Accra
16/05/2024,700,Duplex,1,1,200,New,FALSE,Unfurnished,5.5510647,-0.4408037,Awutu Senya East Municipal,Central Region
18/12/2025,1500,Flats,2,2,200,Used,FALSE,Furnished,5.5344155,-0.4252737,Kasoa,Greater Accra
17/08/2024,5000,Flats,1,1,100,New,FALSE,Furnished,5.6376136,-0.1266064,Spintex,Greater Accra
12/3/2024,5000,Flats,6,5,100,New,FALSE,Semi-Furnished,5.8136153,-0.1266861,Oyibi,Greater Accra
28/12/2023,3000,Flats,2,2,100,New,FALSE,Semi-Furnished,5.6510376,-0.1354586,Adjiriganor,Greater Accra
14/08/2024,11000,Mansion,5,5,900,Used,FALSE,Semi-Furnished,5.6376136,-0.1266064,Spintex,Greater Accra
20/04/2024,12001,Detached,4,5,150,Used,FALSE,Semi-Furnished,5.6358281,-0.1613592,East Legon,Greater Accra
16/06/2025,2000,Flats,2,2,21,New,FALSE,Unfurnished,5.5666403,-0.3334778,Weija,Greater Accra
25/06/2023,2500,Detached,4,3,1090,Renovated,FALSE,Semi-Furnished,5.5513273,-0.3298248,Weija,Greater Accra
5/11/2024,8000,Flats,2,2,100,Used,FALSE,Furnished,5.6510376,-0.1354586,Adjiriganor,Greater Accra
19/07/2024,700,Flats,2,1,40,Used,FALSE,Unfurnished,9.4109994,-0.7152749,Tamale Municipal,Northern Region
30/09/2023,4500,Detached,3,3,100,Used,FALSE,Unfurnished,5.612781,-0.234345,Achimota,Greater Accra
20/06/2025,850,Flats,1,1,85,New,FALSE,Semi-Furnished,6.6932173,-1.627507,Kumasi Metropolitan,Ashanti
6/2/2023,44500,Townhouse,4,5,990,New,FALSE,Semi-Furnished,5.5767652,-0.1784836,Cantonments,Greater Accra
24/01/2024,4500,Flats,4,5,40,Used,FALSE,Unfurnished,5.6376136,-0.1266064,Spintex,Greater Accra
17/01/2024,9000,Flats,2,2,800,Used,FALSE,Furnished,5.6141232,-0.1956471,Dworwulu,Greater Accra
16/07/2024,16000,Duplex,3,4,939,New,FALSE,Furnished,5.7556353,-0.1738945,Oyarifa,Greater Accra
10/8/2025,13000,Detached,5,6,120,Used,FALSE,Unfurnished,5.612781,-0.234345,Achimota,Greater Accra
10/7/2024,2200,Flats,1,1,15,New,FALSE,Unfurnished,5.5831665,-0.1046082,Teshie,Greater Accra
4/11/2024,17000,Detached,4,4,400,New,FALSE,Semi-Furnished,5.6563118,-0.0093266,Tema Metropolitan,Greater Accra
29/10/2023,1000,Flats,1,1,100,New,FALSE,Unfurnished,5.5666403,-0.3334778,Weija,Greater Accra
27/06/2024,1600,Flats,2,2,1097,Used,FALSE,Unfurnished,5.6095075,-0.2507539,Lapaz,Greater Accra
17/02/2025,4500,Flats,6,4,100,New,FALSE,Semi-Furnished,5.5344155,-0.4252737,Kasoa,Greater Accra
19/12/2024,2000,Flats,1,1,100,New,FALSE,Unfurnished,5.6802129,-0.1372479,Ashaley Botwe,Greater Accra
5/1/2023,1500,Flats,1,1,1283,New,FALSE,Unfurnished,5.6634097,-0.2653998,Ofankor,Greater Accra
21/11/2024,1800,Flats,1,1,531,New,FALSE,Unfurnished,5.700273,-0.302078,Pokuase,Greater Accra
6/8/2025,1300,Flats,1,1,854,New,FALSE,Semi-Furnished,5.5459415,-0.2103988,Accra Metropolitan,Greater Accra
3/8/2025,1400,Flats,1,1,15,New,FALSE,Semi-Furnished,5.5831665,-0.1046082,Teshie,Greater Accra
10/1/2025,11300,Detached,4,4,100,New,FALSE,Unfurnished,5.6802129,-0.1372479,Ashaley Botwe,Greater Accra
20/07/2024,6000,Flats,2,3,200,New,FALSE,Unfurnished,5.6529542,-0.2170221,Dome,Greater Accra
24/03/2025,1000,Detached,2,2,200,New,FALSE,Unfurnished,5.5510647,-0.4408037,Awutu Senya East Municipal,Central Region
29/03/2025,3500,Flats,4,3,20,Used,FALSE,Unfurnished,5.6562651,-0.2338473,Dome,Greater Accra
16/03/2023,4000,Detached,3,4,5000,New,FALSE,Unfurnished,5.6376136,-0.1266064,Spintex,Greater Accra
22/11/2024,38500,Detached,5,6,1500,New,FALSE,Unfurnished,5.6358281,-0.1613592,East Legon,Greater Accra
16/10/2025,600,Flats,1,2,100,Used,FALSE,Unfurnished,5.5510647,-0.4408037,Awutu Senya East Municipal,Central Region
7/7/2024,1200,Flats,1,1,190,Renovated,FALSE,Unfurnished,5.7556353,-0.1738945,Oyarifa,Greater Accra
22/07/2023,4000,Flats,2,2,145,Used,FALSE,Semi-Furnished,5.6358281,-0.1613592,East Legon,Greater Accra
18/08/2025,1500,Flats,2,2,999,Used,FALSE,Unfurnished,5.666671,-0.4313729,Ga South Municipal,Greater Accra
28/06/2024,8400,Flats,2,3,900,Used,FALSE,Unfurnished,5.5459415,-0.2103988,Accra Metropolitan,Greater Accra
8/12/2023,3000,Flats,2,3,4999,New,FALSE,Semi-Furnished,5.6376136,-0.1266064,Spintex,Greater Accra
28/12/2024,2500,Flats,2,3,255,New,FALSE,Unfurnished,5.7141674,-0.15418,Adenta,Greater Accra
27/05/2024,2500,Flats,3,3,100,Used,FALSE,Unfurnished,5.6376136,-0.1266064,Spintex,Greater Accra
12/10/2025,1500,Flats,2,3,752,New,FALSE,Semi-Furnished,5.5459415,-0.2103988,Accra Metropolitan,Greater Accra
13/12/2023,3500,Flats,2,2,145,Used,FALSE,Semi-Furnished,5.6358281,-0.1613592,East Legon,Greater Accra
12/5/2024,3000,Flats,2,2,150,Used,FALSE,Unfurnished,5.6944159,-0.2021951,Agbogba,Greater Accra
2/8/2025,26000,Detached,4,4,10,Used,FALSE,Unfurnished,5.6358281,-0.1613592,East Legon,Greater Accra
1/3/2025,1200,Flats,2,2,13,New,FALSE,Unfurnished,5.6037168,-0.1869644,Ablekuma,Greater Accra
18/09/2023,3500,Detached,3,2,986,Used,FALSE,Unfurnished,5.6376136,-0.1266064,Spintex,Greater Accra
23/04/2023,1500,Flats,1,1,100,Used,FALSE,Unfurnished,5.5666385,-0.3334578,Weija,Greater Accra
15/01/2023,2000,Flats,3,4,400,New,FALSE,Unfurnished,5.6563118,-0.0093266,Tema Metropolitan,Greater Accra
14/06/2023,3500,Detached,3,4,12,New,FALSE,Unfurnished,5.7556353,-0.1738945,Oyarifa,Greater Accra
30/06/2023,2300,Flats,3,4,400,Used,FALSE,Semi-Furnished,5.7141674,-0.15418,Adenta,Greater Accra
8/6/2025,14000,Flats,1,1,100,Renovated,FALSE,Furnished,5.64174,-0.1517108,East Legon,Greater Accra
8/9/2023,12000,Flats,2,2,900,Used,FALSE,Furnished,5.6825806,-0.1916501,North Legon,Greater Accra
16/10/2024,1400,Flats,2,1,13,Used,FALSE,Unfurnished,5.5831665,-0.1046082,Teshie,Greater Accra
25/05/2023,3000,Detached,3,4,2500,New,FALSE,Semi-Furnished,5.8142836,0.0746767,Abokobi,Greater Accra
11/7/2024,12300,Flats,2,2,100,New,FALSE,Furnished,5.5572854,-0.1824488,Osu,Greater Accra
13/05/2024,900,Flats,2,2,14,Used,FALSE,Unfurnished,5.5831665,-0.1046082,Teshie,Greater Accra
14/07/2023,3500,Flats,3,3,300,New,FALSE,Semi-Furnished,5.7141674,-0.15418,Adenta,Greater Accra
6/4/2024,600,Flats,1,1,15,New,FALSE,Unfurnished,5.5831665,-0.1046082,Teshie,Greater Accra
28/12/2024,19520,Detached,5,6,170,New,FALSE,Semi-Furnished,5.6358281,-0.1613592,East Legon,Greater Accra
15/11/2023,1200,Flats,1,2,150,New,FALSE,Semi-Furnished,5.6563118,-0.0093266,Tema Metropolitan,Greater Accra
18/05/2024,9700,Flats,2,2,260,New,FALSE,Unfurnished,5.6061047,-0.1860362,Airport Residential Area,Greater Accra
27/08/2024,12000,Detached,3,3,400,Used,FALSE,Unfurnished,5.5656398,-0.1689987,Osu,Greater Accra
11/3/2023,600,Flats,1,1,100,New,FALSE,Furnished,5.5344155,-0.4252737,Kasoa,Greater Accra
28/01/2025,3500,Flats,2,2,100,New,FALSE,Semi-Furnished,5.6358281,-0.1613592,East Legon,Greater Accra
4/12/2024,1500,Flats,1,1,986,Used,FALSE,Unfurnished,5.6376136,-0.1266064,Spintex,Greater Accra
30/05/2025,17000,Detached,5,5,800,New,FALSE,Unfurnished,5.612781,-0.234345,Achimota,Greater Accra
6/6/2024,21000,Flats,2,2,222,New,FALSE,Semi-Furnished,5.5862504,-0.1394584,Teshie,Greater Accra
20/10/2025,2000,Flats,1,2,5000,New,FALSE,Unfurnished,5.6376136,-0.1266064,Spintex,Greater Accra
24/04/2024,1200,Flats,2,3,750,New,FALSE,Semi-Furnished,7.2376234,-2.3616203,Sunyani Municipal,Brong Ahafo
1/3/2025,2800,Flats,2,2,18,New,FALSE,Semi-Furnished,5.5911585,-0.0938933,Nungua,Greater Accra
17/06/2023,20800,Flats,3,3,700,Used,FALSE,Unfurnished,5.5862973,-0.2419606,Kaneshie,Greater Accra
5/7/2025,17210,Flats,3,3,145,New,FALSE,Semi-Furnished,5.6358281,-0.1613592,East Legon,Greater Accra
2/8/2024,10724,Detached,2,2,140,New,FALSE,Semi-Furnished,5.5459415,-0.2103988,Accra Metropolitan,Greater Accra
3/1/2025,6000,Detached,4,3,900,Used,FALSE,Unfurnished,5.5459415,-0.2103988,Accra Metropolitan,Greater Accra
30/12/2024,14400,Detached,3,4,100,Used,FALSE,Unfurnished,5.6057034,-0.2353967,Tesano,Greater Accra
14/08/2024,8989,Flats,2,2,110,Used,FALSE,Semi-Furnished,5.6141232,-0.1956471,Dzorwulu,Greater Accra
22/07/2023,2000,Flats,2,2,300,Used,FALSE,Unfurnished,5.7141674,-0.15418,Adenta,Greater Accra
15/11/2024,4500,Flats,3,3,17,New,FALSE,Semi-Furnished,5.8142836,0.0746767,Ledzokuku-Krowor,Greater Accra
14/03/2023,2500,Flats,2,2,100,New,FALSE,Semi-Furnished,5.7023611,-0.2069455,Old Ashomang,Greater Accra
8/11/2025,4610,Flats,2,2,12,New,FALSE,Unfurnished,5.6510376,-0.1354586,Adjiriganor,Greater Accra
3/12/2024,1900,Detached,4,4,100,New,FALSE,Unfurnished,5.7993966,-0.1222349,Oyibi,Greater Accra
15/04/2024,2500,Flats,2,3,4999,New,FALSE,Semi-Furnished,5.6376136,-0.1266064,Spintex,Greater Accra
28/10/2024,8800,Flats,3,4,126,New,FALSE,Unfurnished,5.6061047,-0.1860362,Airport Residential Area,Greater Accra
8/2/2025,1400,Detached,2,2,455,Used,FALSE,Semi-Furnished,5.7062137,-0.3019281,Ga West Municipal,Greater Accra
14/06/2023,26000,Detached,5,5,100,New,FALSE,Unfurnished,5.63394,-0.1740815,South Shiashie,Greater Accra
17/05/2023,500,Flats,1,1,30,New,FALSE,Unfurnished,9.4109994,-0.7152749,Tamale Municipal,Northern Region
26/03/2024,8000,Detached,4,4,70,Used,FALSE,Unfurnished,5.6562651,-0.2338473,Dome,Greater Accra
21/05/2023,1000,Flats,1,1,17,New,FALSE,Unfurnished,5.5831665,-0.1046082,Teshie,Greater Accra
17/05/2023,30000,Flats,3,3,100,Used,FALSE,Unfurnished,5.6087022,-0.2164185,Abelemkpe,Greater Accra
19/05/2025,15552,Detached,5,5,100,New,FALSE,Furnished,9.4109994,-0.7152749,Tamale Municipal,Northern Region
12/9/2025,2800,Flats,2,2,1288,New,FALSE,Unfurnished,5.7141674,-0.15418,Adenta,Greater Accra
23/02/2023,5000,Detached,4,4,200,Used,FALSE,Unfurnished,5.6358281,-0.1613592,East Legon,Greater Accra
27/01/2025,7000,Flats,2,3,110,New,FALSE,Semi-Furnished,5.6529542,-0.2170221,Dome,Greater Accra
12/3/2025,7000,Detached,4,4,100,Used,FALSE,Unfurnished,5.6358281,-0.1613592,East Legon,Greater Accra
2/9/2025,1500,Flats,2,2,14,New,FALSE,Semi-Furnished,6.6932173,-1.627507,Kumasi Metropolitan,Ashanti
11/11/2023,48000,Detached,4,5,111,New,FALSE,Semi-Furnished,5.6061047,-0.1860362,Airport Residential Area,Greater Accra
11/9/2023,12000,Detached,4,5,111,Used,FALSE,Unfurnished,5.6061047,-0.1860362,Airport Residential Area,Greater Accra
30/11/2024,3000,Flats,1,1,50,Used,FALSE,Furnished,9.4109994,-0.7152749,Tamale Municipal,Northern Region
8/11/2024,3000,Flats,2,2,100,New,FALSE,Semi-Furnished,5.6510376,-0.1354586,Adjiriganor,Greater Accra
22/10/2025,7779,Flats,2,3,140,New,FALSE,Semi-Furnished,5.6510376,-0.1354586,Adjiriganor,Greater Accra
10/5/2025,9500,Detached,4,5,100,New,FALSE,Furnished,5.7556353,-0.1738945,Oyarifa,Greater Accra
7/6/2023,10000,Detached,4,4,1240,New,FALSE,Semi-Furnished,5.6802129,-0.1372479,Ashaley Botwe,Greater Accra
19/06/2025,8000,Flats,3,3,315,New,FALSE,Unfurnished,5.6619606,-0.1290806,Adjiriganor,Greater Accra
29/04/2025,2500,Mansion,2,2,942,Used,FALSE,Unfurnished,5.5427477,-0.2565425,Dansoman,Greater Accra
12/12/2023,2000,Flats,3,2,120,Used,FALSE,Unfurnished,6.6932173,-1.627507,Kumasi Metropolitan,Ashanti
25/09/2023,40000,Detached,5,5,100,New,FALSE,Semi-Furnished,5.5570305,-0.1762717,Osu,Greater Accra
6/9/2023,2200,Flats,2,2,250,New,FALSE,Semi-Furnished,5.7141674,-0.15418,Adenta,Greater Accra
12/12/2025,3000,Flats,2,3,20,Used,FALSE,Semi-Furnished,5.8142836,0.0746767,Ledzokuku-Krowor,Greater Accra
2/8/2025,4000,Flats,2,2,13,New,FALSE,Unfurnished,5.5862504,-0.1394584,Teshie,Greater Accra
14/10/2024,5000,Detached,4,3,50,Used,FALSE,Semi-Furnished,5.7141674,-0.15418,Adenta,Greater Accra
11/8/2023,5663,Flats,2,2,140,Used,FALSE,Unfurnished,5.6439894,-0.1485298,East Legon,Greater Accra
7/3/2025,8000,Flats,3,4,100,Used,FALSE,Unfurnished,5.5831665,-0.1046082,Teshie,Greater Accra
13/02/2023,550,Flats,1,1,356,Used,FALSE,Unfurnished,5.7141674,-0.15418,Adenta,Greater Accra
5/2/2025,4000,Flats,2,3,131,Used,FALSE,Unfurnished,5.5862504,-0.1394584,Teshie,Greater Accra
17/07/2025,4500,Flats,2,2,200,New,FALSE,Unfurnished,5.7556353,-0.1738945,Oyarifa,Greater Accra
28/07/2025,7500,Duplex,3,3,1500,New,FALSE,Unfurnished,5.6358281,-0.1613592,East Legon,Greater Accra
13/09/2023,1200,Flats,1,1,14,Used,FALSE,Unfurnished,5.5831665,-0.1046082,Teshie,Greater Accra
3/1/2023,5500,Flats,3,3,111,Used,FALSE,Semi-Furnished,5.6061047,-0.1860362,Airport Residential Area,Greater Accra
28/01/2024,2500,Flats,2,2,50,New,FALSE,Unfurnished,5.6983581,-0.2150873,Ga East Municipal,Greater Accra
26/09/2025,1000,Flats,1,1,50,New,FALSE,Unfurnished,5.666671,-0.4313729,Ga South Municipal,Greater Accra
21/03/2025,1700,Flats,2,1,5000,Used,FALSE,Unfurnished,5.6376136,-0.1266064,Spintex,Greater Accra
9/6/2025,9800,Flats,3,3,800,Used,FALSE,Unfurnished,5.5570305,-0.1762717,Osu,Greater Accra
9/8/2024,1800,Flats,2,2,145,New,FALSE,Semi-Furnished,5.6887241,-0.2270226,Ashomang Estate,Greater Accra
30/07/2024,900,Flats,1,1,15,New,FALSE,Semi-Furnished,6.6932173,-1.627507,Kumasi Metropolitan,Ashanti
3/2/2023,10300,Duplex,3,3,800,New,FALSE,Unfurnished,5.6358281,-0.1613592,East Legon,Greater Accra
12/4/2023,1000,Flats,1,1,20,Renovated,FALSE,Semi-Furnished,5.6358281,-0.1613592,East Legon,Greater Accra
8/1/2025,1400,Flats,1,1,600,New,FALSE,Unfurnished,5.7141674,-0.15418,Adenta,Greater Accra
16/02/2023,900,Duplex,2,2,200,New,FALSE,Unfurnished,5.5510647,-0.4408037,Awutu Senya East Municipal,Central Region
29/03/2024,18000,Flats,2,2,145,New,FALSE,Furnished,5.6802129,-0.1372479,Ashaley Botwe,Greater Accra
27/06/2024,2500,Flats,2,2,3000,New,FALSE,Semi-Furnished,5.6844172,-0.2537157,Ga West Municipal,Greater Accra
22/02/2023,1200,Detached,2,2,13,Used,FALSE,Unfurnished,5.5831665,-0.1046082,Teshie,Greater Accra
25/09/2025,1200,Detached,3,3,13,Used,FALSE,Unfurnished,5.5831665,-0.1046082,Teshie,Greater Accra
18/08/2023,4500,Flats,2,3,2000,New,FALSE,Unfurnished,5.6358281,-0.1613592,East Legon,Greater Accra
28/02/2023,4000,Flats,2,3,22,New,FALSE,Unfurnished,5.6802129,-0.1372479,Ashaley Botwe,Greater Accra
29/04/2024,3500,Flats,2,2,223,Used,FALSE,Semi-Furnished,5.5646592,-0.1565747,Labadi,Greater Accra
28/10/2025,6000,Detached,6,7,150,Used,FALSE,Semi-Furnished,5.7141674,-0.15418,Adenta,Greater Accra
28/10/2024,3500,Detached,3,3,100,Used,FALSE,Semi-Furnished,5.6376136,-0.1266064,Spintex,Greater Accra
23/04/2024,1500,Flats,2,2,85,Used,FALSE,Unfurnished,5.6563118,-0.0093266,Tema Metropolitan,Greater Accra
18/02/2024,1600,Flats,2,2,800,New,FALSE,Unfurnished,5.700273,-0.302078,Pokuase,Greater Accra
22/04/2024,7000,Detached,3,3,150,Used,FALSE,Semi-Furnished,5.6358281,-0.1613592,East Legon,Greater Accra
18/12/2023,700,Flats,1,1,14,Used,FALSE,Unfurnished,5.5831665,-0.1046082,Teshie,Greater Accra
4/11/2024,3000,Detached,4,4,12,New,FALSE,Unfurnished,5.6983581,-0.2150873,Ga East Municipal,Greater Accra
11/3/2024,3500,Flats,5,3,450,Used,FALSE,Unfurnished,5.6358281,-0.1613592,East Legon,Greater Accra
19/10/2023,5000,Detached,3,3,977,Used,FALSE,Unfurnished,5.6358281,-0.1613592,East Legon,Greater Accra
16/02/2023,4000,Flats,2,2,111,New,FALSE,Unfurnished,5.6061047,-0.1860362,Airport Residential Area,Greater Accra
19/01/2023,1200,Detached,2,3,17,Used,FALSE,Unfurnished,5.5911585,-0.0938933,Nungua,Greater Accra
4/1/2023,1500,Flats,1,1,5000,New,FALSE,Unfurnished,5.6376136,-0.1266064,Spintex,Greater Accra
31/10/2024,4000,Flats,1,1,800,New,FALSE,Furnished,5.7141674,-0.15418,Adenta,Greater Accra
7/6/2023,7000,Detached,3,3,150,Used,FALSE,Semi-Furnished,5.6358281,-0.1613592,East Legon,Greater Accra
30/03/2023,12000,Detached,7,7,120,New,FALSE,Semi-Furnished,6.6932173,-1.627507,Kumasi Metropolitan,Ashanti
24/04/2023,2500,Flats,1,1,13,Used,FALSE,Semi-Furnished,5.5862504,-0.1394584,Teshie,Greater Accra
19/01/2024,15000,Detached,3,3,900,Used,FALSE,Unfurnished,5.5656398,-0.1689987,Osu,Greater Accra
12/12/2024,1200,Flats,1,1,15,New,FALSE,Unfurnished,5.5831665,-0.1046082,Teshie,Greater Accra
20/07/2023,2000,Flats,1,1,700,New,FALSE,Semi-Furnished,5.7556353,-0.1738945,Oyarifa,Greater Accra
24/04/2025,11765,Flats,3,3,100,New,FALSE,Semi-Furnished,5.6439894,-0.1485298,East Legon,Greater Accra
20/01/2025,1500,Flats,1,1,100,New,FALSE,Unfurnished,5.7213053,-0.1348997,Adenta,Greater Accra
2/5/2025,4200,Detached,4,4,100,New,FALSE,Semi-Furnished,5.7880688,-0.129937,Adenta,Greater Accra
24/11/2024,4000,Flats,3,3,30,New,FALSE,Unfurnished,5.5862973,-0.2419606,Kaneshie,Greater Accra
10/5/2023,38000,Flats,3,4,222,Used,FALSE,Furnished,5.6358281,-0.1613592,East Legon,Greater Accra
30/10/2023,1200,Flats,1,1,5000,New,FALSE,Unfurnished,5.6376136,-0.1266064,Spintex,Greater Accra
24/07/2023,3000,Flats,3,2,10,Used,FALSE,Unfurnished,5.7141674,-0.15418,Adenta,Greater Accra
8/3/2024,900,Flats,1,1,100,New,FALSE,Unfurnished,5.5344155,-0.4252737,Kasoa,Greater Accra
8/5/2024,1500,Flats,2,2,350,Used,FALSE,Unfurnished,5.7141674,-0.15418,Adenta,Greater Accra
3/4/2024,2500,Flats,2,2,100,Used,FALSE,Unfurnished,5.6802129,-0.1372479,Ashaley Botwe,Greater Accra
19/05/2025,1300,Flats,2,1,14,Used,FALSE,Unfurnished,5.5831665,-0.1046082,Teshie,Greater Accra
6/4/2025,4000,Flats,2,3,200,New,FALSE,Semi-Furnished,5.6847539,-0.0379152,Ashaiman Municipal,Greater Accra
3/1/2025,26141,Detached,3,4,150,Used,FALSE,Semi-Furnished,5.6358281,-0.1613592,East Legon,Greater Accra
12/4/2023,52000,Flats,3,2,215,Used,FALSE,Furnished,5.6061047,-0.1860362,Airport Residential Area,Greater Accra
26/03/2023,4500,Flats,2,3,1283,New,FALSE,Unfurnished,5.7141674,-0.15418,Adenta,Greater Accra
17/12/2024,4000,Detached,4,3,50,Used,FALSE,Unfurnished,5.5459415,-0.2103988,Accra Metropolitan,Greater Accra
2/7/2025,1200,Flats,2,3,486,New,FALSE,Unfurnished,5.5459415,-0.2103988,Accra Metropolitan,Greater Accra
23/10/2025,12000,Flats,1,2,850,New,FALSE,Furnished,5.6358281,-0.1613592,East Legon,Greater Accra
14/07/2024,23726,Detached,4,5,150,New,FALSE,Semi-Furnished,5.5459415,-0.2103988,Accra Metropolitan,Greater Accra
29/10/2023,17000,Duplex,4,4,652,New,FALSE,Unfurnished,5.6358281,-0.1613592,East Legon,Greater Accra
15/09/2023,2000,Flats,2,2,600,Used,FALSE,Unfurnished,5.7556353,-0.1738945,Oyarifa,Greater Accra
12/5/2024,2500,Flats,2,2,1258,Used,FALSE,Unfurnished,5.7556353,-0.1738945,Oyarifa,Greater Accra
27/02/2024,10000,Flats,1,1,18,Used,FALSE,Furnished,5.6510376,-0.1354586,Adjiriganor,Greater Accra
19/12/2024,2000,Flats,1,1,200,Used,FALSE,Unfurnished,5.6619606,-0.1290806,Adjiriganor,Greater Accra
13/02/2023,1200,Flats,3,2,100,Used,FALSE,Semi-Furnished,6.6932173,-1.627507,Kumasi Metropolitan,Ashanti
10/8/2024,700,Flats,1,1,30,Used,FALSE,Semi-Furnished,5.666671,-0.4313729,Ga South Municipal,Greater Accra
12/9/2024,600,Flats,1,1,14,New,FALSE,Semi-Furnished,6.6932173,-1.627507,Kumasi Metropolitan,Ashanti
11/7/2023,2700,Detached,2,3,145,Used,FALSE,Semi-Furnished,5.6802129,-0.1372479,Ashaley Botwe,Greater Accra
3/7/2024,2000,Flats,2,2,1455,New,FALSE,Semi-Furnished,5.5247986,-0.4738293,Kasoa,Greater Accra
13/02/2025,3500,Flats,2,3,280,New,FALSE,Unfurnished,5.700273,-0.302078,Pokuase,Greater Accra
16/08/2023,550,Flats,1,1,120,Used,FALSE,Semi-Furnished,5.6887241,-0.2270226,Ashomang Estate,Greater Accra
29/08/2025,3100,Flats,2,3,999,New,FALSE,Semi-Furnished,5.5773983,-0.3136781,Gbawe,Greater Accra
28/06/2025,4500,Flats,2,3,150,Used,FALSE,Unfurnished,5.6825806,-0.1916501,North Legon,Greater Accra
8/9/2023,28000,Detached,7,5,800,Used,FALSE,Unfurnished,5.6439894,-0.1485298,East Legon,Greater Accra
2/5/2025,8000,Flats,3,3,100,New,FALSE,Unfurnished,5.6358281,-0.1613592,East Legon,Greater Accra
21/03/2025,2200,Flats,2,3,1224,New,FALSE,Unfurnished,5.5459415,-0.2103988,Accra Metropolitan,Greater Accra
30/09/2024,1500,Flats,1,1,100,New,FALSE,Semi-Furnished,5.6563118,-0.0093266,Tema Metropolitan,Greater Accra
17/08/2024,11500,Detached,4,5,222,New,FALSE,Semi-Furnished,5.5646592,-0.1565747,Labadi,Greater Accra
12/10/2024,24800,Flats,3,3,119,Used,FALSE,Unfurnished,5.6141232,-0.1956471,Dzorwulu,Greater Accra
27/03/2025,5000,Flats,3,4,4999,New,FALSE,Semi-Furnished,5.6376136,-0.1266064,Spintex,Greater Accra
16/02/2025,11000,Detached,3,3,800,New,FALSE,Unfurnished,5.6376136,-0.1266064,Spintex,Greater Accra
16/08/2025,15800,Flats,1,1,1500,Used,FALSE,Furnished,5.6141232,-0.1956471,Dzorwulu,Greater Accra
24/08/2025,2600,Detached,1,1,100,New,FALSE,Unfurnished,5.6562651,-0.2338473,Dome,Greater Accra
2/7/2024,1700,Flats,1,1,265,Used,FALSE,Unfurnished,5.7141674,-0.15418,Adenta,Greater Accra
1/8/2025,1000,Flats,1,1,1000,New,FALSE,Unfurnished,5.6731273,-0.1663851,Madina,Greater Accra
28/12/2023,1200,Flats,3,3,100,New,FALSE,Semi-Furnished,7.2376234,-2.3616203,Sunyani Municipal,Brong Ahafo
2/3/2025,1500,Flats,3,2,26,Used,FALSE,Semi-Furnished,5.5831665,-0.1046082,Teshie,Greater Accra
3/3/2023,1800,Flats,2,2,985,Used,FALSE,Semi-Furnished,5.6376136,-0.1266064,Spintex,Greater Accra
23/03/2025,3000,Flats,3,3,145,Used,FALSE,Semi-Furnished,5.6802129,-0.1372479,Ashaley Botwe,Greater Accra
10/5/2024,2500,Flats,3,2,532,Used,FALSE,Unfurnished,5.5511744,-0.2526163,Ablekuma,Greater Accra
26/06/2024,26400,Flats,2,2,300,Used,FALSE,Furnished,5.6358281,-0.1613592,East Legon,Greater Accra
11/10/2024,2500,Flats,2,2,800,Used,FALSE,Unfurnished,5.6529542,-0.2170221,Dome,Greater Accra
25/11/2024,1300,Flats,1,1,18,Renovated,FALSE,Unfurnished,5.6358281,-0.1613592,East Legon,Greater Accra
29/10/2024,2700,Flats,2,2,15,New,FALSE,Unfurnished,5.6562651,-0.2338473,Dome,Greater Accra
23/06/2023,4500,Flats,3,4,50,Used,FALSE,Unfurnished,5.6563118,-0.0093266,Tema Metropolitan,Greater Accra
24/01/2025,22000,Townhouse,4,5,699,New,FALSE,Semi-Furnished,5.6061047,-0.1860362,Airport Residential Area,Greater Accra
28/06/2023,17400,Flats,3,4,1000,New,FALSE,Unfurnished,5.5862504,-0.1394584,Teshie,Greater Accra
12/4/2024,20873,Detached,4,4,145,Used,FALSE,Semi-Furnished,5.6358281,-0.1613592,East Legon,Greater Accra
18/05/2024,19598,Detached,3,3,100,New,FALSE,Semi-Furnished,5.6376136,-0.1266064,Spintex,Greater Accra
15/06/2023,550,Flats,1,1,80,New,FALSE,Unfurnished,5.6563118,-0.0093266,Tema Metropolitan,Greater Accra
1/8/2025,4000,Detached,4,4,225,Used,FALSE,Unfurnished,6.6932173,-1.627507,Kumasi Metropolitan,Ashanti
5/4/2023,5000,Detached,2,2,13,New,FALSE,Unfurnished,5.5862504,-0.1394584,Teshie,Greater Accra
1/11/2024,22400,Detached,4,5,121,New,FALSE,Unfurnished,5.5862504,-0.1394584,Teshie,Greater Accra
11/3/2023,700,Flats,1,1,80,Used,FALSE,Unfurnished,5.8142836,0.0746767,Nungua,Greater Accra
11/4/2023,900,Flats,1,1,800,Used,FALSE,Unfurnished,5.5937587,-0.2690565,Kwashieman,Greater Accra
5/1/2023,2500,Flats,3,3,500,New,FALSE,Unfurnished,5.7252259,-0.1549277,Adenta,Greater Accra
5/2/2025,19200,Detached,2,2,300,New,FALSE,Furnished,5.6510376,-0.1354586,Adjiriganor,Greater Accra
29/08/2024,1400,Flats,2,2,300,Used,FALSE,Furnished,5.5344155,-0.4252737,Kasoa,Greater Accra
29/01/2025,5000,Detached,4,3,150,Used,FALSE,Semi-Furnished,5.7141674,-0.15418,Adenta,Greater Accra
20/03/2023,1300,Flats,2,1,1500,Used,FALSE,Semi-Furnished,5.8129581,-0.1179155,Oyibi,Greater Accra
21/10/2023,10578,Detached,2,1,140,Used,FALSE,Semi-Furnished,5.6061047,-0.1860362,Airport Residential Area,Greater Accra
17/03/2025,1550,Flats,2,2,90,Used,FALSE,Unfurnished,5.6563118,-0.0093266,Tema Metropolitan,Greater Accra
22/07/2023,2000,Flats,2,3,981,New,FALSE,Semi-Furnished,5.5866078,-0.2772644,Awoshie,Greater Accra
18/09/2023,600,Flats,1,1,100,New,FALSE,Unfurnished,5.5344155,-0.4252737,Kasoa,Greater Accra
18/10/2023,14000,Duplex,4,4,80,New,FALSE,Furnished,5.7556353,-0.1738945,Oyarifa,Greater Accra
19/07/2025,3500,Flats,2,2,20,Used,FALSE,Unfurnished,5.6694251,-0.203367,Haatso,Greater Accra
3/7/2024,5200,Flats,2,2,140,Used,FALSE,Semi-Furnished,5.6358281,-0.1613592,East Legon,Greater Accra
29/05/2025,3500,Flats,2,3,200,Used,FALSE,Unfurnished,5.7141674,-0.15418,Adenta,Greater Accra
25/02/2025,2700,Flats,1,1,17,Used,FALSE,Unfurnished,5.5831665,-0.1046082,Teshie,Greater Accra
5/6/2025,750,Flats,1,1,70,Used,FALSE,Unfurnished,5.5344155,-0.4252737,Kasoa,Greater Accra
11/2/2024,8800,Duplex,4,5,2344,Used,FALSE,Unfurnished,5.6274508,-0.0872742,Spintex,Greater Accra
24/08/2023,11345,Detached,4,5,111,Used,FALSE,Unfurnished,5.6376136,-0.1266064,Spintex,Greater Accra
11/7/2023,20298,Detached,3,3,200,Used,FALSE,Semi-Furnished,5.6376136,-0.1266064,Spintex,Greater Accra
17/08/2023,6300,Flats,2,2,145,New,FALSE,Semi-Furnished,5.6358281,-0.1613592,East Legon,Greater Accra
6/11/2025,16100,Duplex,3,4,3633,New,FALSE,Unfurnished,5.5459415,-0.2103988,Accra Metropolitan,Greater Accra
4/5/2025,1300,Flats,1,1,14,Used,FALSE,Unfurnished,5.5831665,-0.1046082,Teshie,Greater Accra
2/12/2025,32800,Flats,4,4,150,Used,FALSE,Furnished,5.6510376,-0.1354586,Adjiriganor,Greater Accra
13/02/2024,8000,Detached,3,4,80,Used,FALSE,Unfurnished,5.5459415,-0.2103988,Accra Metropolitan,Greater Accra
15/03/2024,16000,Mansion,4,4,100,Used,FALSE,Semi-Furnished,5.6510376,-0.1354586,Adjiriganor,Greater Accra
2/9/2024,23200,Detached,5,6,300,Used,FALSE,Unfurnished,5.6358281,-0.1613592,East Legon,Greater Accra
11/3/2024,5000,Detached,3,2,14,New,FALSE,Unfurnished,5.6802129,-0.1372479,Ashaley Botwe,Greater Accra
11/8/2024,9776,Flats,3,3,100,New,FALSE,Unfurnished,5.6558867,-0.1214533,Adjiriganor,Greater Accra
8/10/2023,25600,Flats,1,2,360,New,FALSE,Furnished,5.6358281,-0.1613592,East Legon,Greater Accra
6/6/2025,2600,Flats,2,2,800,Used,FALSE,Unfurnished,5.6529542,-0.2170221,Dome,Greater Accra
16/05/2023,2600,Flats,2,3,120,New,FALSE,Unfurnished,5.6563118,-0.0093266,Tema Metropolitan,Greater Accra
3/3/2023,3500,Detached,4,5,1255,New,FALSE,Unfurnished,5.5511744,-0.2526163,Ablekuma,Greater Accra
19/07/2023,18153,Detached,6,7,121,Used,FALSE,Unfurnished,5.6376136,-0.1266064,Spintex,Greater Accra
2/9/2025,10000,Detached,4,4,800,Used,FALSE,Semi-Furnished,5.6358281,-0.1613592,East Legon,Greater Accra
26/07/2025,2300,Flats,3,2,100,Used,FALSE,Unfurnished,9.4109994,-0.7152749,Tamale Municipal,Northern Region
25/01/2024,450,Flats,1,1,80,New,FALSE,Furnished,6.6932173,-1.627507,Kumasi Metropolitan,Ashanti
26/05/2024,2000,Flats,1,1,1258,Used,FALSE,Unfurnished,5.7141674,-0.15418,Adenta,Greater Accra
20/11/2024,2000,Detached,3,2,125,Used,FALSE,Unfurnished,5.8129581,-0.1179155,Oyibi,Greater Accra
7/8/2025,1500,Flats,1,1,30,New,FALSE,Unfurnished,5.5646592,-0.1565747,Labadi,Greater Accra
8/7/2023,1800,Flats,2,1,514,Used,FALSE,Unfurnished,5.5866078,-0.2772644,Awoshie,Greater Accra
30/04/2024,50000,Duplex,4,5,50,New,FALSE,Furnished,5.6376136,-0.1266064,Spintex,Greater Accra
4/1/2025,2400,Detached,3,3,1253,Used,FALSE,Unfurnished,5.700273,-0.302078,Pokuase,Greater Accra
17/01/2024,2000,Flats,2,2,1000,New,FALSE,Unfurnished,5.6802129,-0.1372479,Ashaley Botwe,Greater Accra
27/05/2024,33000,Detached,4,5,498,Used,FALSE,Furnished,5.612781,-0.234345,Achimota,Greater Accra
2/12/2023,8000,Flats,3,4,100,New,FALSE,Furnished,5.7993966,-0.1222349,Oyibi,Greater Accra
31/12/2025,6000,Flats,2,1,100,Used,FALSE,Furnished,5.5666385,-0.3334578,Weija,Greater Accra
24/01/2023,2500,Flats,2,2,150,New,FALSE,Unfurnished,5.7141674,-0.15418,Adenta,Greater Accra
24/02/2025,800,Detached,1,1,17,Used,FALSE,Semi-Furnished,5.5831665,-0.1046082,Teshie,Greater Accra
20/09/2025,1200,Flats,1,1,350,Used,FALSE,Unfurnished,5.7141674,-0.15418,Adenta,Greater Accra
2/1/2024,10052,Detached,3,4,145,Used,FALSE,Semi-Furnished,5.6358281,-0.1613592,East Legon,Greater Accra
4/4/2024,800,Flats,1,1,14,New,FALSE,Unfurnished,5.5831665,-0.1046082,Teshie,Greater Accra
29/10/2024,3500,Detached,2,2,25,New,FALSE,Semi-Furnished,5.5511744,-0.2526163,Ablekuma,Greater Accra
11/10/2023,3000,Flats,5,5,15,Used,FALSE,Semi-Furnished,5.5831665,-0.1046082,Teshie,Greater Accra
31/07/2025,12000,Detached,3,3,980,New,FALSE,Semi-Furnished,5.6376136,-0.1266064,Spintex,Greater Accra
24/10/2025,4500,Detached,3,3,100,New,FALSE,Unfurnished,5.6510376,-0.1354586,Adjiriganor,Greater Accra
1/9/2025,4000,Flats,2,2,200,New,FALSE,Semi-Furnished,5.6802129,-0.1372479,Ashaley Botwe,Greater Accra
3/5/2023,3000,Flats,2,2,180,Used,FALSE,Unfurnished,5.6358281,-0.1613592,East Legon,Greater Accra
11/9/2025,3500,Flats,1,1,100,New,FALSE,Unfurnished,5.6358281,-0.1613592,East Legon,Greater Accra
27/09/2025,7000,Flats,2,3,250,Used,FALSE,Unfurnished,5.6510376,-0.1354586,Adjiriganor,Greater Accra
12/11/2024,24000,Townhouse,3,3,800,New,FALSE,Unfurnished,5.6358281,-0.1613592,East Legon,Greater Accra
17/01/2024,1800,Flats,2,2,500,Used,FALSE,Unfurnished,5.5459415,-0.2103988,Accra Metropolitan,Greater Accra
20/05/2023,16000,Detached,6,5,100,Used,FALSE,Unfurnished,5.612781,-0.234345,Achimota,Greater Accra
17/05/2023,8500,Duplex,3,4,100,New,FALSE,Semi-Furnished,5.6802129,-0.1372479,Ashaley Botwe,Greater Accra
24/04/2025,4500,Detached,3,4,1000,Used,FALSE,Semi-Furnished,5.6563118,-0.0093266,Tema Metropolitan,Greater Accra
15/02/2024,1300,Flats,1,1,16,New,FALSE,Unfurnished,5.5510647,-0.4408037,Awutu Senya East Municipal,Central Region
27/10/2025,9500,Detached,4,4,1400,Used,FALSE,Semi-Furnished,5.6358281,-0.1613592,East Legon,Greater Accra
20/11/2025,700,Flats,1,1,33,Renovated,FALSE,Unfurnished,5.6358281,-0.1613592,East Legon,Greater Accra
29/12/2025,9000,Flats,2,2,100,Used,FALSE,Furnished,5.5459415,-0.2103988,Accra Metropolitan,Greater Accra
13/05/2025,1200,Flats,1,1,1283,New,FALSE,Unfurnished,5.6634097,-0.2653998,Ofankor,Greater Accra
12/5/2025,2000,Flats,1,1,80,New,FALSE,Unfurnished,5.6887241,-0.2270226,Ashomang Estate,Greater Accra
3/11/2025,8000,Flats,1,1,100,New,FALSE,Furnished,5.6358281,-0.1613592,East Legon,Greater Accra
25/09/2024,4000,Flats,2,2,100,New,FALSE,Semi-Furnished,5.6619606,-0.1290806,Adjiriganor,Greater Accra
31/10/2023,650,Flats,1,1,30,New,FALSE,Unfurnished,5.5510647,-0.4408037,Awutu Senya East Municipal,Central Region
1/10/2025,2500,Detached,2,2,2000,New,FALSE,Semi-Furnished,5.7141674,-0.15418,Adenta,Greater Accra
21/04/2024,1500,Flats,1,1,14,New,FALSE,Unfurnished,5.5831665,-0.1046082,Teshie,Greater Accra
25/04/2025,1700,Flats,1,1,100,New,FALSE,Unfurnished,5.6802129,-0.1372479,Ashaley Botwe,Greater Accra
31/05/2024,20175,Flats,1,1,1253,New,FALSE,Semi-Furnished,5.6061047,-0.1860362,Airport Residential Area,Greater Accra
8/2/2024,10000,Flats,2,2,450,Used,FALSE,Furnished,5.6358281,-0.1613592,East Legon,Greater Accra
22/10/2023,1000,Detached,2,1,13,Used,FALSE,Unfurnished,5.5831665,-0.1046082,Teshie,Greater Accra
30/07/2023,3000,Detached,3,3,50,New,FALSE,Semi-Furnished,5.5464341,-0.3102637,Weija,Greater Accra
7/10/2024,3500,Flats,2,2,100,Used,FALSE,Semi-Furnished,5.6694251,-0.203367,Haatso,Greater Accra
16/04/2024,15643,Detached,3,3,190,Used,FALSE,Furnished,5.6385083,-0.1250963,Spintex,Greater Accra
11/10/2023,2500,Flats,2,2,145,Used,FALSE,Semi-Furnished,5.6358281,-0.1613592,East Legon,Greater Accra
10/6/2025,7000,Detached,4,4,100,Used,FALSE,Semi-Furnished,5.6806047,-0.2004374,Haatso,Greater Accra
2/8/2023,2500,Flats,2,3,1140,New,FALSE,Semi-Furnished,5.5427477,-0.2565425,Dansoman,Greater Accra
9/9/2024,8000,Detached,3,3,15,New,FALSE,Unfurnished,5.6061047,-0.1860362,Airport Residential Area,Greater Accra
28/02/2025,7800,Flats,1,2,130,New,FALSE,Unfurnished,5.6510376,-0.1354586,Adjiriganor,Greater Accra
17/11/2025,6000,Flats,3,3,145,Used,FALSE,Semi-Furnished,5.6358281,-0.1613592,East Legon,Greater Accra
23/07/2024,900,Flats,1,1,1080,Used,FALSE,Unfurnished,5.6095075,-0.2507539,Lapaz,Greater Accra
20/06/2024,600,Detached,1,1,13,Renovated,FALSE,Unfurnished,5.5831665,-0.1046082,Teshie,Greater Accra
29/02/2024,2000,Flats,3,2,300,Used,FALSE,Unfurnished,5.7556353,-0.1738945,Oyarifa,Greater Accra
19/08/2023,5000,Flats,3,4,140,New,FALSE,Semi-Furnished,5.6563118,-0.0093266,Tema Metropolitan,Greater Accra
17/06/2025,19500,Detached,3,3,100,New,FALSE,Unfurnished,5.6510376,-0.1354586,Adjiriganor,Greater Accra
21/09/2024,15000,Detached,5,5,500,New,FALSE,Unfurnished,5.7141674,-0.15418,Adenta,Greater Accra
9/1/2025,850,Flats,1,1,985,Used,FALSE,Unfurnished,5.6376136,-0.1266064,Spintex,Greater Accra
3/10/2024,6500,Detached,3,3,1000,New,FALSE,Semi-Furnished,5.6376136,-0.1266064,Spintex,Greater Accra
22/05/2025,5000,Flats,2,2,222,Used,FALSE,Unfurnished,5.5831665,-0.1046082,Teshie,Greater Accra
27/01/2025,900,Flats,2,2,50,New,FALSE,Unfurnished,9.4109994,-0.7152749,Tamale Municipal,Northern Region
4/7/2024,4000,Flats,4,4,900,Used,FALSE,Semi-Furnished,5.6802129,-0.1372479,Ashaley Botwe,Greater Accra
21/05/2023,2000,Flats,2,1,20,Used,FALSE,Unfurnished,5.6562651,-0.2338473,Dome,Greater Accra
5/6/2024,580,Flats,1,1,15,Used,FALSE,Unfurnished,5.8142836,0.0746767,Nungua,Greater Accra
3/6/2023,4000,Flats,2,2,200,New,FALSE,Unfurnished,5.7213053,-0.1348997,Adenta,Greater Accra
28/05/2024,3500,Detached,3,4,400,Used,FALSE,Unfurnished,5.6376136,-0.1266064,Spintex,Greater Accra
30/10/2024,900,Flats,1,1,14,Used,FALSE,Unfurnished,5.5831665,-0.1046082,Teshie,Greater Accra
28/12/2024,7000,Detached,3,4,900,Used,FALSE,Unfurnished,5.5459415,-0.2103988,Accra Metropolitan,Greater Accra
22/02/2024,12600,Flats,2,2,898,Used,FALSE,Furnished,5.6312394,-0.1422768,Spintex,Greater Accra
30/04/2023,2200,Detached,2,2,16,Used,FALSE,Semi-Furnished,5.5831665,-0.1046082,Teshie,Greater Accra
3/7/2023,3800,Flats,2,3,302,New,FALSE,Semi-Furnished,5.5459415,-0.2103988,Accra Metropolitan,Greater Accra
17/10/2023,4000,Flats,2,2,280,New,FALSE,Unfurnished,5.6358281,-0.1613592,East Legon,Greater Accra
23/03/2025,8000,Detached,4,4,700,Used,FALSE,Semi-Furnished,5.5459415,-0.2103988,Accra Metropolitan,Greater Accra
2/7/2025,4000,Detached,4,5,250,Used,FALSE,Semi-Furnished,5.7556353,-0.1738945,Oyarifa,Greater Accra
23/03/2024,2500,Flats,3,2,14,New,FALSE,Semi-Furnished,6.6932173,-1.627507,Kumasi Metropolitan,Ashanti
13/11/2024,2700,Detached,3,3,70,New,FALSE,Semi-Furnished,5.7141674,-0.15418,Adenta,Greater Accra
17/03/2023,8200,Duplex,4,5,1000,New,FALSE,Semi-Furnished,5.6376136,-0.1266064,Spintex,Greater Accra
27/10/2025,7000,Detached,4,3,15,Used,FALSE,Unfurnished,5.6442137,-0.2480426,Tantra Hills,Greater Accra
22/03/2023,1500,Flats,2,1,10,Used,FALSE,Unfurnished,5.6250943,-0.2724254,Sowutwuom,Greater Accra
10/3/2025,1500,Flats,1,1,100,New,FALSE,Semi-Furnished,5.6563118,-0.0093266,Tema Metropolitan,Greater Accra
15/04/2023,4000,Detached,4,4,800,Used,FALSE,Unfurnished,5.7141674,-0.15418,Adenta,Greater Accra
25/10/2023,2000,Detached,3,3,3692,Used,FALSE,Semi-Furnished,5.5344155,-0.4252737,Kasoa,Greater Accra
4/3/2025,1000,Flats,2,2,70,New,FALSE,Semi-Furnished,6.6932173,-1.627507,Kumasi Metropolitan,Ashanti
22/07/2024,15600,Flats,1,1,900,New,FALSE,Furnished,5.5570305,-0.1762717,Osu,Greater Accra
17/07/2025,5500,Flats,1,1,50,Used,FALSE,Furnished,5.6495001,-0.2100343,West Legon,Greater Accra
3/4/2024,500,Flats,1,1,14,Renovated,FALSE,Unfurnished,5.5831665,-0.1046082,Teshie,Greater Accra
29/07/2025,3000,Detached,2,1,3000,New,FALSE,Furnished,5.7556353,-0.1738945,Oyarifa,Greater Accra
20/01/2025,2500,Detached,3,3,258,New,FALSE,Semi-Furnished,5.5344155,-0.4252737,Kasoa,Greater Accra
23/01/2023,18000,Townhouse,3,4,111,New,FALSE,Unfurnished,5.6358281,-0.1613592,East Legon,Greater Accra
31/05/2025,1800,Flats,2,3,800,New,FALSE,Semi-Furnished,5.7141674,-0.15418,Adenta,Greater Accra
10/10/2024,700,Flats,1,1,15,Used,FALSE,Unfurnished,5.5831665,-0.1046082,Teshie,Greater Accra
14/09/2024,3800,Detached,2,2,500,Used,FALSE,Semi-Furnished,5.7141674,-0.15418,Adenta,Greater Accra
13/09/2023,1500,Flats,2,2,18,New,FALSE,Semi-Furnished,5.6563118,-0.0093266,Tema Metropolitan,Greater Accra
12/10/2023,4000,Semi-Detached,2,2,120,New,FALSE,Semi-Furnished,5.5862504,-0.1394584,Teshie,Greater Accra
26/12/2025,2500,Flats,3,4,4000,Used,FALSE,Unfurnished,5.6376136,-0.1266064,Spintex,Greater Accra
1/6/2024,2200,Detached,2,2,155,Used,FALSE,Unfurnished,5.5513273,-0.3298248,Weija,Greater Accra
17/07/2024,6000,Flats,2,2,40,Renovated,FALSE,Semi-Furnished,5.6358281,-0.1613592,East Legon,Greater Accra
30/12/2023,15000,Duplex,6,6,15,New,FALSE,Unfurnished,5.7141674,-0.15418,Adenta,Greater Accra
30/11/2025,6000,Detached,3,4,608,New,FALSE,Unfurnished,5.6802129,-0.1372479,Ashaley Botwe,Greater Accra
30/07/2024,2200,Flats,2,3,5000,New,FALSE,Unfurnished,5.6376136,-0.1266064,Spintex,Greater Accra
20/04/2025,1200,Flats,1,1,1253,Used,FALSE,Unfurnished,5.700273,-0.302078,Pokuase,Greater Accra
18/07/2025,2500,Flats,2,3,10,New,FALSE,Unfurnished,5.6250943,-0.2724254,Sowutwuom,Greater Accra
15/05/2025,12750,Flats,2,2,100,New,FALSE,Unfurnished,5.6358281,-0.1613592,East Legon,Greater Accra
29/03/2025,1300,Detached,3,2,205,New,FALSE,Unfurnished,6.6932173,-1.627507,Kumasi Metropolitan,Ashanti
28/05/2025,2000,Flats,1,1,85,Used,FALSE,Unfurnished,5.6562651,-0.2338473,Dome,Greater Accra
29/10/2024,450,Flats,1,1,100,Used,FALSE,Unfurnished,5.6665762,-0.5446912,Awutu Senya West,Central Region
17/04/2023,1500,Flats,1,1,250,Used,FALSE,Semi-Furnished,5.6772176,-0.1251477,Ashaley Botwe,Greater Accra
11/1/2025,37740,Detached,5,6,388,New,FALSE,Semi-Furnished,5.6358281,-0.1613592,East Legon,Greater Accra
7/6/2023,6000,Flats,4,4,16,Used,FALSE,Unfurnished,5.6061047,-0.1860362,Airport Residential Area,Greater Accra
31/12/2025,3000,Flats,2,3,100,Used,FALSE,Unfurnished,5.5459415,-0.2103988,Accra Metropolitan,Greater Accra
19/08/2024,1200,Flats,1,1,356,New,FALSE,Unfurnished,5.7141674,-0.15418,Adenta,Greater Accra
23/10/2023,1500,Flats,2,2,18,New,FALSE,Unfurnished,5.8142836,0.0746767,Ledzokuku-Krowor,Greater Accra
12/5/2023,5500,Flats,2,2,600,New,FALSE,Semi-Furnished,5.6495001,-0.2100343,West Legon,Greater Accra
28/03/2024,8500,Detached,5,6,450,New,FALSE,Unfurnished,5.8142836,0.0746767,Abokobi,Greater Accra
13/03/2024,1700,Flats,2,2,16,Used,FALSE,Unfurnished,5.5831665,-0.1046082,Teshie,Greater Accra
23/10/2023,1500,Flats,1,1,70,New,FALSE,Semi-Furnished,6.6932173,-1.627507,Kumasi Metropolitan,Ashanti
19/09/2024,800,Detached,2,1,18,Used,FALSE,Semi-Furnished,5.5831665,-0.1046082,Teshie,Greater Accra
23/09/2023,3000,Flats,3,3,100,Used,FALSE,Unfurnished,5.7141674,-0.15418,Adenta,Greater Accra
5/10/2024,450,Detached,1,1,18,New,FALSE,Unfurnished,5.8142836,0.0746767,Ledzokuku-Krowor,Greater Accra
14/03/2025,3000,Flats,2,3,15,New,FALSE,Semi-Furnished,5.5831665,-0.1046082,Teshie,Greater Accra
9/10/2024,4000,Flats,2,2,1000,New,FALSE,Unfurnished,5.7141674,-0.15418,Adenta,Greater Accra
6/1/2025,6000,Detached,4,4,100,Used,FALSE,Semi-Furnished,5.7556353,-0.1738945,Oyarifa,Greater Accra
18/04/2023,1800,Detached,3,3,110,Used,FALSE,Unfurnished,9.4109994,-0.7152749,Tamale Municipal,Northern Region
6/1/2023,24269,Detached,4,5,150,Used,FALSE,Semi-Furnished,5.6358281,-0.1613592,East Legon,Greater Accra
14/01/2024,3000,Townhouse,4,3,150,New,FALSE,Semi-Furnished,5.6887241,-0.2270226,Ashomang Estate,Greater Accra
1/6/2025,2000,Flats,2,2,80,New,FALSE,Semi-Furnished,6.6932173,-1.627507,Kumasi Metropolitan,Ashanti
7/1/2024,30000,Flats,3,2,1300,Used,FALSE,Furnished,5.6141232,-0.1956471,Dzorwulu,Greater Accra
14/05/2023,17500,Flats,2,2,190,New,FALSE,Furnished,5.6149107,-0.0484066,Tema Metropolitan,Greater Accra
24/01/2024,4500,Flats,2,2,15,Used,FALSE,Unfurnished,5.6510376,-0.1354586,Adjiriganor,Greater Accra
4/2/2023,20000,Duplex,4,4,5000,New,FALSE,Unfurnished,5.6510376,-0.1354586,Adjiriganor,Greater Accra
2/3/2024,5000,Detached,3,3,100,New,FALSE,Unfurnished,5.6802129,-0.1372479,Ashaley Botwe,Greater Accra
26/04/2023,1000,Semi-Detached,1,1,700,Used,FALSE,Semi-Furnished,5.7252259,-0.1549277,Adenta,Greater Accra
8/3/2024,40000,Flats,3,3,190,Used,FALSE,Furnished,5.6141232,-0.1956471,Dzorwulu,Greater Accra
23/03/2024,3000,Flats,3,2,986,New,FALSE,Unfurnished,5.6376136,-0.1266064,Spintex,Greater Accra
7/8/2023,1500,Flats,1,1,300,New,FALSE,Unfurnished,5.6844172,-0.2537157,Ga West Municipal,Greater Accra
28/10/2023,9600,Flats,3,3,110,New,FALSE,Unfurnished,5.7556353,-0.1738945,Oyarifa,Greater Accra
10/9/2025,1530,Flats,2,2,112,Used,FALSE,Unfurnished,5.6563118,-0.0093266,Tema Metropolitan,Greater Accra
6/8/2025,30473,Detached,4,5,121,New,FALSE,Unfurnished,5.5862504,-0.1394584,Teshie,Greater Accra
19/12/2025,2200,Flats,4,2,650,Used,FALSE,Unfurnished,5.5666385,-0.3334578,Weija,Greater Accra
11/12/2023,3500,Flats,3,4,126,New,FALSE,Unfurnished,5.6312394,-0.1422768,Spintex,Greater Accra
14/12/2025,3000,Flats,2,3,863,New,FALSE,Semi-Furnished,5.612781,-0.234345,Achimota,Greater Accra
18/06/2023,800,Flats,2,2,90,Used,FALSE,Unfurnished,6.6932173,-1.627507,Kumasi Metropolitan,Ashanti
26/01/2024,14000,Detached,3,4,900,New,FALSE,Semi-Furnished,5.612781,-0.234345,Achimota,Greater Accra
10/12/2024,10000,Detached,3,3,250,Used,FALSE,Unfurnished,5.582622,-0.1944042,Nima,Greater Accra
30/04/2024,18000,Flats,2,3,120,New,FALSE,Semi-Furnished,5.6141232,-0.1956471,Dzorwulu,Greater Accra
29/12/2023,7300,Detached,2,2,250,Used,FALSE,Furnished,5.6376136,-0.1266064,Spintex,Greater Accra
26/02/2025,19687,Detached,3,3,100,Used,FALSE,Unfurnished,5.6376136,-0.1266064,Spintex,Greater Accra
5/3/2023,12406,Detached,5,4,190,Used,FALSE,Semi-Furnished,5.6376136,-0.1266064,Spintex,Greater Accra
20/05/2024,1200,Flats,1,1,300,Used,FALSE,Semi-Furnished,5.7556353,-0.1738945,Oyarifa,Greater Accra
2/9/2025,1800,Flats,2,2,600,New,FALSE,Semi-Furnished,5.5511744,-0.2526163,Ablekuma,Greater Accra
26/01/2025,2500,Flats,1,1,600,New,FALSE,Unfurnished,5.6376136,-0.1266064,Spintex,Greater Accra
3/1/2023,8800,Detached,3,3,371,Used,FALSE,Unfurnished,5.7556353,-0.1738945,Oyarifa,Greater Accra
3/6/2025,8668,Flats,2,2,3000,Used,FALSE,Unfurnished,5.6061047,-0.1860362,Airport Residential Area,Greater Accra
19/10/2024,1300,Flats,3,2,903,Used,FALSE,Unfurnished,5.5459415,-0.2103988,Accra Metropolitan,Greater Accra
1/4/2023,2400,Detached,4,4,120,Used,FALSE,Semi-Furnished,5.6887241,-0.2270226,Ashomang Estate,Greater Accra
13/07/2023,3000,Flats,3,2,123,New,FALSE,Unfurnished,5.5344155,-0.4252737,Kasoa,Greater Accra
27/02/2024,600,Flats,1,1,14,Used,FALSE,Semi-Furnished,6.6932173,-1.627507,Kumasi Metropolitan,Ashanti
11/10/2025,5000,Detached,3,2,45,Used,FALSE,Unfurnished,5.6376136,-0.1266064,Spintex,Greater Accra
4/4/2025,700,Flats,1,1,14,New,FALSE,Semi-Furnished,6.6932173,-1.627507,Kumasi Metropolitan,Ashanti
30/05/2023,15000,Flats,3,4,700,New,FALSE,Furnished,5.612781,-0.234345,Achimota,Greater Accra
28/06/2023,10200,Flats,3,2,18,Used,FALSE,Unfurnished,5.6802129,-0.1372479,Ashaley Botwe,Greater Accra
18/09/2025,8000,Detached,2,3,100,New,FALSE,Unfurnished,5.5862504,-0.1394584,Teshie,Greater Accra
19/02/2023,6000,Flats,3,3,100,Used,FALSE,Semi-Furnished,5.7023611,-0.2069455,Old Ashomang,Greater Accra
10/1/2025,3500,Flats,2,2,16,New,FALSE,Unfurnished,5.5831665,-0.1046082,Teshie,Greater Accra
18/07/2025,8000,Detached,6,6,800,New,FALSE,Unfurnished,5.666671,-0.4313729,Ga South Municipal,Greater Accra
26/12/2023,2000,Flats,2,2,21,New,FALSE,Unfurnished,5.5459415,-0.2103988,Accra Metropolitan,Greater Accra
13/09/2024,850,Flats,1,1,1234,New,FALSE,Unfurnished,5.8142836,0.0746767,Kasoa,Greater Accra
13/01/2024,2500,Flats,2,2,145,Used,FALSE,Semi-Furnished,5.6358281,-0.1613592,East Legon,Greater Accra
22/02/2024,3000,Detached,7,4,111,Used,FALSE,Unfurnished,5.612781,-0.234345,Achimota,Greater Accra
29/04/2024,2500,Flats,2,2,100,New,FALSE,Semi-Furnished,5.7141674,-0.15418,Adenta,Greater Accra
16/11/2024,6000,Duplex,4,4,100,Used,FALSE,Unfurnished,5.7556353,-0.1738945,Oyarifa,Greater Accra
5/2/2025,18000,Detached,4,5,1440,Used,FALSE,Semi-Furnished,5.6358281,-0.1613592,East Legon,Greater Accra
23/06/2024,18000,Flats,2,3,90,New,FALSE,Furnished,5.5682665,-0.1717396,Labone,Greater Accra
10/4/2024,2500,Flats,2,2,3333,Renovated,FALSE,Unfurnished,5.7141674,-0.15418,Adenta,Greater Accra
10/8/2023,2000,Flats,2,2,15,New,FALSE,Unfurnished,5.5831665,-0.1046082,Teshie,Greater Accra
18/08/2023,2500,Flats,2,2,700,Used,FALSE,Unfurnished,5.5427477,-0.2565425,Dansoman,Greater Accra
3/12/2023,22500,Detached,3,4,100,New,FALSE,Furnished,5.5459415,-0.2103988,Accra Metropolitan,Greater Accra
28/05/2023,8000,Flats,3,4,500,Used,FALSE,Furnished,5.6563118,-0.0093266,Tema Metropolitan,Greater Accra
30/07/2023,10000,Detached,4,3,450,Used,FALSE,Unfurnished,5.6844172,-0.2537157,Ga West Municipal,Greater Accra
6/4/2023,1500,Flats,1,1,25,Renovated,FALSE,Semi-Furnished,5.6358281,-0.1613592,East Legon,Greater Accra
26/07/2025,3000,Detached,3,2,50,Used,FALSE,Unfurnished,5.5459415,-0.2103988,Accra Metropolitan,Greater Accra
27/02/2025,12600,Townhouse,2,2,300,New,FALSE,Unfurnished,5.6358281,-0.1613592,East Legon,Greater Accra
10/12/2025,5000,Detached,5,5,14,New,FALSE,Semi-Furnished,6.6932173,-1.627507,Kumasi Metropolitan,Ashanti
13/08/2023,2500,Flats,2,3,200,New,FALSE,Semi-Furnished,5.7141674,-0.15418,Adenta,Greater Accra
17/04/2025,2000,Flats,3,2,200,New,FALSE,Furnished,5.5344155,-0.4252737,Kasoa,Greater Accra
17/05/2025,6500,Flats,1,1,100,New,FALSE,Semi-Furnished,5.6358281,-0.1613592,East Legon,Greater Accra
8/8/2025,12500,Townhouse,4,5,2558,New,FALSE,Furnished,5.6274508,-0.0872742,Spintex,Greater Accra
2/3/2024,7500,Detached,4,4,80,New,FALSE,Semi-Furnished,5.6694251,-0.203367,Haatso,Greater Accra
9/1/2024,3800,Detached,4,4,120,Used,FALSE,Semi-Furnished,5.6563118,-0.0093266,Tema Metropolitan,Greater Accra
7/2/2025,27000,Townhouse,3,3,203,New,FALSE,Semi-Furnished,5.6376136,-0.1266064,Spintex,Greater Accra
27/06/2025,7000,Flats,2,2,939,New,FALSE,Semi-Furnished,5.5862504,-0.1394584,Teshie,Greater Accra
22/05/2024,3000,Flats,4,4,120,New,FALSE,Semi-Furnished,5.6887241,-0.2270226,Ashomang Estate,Greater Accra
9/7/2024,12297,Detached,4,5,150,New,FALSE,Semi-Furnished,5.6358281,-0.1613592,East Legon,Greater Accra
12/12/2025,34670,Detached,5,5,100,Used,FALSE,Furnished,5.5459415,-0.2103988,Accra Metropolitan,Greater Accra
22/11/2024,3000,Detached,3,4,2500,New,FALSE,Semi-Furnished,5.7556353,-0.1738945,Oyarifa,Greater Accra
28/12/2025,2500,Flats,1,1,145,New,FALSE,Semi-Furnished,5.6825806,-0.1916501,North Legon,Greater Accra
1/11/2023,1500,Flats,1,1,120,New,FALSE,Furnished,6.6932173,-1.627507,Kumasi Metropolitan,Ashanti
16/07/2023,16200,Flats,2,2,100,Used,FALSE,Furnished,5.7141674,-0.15418,Adenta,Greater Accra
12/1/2024,3000,Flats,2,3,145,New,FALSE,Semi-Furnished,5.6694251,-0.203367,Haatso,Greater Accra
5/11/2024,1300,Flats,1,1,100,New,FALSE,Furnished,5.6563118,-0.0093266,Tema Metropolitan,Greater Accra
8/11/2024,4000,Flats,2,2,200,New,FALSE,Semi-Furnished,5.6358281,-0.1613592,East Legon,Greater Accra
29/04/2024,1000,Flats,1,1,100,New,FALSE,Furnished,6.6932173,-1.627507,Kumasi Metropolitan,Ashanti
17/02/2025,600,Flats,1,1,385,Used,FALSE,Furnished,6.6932173,-1.627507,Kumasi Metropolitan,Ashanti
4/11/2023,22370,Detached,5,6,150,Used,FALSE,Semi-Furnished,5.6358281,-0.1613592,East Legon,Greater Accra
22/09/2024,32700,Detached,5,5,432,Used,FALSE,Semi-Furnished,5.6149107,-0.0484066,Tema Metropolitan,Greater Accra
14/01/2025,6800,Detached,4,3,13,Used,FALSE,Semi-Furnished,5.5831665,-0.1046082,Teshie,Greater Accra
9/3/2023,40750,Flats,3,4,300,Used,FALSE,Furnished,5.5572854,-0.1824488,Osu,Greater Accra
13/02/2024,18600,Duplex,4,5,100,New,FALSE,Semi-Furnished,5.6563118,-0.0093266,Tema Metropolitan,Greater Accra
2/11/2023,46400,Detached,4,5,120,New,FALSE,Furnished,5.6510376,-0.1354586,Adjiriganor,Greater Accra
25/08/2025,1500,Flats,1,1,300,New,FALSE,Semi-Furnished,5.7141674,-0.15418,Adenta,Greater Accra
23/02/2025,1800,Semi-Detached,2,2,35,New,FALSE,Semi-Furnished,6.6932173,-1.627507,Kumasi Metropolitan,Ashanti
27/02/2024,8000,Detached,3,3,653,New,FALSE,Semi-Furnished,5.5459415,-0.2103988,Accra Metropolitan,Greater Accra
2/12/2024,13500,Detached,3,4,800,New,FALSE,Furnished,5.7141674,-0.15418,Adenta,Greater Accra
1/6/2023,2000,Flats,2,2,145,New,FALSE,Semi-Furnished,5.6802129,-0.1372479,Ashaley Botwe,Greater Accra
13/10/2023,8800,Flats,2,3,700,New,FALSE,Semi-Furnished,5.6510376,-0.1354586,Adjiriganor,Greater Accra
14/04/2024,17000,Detached,12,10,3000,New,FALSE,Semi-Furnished,5.1816942,-2.027319,Tarkwa Nsuaem,Western Region
4/3/2024,1300,Flats,3,2,14,New,FALSE,Semi-Furnished,6.6932173,-1.627507,Kumasi Metropolitan,Ashanti
29/09/2025,9931,Detached,5,6,145,New,FALSE,Semi-Furnished,5.6694251,-0.203367,Haatso,Greater Accra
24/05/2025,3500,Flats,3,3,50,Renovated,FALSE,Semi-Furnished,9.4109994,-0.7152749,Tamale Municipal,Northern Region
6/3/2024,9000,Detached,4,4,140,New,FALSE,Semi-Furnished,5.7556353,-0.1738945,Oyarifa,Greater Accra
8/9/2023,14260,Detached,3,2,100,New,FALSE,Semi-Furnished,5.6376136,-0.1266064,Spintex,Greater Accra
17/03/2024,3500,Flats,1,2,5000,New,FALSE,Semi-Furnished,5.6376136,-0.1266064,Spintex,Greater Accra
17/08/2025,15000,Duplex,3,3,100,New,FALSE,Semi-Furnished,5.6510376,-0.1354586,Adjiriganor,Greater Accra
15/01/2023,36000,Mansion,4,4,600,New,FALSE,Furnished,5.6802129,-0.1372479,Ashaley Botwe,Greater Accra
3/12/2024,2500,Flats,2,2,550,Used,FALSE,Semi-Furnished,5.7141674,-0.15418,Adenta,Greater Accra
24/12/2023,7000,Semi-Detached,2,2,80,Used,FALSE,Furnished,5.6376136,-0.1266064,Spintex,Greater Accra
11/4/2023,3200,Flats,2,2,145,Used,FALSE,Semi-Furnished,5.6358281,-0.1613592,East Legon,Greater Accra
13/08/2025,2000,Flats,2,2,120,New,FALSE,Semi-Furnished,5.6887241,-0.2270226,Ashomang Estate,Greater Accra
8/9/2024,18750,Flats,2,3,100,New,FALSE,Furnished,5.6061047,-0.1860362,Airport Residential Area,Greater Accra
19/03/2025,16500,Duplex,3,4,2222,New,FALSE,Semi-Furnished,5.612781,-0.234345,Achimota,Greater Accra
18/07/2023,11000,Duplex,7,7,609,New,FALSE,Semi-Furnished,5.5459415,-0.2103988,Accra Metropolitan,Greater Accra
1/6/2024,2500,Flats,2,2,200,Used,FALSE,Semi-Furnished,5.8142836,0.0746767,Abokobi,Greater Accra
25/06/2023,4000,Detached,4,4,250,New,FALSE,Furnished,6.6932173,-1.627507,Kumasi Metropolitan,Ashanti
16/04/2023,6000,Flats,2,2,111,Used,FALSE,Semi-Furnished,5.6061047,-0.1860362,Airport Residential Area,Greater Accra
17/05/2025,5000,Detached,3,4,150,Used,FALSE,Semi-Furnished,5.6358281,-0.1613592,East Legon,Greater Accra
13/10/2023,10500,Flats,1,1,700,New,FALSE,Furnished,6.6932173,-1.627507,Kumasi Metropolitan,Ashanti
7/1/2024,8000,Detached,3,3,371,Used,FALSE,Semi-Furnished,5.6358281,-0.1613592,East Legon,Greater Accra
15/04/2025,18769,Detached,5,5,150,Used,FALSE,Semi-Furnished,5.6358281,-0.1613592,East Legon,Greater Accra
1/8/2024,1800,Flats,2,2,120,New,FALSE,Semi-Furnished,5.6887241,-0.2270226,Ashomang Estate,Greater Accra
9/9/2024,900,Flats,1,1,20,Used,FALSE,Semi-Furnished,5.6141232,-0.1956471,Dworwulu,Greater Accra
17/03/2025,9540,Flats,2,3,145,New,FALSE,Furnished,5.6358281,-0.1613592,East Legon,Greater Accra
3/11/2024,29500,Flats,3,3,10,New,FALSE,Furnished,5.6358281,-0.1613592,East Legon,Greater Accra
28/07/2024,6600,Flats,2,3,865,New,FALSE,Semi-Furnished,5.5459415,-0.2103988,Accra Metropolitan,Greater Accra
28/11/2025,3500,Detached,3,3,100,New,FALSE,Semi-Furnished,5.7880688,-0.129937,Adenta,Greater Accra
14/08/2023,2500,Flats,2,3,100,New,FALSE,Semi-Furnished,5.7023611,-0.2069455,Old Ashomang,Greater Accra
11/4/2023,9300,Detached,4,3,5000,Renovated,FALSE,Semi-Furnished,5.7075861,-0.1600324,Adenta,Greater Accra
25/10/2024,3000,Detached,3,4,975,Used,FALSE,Semi-Furnished,5.6802129,-0.1372479,Ashaley Botwe,Greater Accra
21/05/2024,10000,Townhouse,4,5,2000,New,FALSE,Semi-Furnished,5.6358281,-0.1613592,East Legon,Greater Accra
21/04/2025,8500,Flats,1,1,100,Used,FALSE,Furnished,5.6274508,-0.0872742,Spintex,Greater Accra
9/7/2025,5000,Flats,2,3,200,New,FALSE,Semi-Furnished,5.6358281,-0.1613592,East Legon,Greater Accra
31/10/2023,24000,Flats,3,3,80,Used,FALSE,Furnished,5.6510376,-0.1354586,Adjiriganor,Greater Accra
9/5/2023,48000,Flats,3,3,150,Used,FALSE,Furnished,5.6358281,-0.1613592,East Legon,Greater Accra
18/10/2024,10000,Detached,3,3,800,New,FALSE,Semi-Furnished,5.6376136,-0.1266064,Spintex,Greater Accra
8/3/2024,3500,Flats,2,3,1000,New,FALSE,Semi-Furnished,5.7141674,-0.15418,Adenta,Greater Accra
12/11/2023,5800,Flats,3,3,100,New,FALSE,Furnished,5.6563118,-0.0093266,Tema Metropolitan,Greater Accra
2/2/2023,3200,Flats,2,3,4999,New,FALSE,Semi-Furnished,5.6376136,-0.1266064,Spintex,Greater Accra
28/10/2025,800,Flats,1,1,120,Used,FALSE,Semi-Furnished,7.2376234,-2.3616203,Sunyani Municipal,Brong Ahafo
16/04/2024,1200,Detached,2,1,15,New,FALSE,Semi-Furnished,5.5831665,-0.1046082,Teshie,Greater Accra
17/01/2023,12800,Flats,2,2,100,New,FALSE,Semi-Furnished,5.5862504,-0.1394584,Teshie,Greater Accra
12/4/2024,6500,Flats,1,1,545,New,FALSE,Furnished,5.6563118,-0.0093266,Tema Metropolitan,Greater Accra
31/07/2023,1200,Flats,1,1,13,Used,FALSE,Semi-Furnished,5.5831665,-0.1046082,Teshie,Greater Accra
4/2/2025,900,Flats,1,1,20,New,FALSE,Semi-Furnished,5.7880688,-0.129937,Adenta,Greater Accra
19/07/2025,5000,Flats,2,2,45,Used,FALSE,Furnished,5.6731273,-0.1663851,Madina,Greater Accra
1/12/2024,25000,Detached,5,6,200,New,FALSE,Semi-Furnished,5.6061047,-0.1860362,Airport Residential Area,Greater Accra
3/4/2025,10000,Detached,3,4,765,New,FALSE,Semi-Furnished,5.5459415,-0.2103988,Accra Metropolitan,Greater Accra
10/4/2024,2200,Detached,3,2,100,Used,FALSE,Semi-Furnished,5.7023611,-0.2069455,Old Ashomang,Greater Accra
3/5/2023,5000,Detached,3,3,100,New,FALSE,Semi-Furnished,5.7556353,-0.1738945,Oyarifa,Greater Accra
4/7/2023,3000,Flats,2,2,900,New,FALSE,Furnished,6.5336974,-1.4048249,Atwima Nwabiagya,Ashanti
21/09/2025,2200,Flats,2,2,200,Used,FALSE,Semi-Furnished,5.7141674,-0.15418,Adenta,Greater Accra
1/11/2023,34000,Townhouse,4,5,200,Used,FALSE,Furnished,5.6495001,-0.2100343,West Legon,Greater Accra
3/10/2024,7700,Flats,3,4,749,New,FALSE,Semi-Furnished,5.6061047,-0.1860362,Airport Residential Area,Greater Accra
28/08/2024,1500,Flats,1,1,55,New,FALSE,Semi-Furnished,5.7141674,-0.15418,Adenta,Greater Accra
3/8/2025,1700,Flats,2,2,602,New,FALSE,Semi-Furnished,5.5459415,-0.2103988,Accra Metropolitan,Greater Accra
1/3/2025,11000,Flats,3,4,654,New,FALSE,Semi-Furnished,5.6358281,-0.1613592,East Legon,Greater Accra
21/12/2023,14000,Detached,4,5,980,New,FALSE,Semi-Furnished,5.6376136,-0.1266064,Spintex,Greater Accra
20/07/2025,6500,Detached,3,4,986,New,FALSE,Semi-Furnished,5.6376136,-0.1266064,Spintex,Greater Accra
20/06/2023,700,Flats,1,1,130,Used,FALSE,Semi-Furnished,5.6887241,-0.2270226,Ashomang Estate,Greater Accra
27/10/2025,3000,Flats,2,2,140,Used,FALSE,Semi-Furnished,5.7141674,-0.15418,Adenta,Greater Accra
7/4/2024,6000,Flats,2,2,300,New,FALSE,Semi-Furnished,5.6802129,-0.1372479,Ashaley Botwe,Greater Accra
29/08/2024,15600,Detached,4,5,258,Used,FALSE,Semi-Furnished,5.6358281,-0.1613592,East Legon,Greater Accra
1/2/2024,10000,Detached,4,4,800,New,FALSE,Semi-Furnished,5.6358281,-0.1613592,East Legon,Greater Accra
14/02/2025,13000,Detached,6,6,4999,New,FALSE,Semi-Furnished,5.6376136,-0.1266064,Spintex,Greater Accra
22/03/2024,3500,Detached,3,2,13,New,FALSE,Semi-Furnished,5.5831665,-0.1046082,Teshie,Greater Accra
4/5/2025,900,Flats,1,1,80,New,FALSE,Semi-Furnished,5.6563118,-0.0093266,Tema Metropolitan,Greater Accra
15/08/2024,6000,Flats,3,2,150,Used,FALSE,Semi-Furnished,5.6418074,-0.2279838,Dome,Greater Accra
25/04/2025,5000,Flats,2,3,145,New,FALSE,Semi-Furnished,5.6358281,-0.1613592,East Legon,Greater Accra
21/04/2025,3000,Flats,2,3,111,New,FALSE,Semi-Furnished,5.6061047,-0.1860362,Airport Residential Area,Greater Accra
24/08/2025,38800,Flats,2,2,180,New,FALSE,Furnished,5.6141232,-0.1956471,Dzorwulu,Greater Accra
18/05/2024,4000,Flats,2,2,20,New,FALSE,Semi-Furnished,5.5831665,-0.1046082,Teshie,Greater Accra
19/05/2025,2500,Semi-Detached,2,2,35,New,FALSE,Semi-Furnished,6.6932173,-1.627507,Kumasi Metropolitan,Ashanti
19/02/2024,12619,Detached,3,4,150,Used,FALSE,Furnished,5.6358281,-0.1613592,East Legon,Greater Accra
22/11/2025,3000,Detached,3,2,15,Renovated,FALSE,Semi-Furnished,5.5911585,-0.0938933,Nungua,Greater Accra
26/02/2024,3000,Detached,3,2,120,Used,FALSE,Furnished,6.6932173,-1.627507,Kumasi Metropolitan,Ashanti
17/10/2025,15000,Flats,3,3,1500,New,FALSE,Furnished,5.6141232,-0.1956471,Dzorwulu,Greater Accra
10/9/2025,11419,Detached,3,3,150,Used,FALSE,Semi-Furnished,5.6358281,-0.1613592,East Legon,Greater Accra
23/05/2024,1800,Flats,2,1,350,Used,FALSE,Semi-Furnished,5.7141674,-0.15418,Adenta,Greater Accra
9/6/2023,16628,Detached,4,4,150,Used,FALSE,Semi-Furnished,5.6358281,-0.1613592,East Legon,Greater Accra
5/12/2023,700,Flats,1,1,1800,Used,FALSE,Semi-Furnished,5.7141674,-0.15418,Adenta,Greater Accra
23/01/2023,1500,Flats,1,1,600,New,FALSE,Semi-Furnished,5.721611,-0.1457823,Adenta,Greater Accra
18/11/2025,8000,Detached,4,4,100,New,FALSE,Semi-Furnished,5.6563118,-0.0093266,Tema Metropolitan,Greater Accra
17/02/2024,2000,Detached,3,3,600,Used,FALSE,Semi-Furnished,5.7880688,-0.129937,Adenta,Greater Accra
19/03/2025,10787,Flats,2,2,145,New,FALSE,Semi-Furnished,5.6358281,-0.1613592,East Legon,Greater Accra
25/12/2024,40000,Detached,4,4,126,New,FALSE,Furnished,5.6346309,-0.2214085,West Legon,Greater Accra
6/11/2024,10000,Detached,4,4,800,New,FALSE,Semi-Furnished,5.6802129,-0.1372479,Ashaley Botwe,Greater Accra
23/08/2024,4000,Flats,4,2,16,Used,FALSE,Semi-Furnished,5.6376136,-0.1266064,Spintex,Greater Accra
9/4/2025,6000,Flats,2,3,111,New,FALSE,Semi-Furnished,5.6061047,-0.1860362,Airport Residential Area,Greater Accra
12/1/2025,1004,Flats,1,1,759,Used,FALSE,Semi-Furnished,5.6802129,-0.1372479,Ashaley Botwe,Greater Accra
12/1/2024,24390,Detached,2,2,250,Renovated,FALSE,Furnished,5.6358281,-0.1613592,East Legon,Greater Accra
18/11/2025,9000,Flats,2,2,111,New,FALSE,Semi-Furnished,5.6061047,-0.1860362,Airport Residential Area,Greater Accra
26/12/2025,1200,Flats,1,1,14,New,FALSE,Semi-Furnished,6.6932173,-1.627507,Kumasi Metropolitan,Ashanti
21/12/2025,5000,Flats,2,2,100,New,FALSE,Semi-Furnished,5.64174,-0.1517108,East Legon,Greater Accra
23/05/2024,24643,Flats,2,3,145,New,FALSE,Furnished,5.6358281,-0.1613592,East Legon,Greater Accra
20/06/2024,3500,Flats,2,2,50,New,FALSE,Semi-Furnished,5.6495001,-0.2100343,West Legon,Greater Accra
12/7/2023,7000,Flats,2,2,541,Used,FALSE,Furnished,5.6562651,-0.2338473,Dome,Greater Accra
1/5/2023,5500,Detached,3,4,20,Renovated,FALSE,Semi-Furnished,5.5831665,-0.1046082,Teshie,Greater Accra
10/6/2024,2500,Flats,1,2,145,New,FALSE,Semi-Furnished,5.6358281,-0.1613592,East Legon,Greater Accra
9/12/2023,9600,Flats,3,4,100,New,FALSE,Semi-Furnished,5.5862504,-0.1394584,Teshie,Greater Accra
17/03/2024,20000,Detached,3,4,1111,Used,FALSE,Semi-Furnished,5.5767652,-0.1784836,Cantonments,Greater Accra
26/08/2025,24000,Flats,2,2,500,Used,FALSE,Furnished,5.6061047,-0.1860362,Airport Residential Area,Greater Accra
31/10/2023,1500,Flats,2,1,40,Used,FALSE,Semi-Furnished,5.7141674,-0.15418,Adenta,Greater Accra
13/05/2025,9000,Flats,2,3,80,Used,FALSE,Furnished,5.6694251,-0.203367,Haatso,Greater Accra
11/2/2023,7800,Flats,2,2,806,New,FALSE,Semi-Furnished,5.5459415,-0.2103988,Accra Metropolitan,Greater Accra
16/05/2025,7500,Flats,1,1,15,Used,FALSE,Furnished,5.7141674,-0.15418,Adenta,Greater Accra
17/11/2024,450,Semi-Detached,2,1,100,Renovated,FALSE,Semi-Furnished,6.6932173,-1.627507,Kumasi Metropolitan,Ashanti
25/03/2025,18000,Flats,1,1,100,New,FALSE,Furnished,5.6061047,-0.1860362,Airport Residential Area,Greater Accra
14/08/2024,3000,Mansion,4,3,80,Used,FALSE,Semi-Furnished,5.6563118,-0.0093266,Tema Metropolitan,Greater Accra
23/06/2025,35000,Duplex,4,5,222,Used,FALSE,Furnished,5.5862504,-0.1394584,Teshie,Greater Accra
30/10/2025,45000,Flats,5,5,50,Used,FALSE,Furnished,5.6358281,-0.1613592,East Legon,Greater Accra
11/12/2023,4500,Flats,2,2,30,New,FALSE,Semi-Furnished,5.6802129,-0.1372479,Ashaley Botwe,Greater Accra
26/12/2025,43300,Detached,4,4,485,New,FALSE,Semi-Furnished,5.5862504,-0.1394584,Teshie,Greater Accra
30/11/2023,18000,Flats,2,3,100,New,FALSE,Furnished,5.5831665,-0.1046082,Teshie,Greater Accra
5/2/2025,2000,Flats,1,1,100,New,FALSE,Semi-Furnished,5.6376136,-0.1266064,Spintex,Greater Accra
11/8/2024,17000,Flats,2,2,100,New,FALSE,Furnished,5.6358281,-0.1613592,East Legon,Greater Accra
16/04/2023,17000,Detached,4,5,10,New,FALSE,Semi-Furnished,6.6932173,-1.627507,Kumasi Metropolitan,Ashanti
5/3/2024,7000,Detached,3,3,100,New,FALSE,Furnished,6.6932173,-1.627507,Kumasi Metropolitan,Ashanti
13/10/2025,7500,Flats,3,3,20,Used,FALSE,Semi-Furnished,5.6385083,-0.1250963,Spintex,Greater Accra
26/08/2024,3000,Flats,2,3,2000,New,FALSE,Semi-Furnished,5.7141674,-0.15418,Adenta,Greater Accra
5/5/2025,11217,Flats,3,4,145,Used,FALSE,Semi-Furnished,5.6358281,-0.1613592,East Legon,Greater Accra
1/1/2025,1200,Flats,1,1,25,Renovated,FALSE,Semi-Furnished,5.6358281,-0.1613592,East Legon,Greater Accra
24/10/2024,4600,Flats,1,1,17,Used,FALSE,Furnished,5.5862504,-0.1394584,Teshie,Greater Accra
2/8/2024,5000,Flats,3,3,200,Used,FALSE,Semi-Furnished,5.6346309,-0.2214085,West Legon,Greater Accra
11/3/2023,5000,Detached,3,3,254,Used,FALSE,Semi-Furnished,5.6944159,-0.2021951,Agbogba,Greater Accra
27/01/2025,1400,Flats,1,1,200,Used,FALSE,Semi-Furnished,5.5862504,-0.1394584,Teshie,Greater Accra
12/4/2024,3500,Flats,3,4,120,Used,FALSE,Semi-Furnished,5.6887241,-0.2270226,Ashomang Estate,Greater Accra
21/12/2023,18400,Detached,4,4,250,New,FALSE,Semi-Furnished,5.6439894,-0.1485298,East Legon,Greater Accra
4/7/2024,54450,Detached,4,4,1000,Used,FALSE,Semi-Furnished,5.5767652,-0.1784836,Cantonments,Greater Accra
13/02/2024,3500,Flats,2,3,487,New,FALSE,Semi-Furnished,5.7141674,-0.15418,Adenta,Greater Accra
31/03/2025,17800,Detached,4,4,352,New,FALSE,Semi-Furnished,5.6663422,-0.2522717,Taifa-Burkina,Greater Accra
14/06/2024,33750,Detached,5,6,100,Used,FALSE,Semi-Furnished,5.5570305,-0.1762717,Osu,Greater Accra
24/03/2024,550,Flats,1,1,800,New,FALSE,Furnished,6.5336974,-1.4048249,Atwima Nwabiagya,Ashanti
10/5/2025,3500,Flats,3,3,100,Used,FALSE,Semi-Furnished,5.6944159,-0.2021951,Agbogba,Greater Accra
22/08/2023,44000,Mansion,4,4,654,Used,FALSE,Semi-Furnished,5.5767652,-0.1784836,Cantonments,Greater Accra
30/12/2023,31296,Detached,4,4,100,New,FALSE,Furnished,5.6061047,-0.1860362,Airport Residential Area,Greater Accra
20/05/2024,1000,Flats,1,1,16,New,FALSE,Semi-Furnished,5.5831665,-0.1046082,Teshie,Greater Accra
21/10/2025,4500,Detached,5,3,100,Used,FALSE,Semi-Furnished,9.4109994,-0.7152749,Tamale Municipal,Northern Region
9/12/2025,3000,Flats,2,1,140,New,FALSE,Semi-Furnished,5.6772176,-0.1251477,Ashaley Botwe,Greater Accra
25/03/2023,1000,Flats,2,2,100,Used,FALSE,Semi-Furnished,6.6932173,-1.627507,Kumasi Metropolitan,Ashanti
31/05/2024,700,Flats,1,1,1200,New,FALSE,Semi-Furnished,5.7141674,-0.15418,Adenta,Greater Accra
12/8/2024,1500,Flats,1,1,764,New,FALSE,Semi-Furnished,5.5459415,-0.2103988,Accra Metropolitan,Greater Accra
29/05/2025,1500,Flats,2,2,120,New,FALSE,Semi-Furnished,5.6563118,-0.0093266,Tema Metropolitan,Greater Accra
16/07/2025,2200,Semi-Detached,2,3,600,New,FALSE,Semi-Furnished,5.7141674,-0.15418,Adenta,Greater Accra
8/7/2025,30420,Flats,3,2,805,New,FALSE,Furnished,5.6825806,-0.1916501,North Legon,Greater Accra
15/12/2025,40000,Flats,2,2,125,Used,FALSE,Furnished,5.5767652,-0.1784836,Cantonments,Greater Accra
5/8/2023,6404,Flats,2,2,50,New,FALSE,Furnished,5.6358281,-0.1613592,East Legon,Greater Accra
30/11/2023,39500,Detached,3,3,400,Used,FALSE,Furnished,5.6358281,-0.1613592,East Legon,Greater Accra
9/6/2025,700,Flats,1,1,15,Used,FALSE,Semi-Furnished,5.5831665,-0.1046082,Teshie,Greater Accra
14/09/2024,8800,Flats,2,3,700,New,FALSE,Semi-Furnished,5.6510376,-0.1354586,Adjiriganor,Greater Accra
2/7/2023,6000,Flats,2,3,110,New,FALSE,Semi-Furnished,5.5862504,-0.1394584,Teshie,Greater Accra
20/06/2025,1000,Flats,1,1,14,New,FALSE,Semi-Furnished,6.6932173,-1.627507,Kumasi Metropolitan,Ashanti
4/12/2025,2000,Flats,2,2,100,New,FALSE,Semi-Furnished,5.7023611,-0.2069455,Old Ashomang,Greater Accra
6/2/2023,3000,Flats,1,1,5000,New,FALSE,Semi-Furnished,5.6376136,-0.1266064,Spintex,Greater Accra
13/01/2024,4000,Flats,2,3,765,New,FALSE,Semi-Furnished,5.5459415,-0.2103988,Accra Metropolitan,Greater Accra
6/7/2025,2500,Flats,2,3,200,New,FALSE,Semi-Furnished,5.5344155,-0.4252737,Kasoa,Greater Accra
3/3/2025,13061,Flats,3,4,145,Used,FALSE,Semi-Furnished,5.6358281,-0.1613592,East Legon,Greater Accra
26/02/2025,2000,Flats,1,1,100,New,FALSE,Semi-Furnished,5.7141674,-0.15418,Adenta,Greater Accra
26/06/2024,1900,Flats,2,3,200,New,FALSE,Furnished,5.6944159,-0.2021951,Agbogba,Greater Accra
10/4/2023,1700,Flats,2,2,120,Used,FALSE,Semi-Furnished,5.6887241,-0.2270226,Ashomang Estate,Greater Accra
10/4/2024,16000,Flats,2,2,100,New,FALSE,Furnished,5.6358281,-0.1613592,East Legon,Greater Accra
26/08/2025,4000,Flats,2,2,10,New,FALSE,Semi-Furnished,5.64174,-0.1517108,East Legon,Greater Accra
19/09/2024,4500,Flats,2,2,300,New,FALSE,Semi-Furnished,5.6802129,-0.1372479,Ashaley Botwe,Greater Accra
2/2/2023,6000,Detached,2,2,202,New,FALSE,Semi-Furnished,5.6563118,-0.0093266,Tema Metropolitan,Greater Accra
12/10/2023,22500,Detached,3,4,100,New,FALSE,Furnished,5.5459415,-0.2103988,Accra Metropolitan,Greater Accra
21/12/2024,48880,Townhouse,3,4,200,New,FALSE,Semi-Furnished,5.5682665,-0.1717396,Labone,Greater Accra
29/07/2025,6500,Flats,3,3,20,Used,FALSE,Semi-Furnished,5.5862504,-0.1394584,Teshie,Greater Accra
31/05/2023,2200,Semi-Detached,2,2,60,New,FALSE,Semi-Furnished,5.7767998,-0.181049,Oyarifa,Greater Accra
10/4/2025,7000,Detached,4,3,100,Used,FALSE,Semi-Furnished,5.7023611,-0.2069455,Old Ashomang,Greater Accra
10/8/2023,1000,Flats,1,1,1000,Used,FALSE,Semi-Furnished,5.6802129,-0.1372479,Ashaley Botwe,Greater Accra
29/09/2023,1300,Flats,1,1,25,Renovated,FALSE,Semi-Furnished,5.6358281,-0.1613592,East Legon,Greater Accra
11/4/2023,1300,Flats,1,1,14,New,FALSE,Semi-Furnished,6.6932173,-1.627507,Kumasi Metropolitan,Ashanti
9/11/2023,1300,Detached,2,2,16,Used,FALSE,Semi-Furnished,5.5831665,-0.1046082,Teshie,Greater Accra
23/05/2024,11000,Duplex,5,4,4999,Used,FALSE,Semi-Furnished,5.6376136,-0.1266064,Spintex,Greater Accra
8/10/2023,5000,Duplex,3,3,13,Renovated,FALSE,Semi-Furnished,5.5831665,-0.1046082,Teshie,Greater Accra
2/5/2023,1000,Flats,1,1,900,Used,FALSE,Semi-Furnished,5.6887241,-0.2270226,Ashomang Estate,Greater Accra
27/11/2025,1500,Flats,1,1,140,New,FALSE,Semi-Furnished,5.7141674,-0.15418,Adenta,Greater Accra
1/7/2023,3500,Flats,3,4,986,New,FALSE,Semi-Furnished,5.6376136,-0.1266064,Spintex,Greater Accra
12/11/2023,4000,Detached,5,3,700,Used,FALSE,Semi-Furnished,5.7252259,-0.1549277,Adenta,Greater Accra
25/02/2023,13600,Flats,2,2,100,Used,FALSE,Furnished,5.6141232,-0.1956471,Dzorwulu,Greater Accra
14/05/2024,5000,Flats,2,1,100,Used,FALSE,Furnished,9.4109994,-0.7152749,Tamale Municipal,Northern Region
17/12/2024,8000,Detached,1,1,80,New,FALSE,Semi-Furnished,5.6358281,-0.1613592,East Legon,Greater Accra
4/5/2024,4000,Flats,2,3,980,New,FALSE,Semi-Furnished,5.6376136,-0.1266064,Spintex,Greater Accra
12/7/2023,6000,Detached,3,3,100,Used,FALSE,Semi-Furnished,5.6802129,-0.1372479,Ashaley Botwe,Greater Accra
15/02/2024,2000,Flats,3,3,100,Used,FALSE,Furnished,6.6932173,-1.627507,Kumasi Metropolitan,Ashanti
23/09/2024,18450,Flats,1,1,95,New,FALSE,Furnished,5.6358281,-0.1613592,East Legon,Greater Accra
17/03/2024,7000,Detached,3,4,5000,New,FALSE,Semi-Furnished,5.7141674,-0.15418,Adenta,Greater Accra
21/10/2023,2000,Flats,2,3,300,New,FALSE,Semi-Furnished,5.7141674,-0.15418,Adenta,Greater Accra
24/02/2024,21194,Detached,4,5,150,New,FALSE,Semi-Furnished,5.6358281,-0.1613592,East Legon,Greater Accra
13/06/2025,1000,Flats,1,1,3000,Used,FALSE,Semi-Furnished,5.7141674,-0.15418,Adenta,Greater Accra
12/11/2024,6500,Detached,3,3,580,New,FALSE,Semi-Furnished,5.6510376,-0.1354586,Adjiriganor,Greater Accra
11/5/2023,2300,Flats,3,3,350,Used,FALSE,Semi-Furnished,5.6802129,-0.1372479,Ashaley Botwe,Greater Accra
12/2/2023,22500,Duplex,4,4,1800,Used,FALSE,Semi-Furnished,5.6510376,-0.1354586,Adjiriganor,Greater Accra
14/09/2023,2500,Flats,3,4,17,New,FALSE,Semi-Furnished,5.5831665,-0.1046082,Teshie,Greater Accra
25/12/2023,3000,Flats,2,1,145,Used,FALSE,Semi-Furnished,5.6358281,-0.1613592,East Legon,Greater Accra
15/07/2024,7000,Flats,3,4,100,New,FALSE,Semi-Furnished,5.6694251,-0.203367,Haatso,Greater Accra
7/3/2023,2500,Flats,2,1,600,New,FALSE,Semi-Furnished,5.612781,-0.234345,Achimota,Greater Accra
24/10/2024,3000,Detached,5,4,110,Used,FALSE,Semi-Furnished,9.4109994,-0.7152749,Tamale Municipal,Northern Region
7/3/2023,1200,Flats,2,1,30,New,FALSE,Semi-Furnished,5.666671,-0.4313729,Ga South Municipal,Greater Accra
4/7/2024,1500,Flats,1,1,4999,Used,FALSE,Semi-Furnished,5.6376136,-0.1266064,Spintex,Greater Accra
25/04/2024,8000,Flats,3,3,18,New,FALSE,Semi-Furnished,5.5862504,-0.1394584,Teshie,Greater Accra
7/8/2023,30000,Detached,4,5,385,New,FALSE,Semi-Furnished,5.6061047,-0.1860362,Airport Residential Area,Greater Accra
19/02/2023,21100,Flats,2,2,145,Used,FALSE,Furnished,5.6358281,-0.1613592,East Legon,Greater Accra
10/9/2023,3500,Flats,1,1,100,Used,FALSE,Furnished,5.6095075,-0.2507539,Lapaz,Greater Accra
21/10/2023,9600,Detached,5,5,223,New,FALSE,Semi-Furnished,5.5646592,-0.1565747,Labadi,Greater Accra
3/7/2023,4000,Flats,1,1,958,Used,FALSE,Semi-Furnished,5.6358281,-0.1613592,East Legon,Greater Accra
10/6/2023,12000,Flats,1,1,4578,Used,FALSE,Furnished,5.6731273,-0.1663851,Madina,Greater Accra
18/03/2023,15442,Flats,2,3,121,New,FALSE,Furnished,5.6376136,-0.1266064,Spintex,Greater Accra
16/09/2023,6000,Flats,2,3,111,New,FALSE,Semi-Furnished,5.6061047,-0.1860362,Airport Residential Area,Greater Accra
28/10/2023,4000,Flats,3,4,200,Used,FALSE,Semi-Furnished,5.6529542,-0.2170221,Dome,Greater Accra
17/06/2023,3500,Flats,3,3,95,New,FALSE,Semi-Furnished,5.6563118,-0.0093266,Tema Metropolitan,Greater Accra
23/04/2024,11910,Detached,2,2,120,Used,FALSE,Furnished,5.6376136,-0.1266064,Spintex,Greater Accra
3/6/2025,2000,Flats,2,2,250,New,FALSE,Semi-Furnished,5.7556353,-0.1738945,Oyarifa,Greater Accra
23/05/2024,1800,Flats,1,2,4999,New,FALSE,Semi-Furnished,5.6376136,-0.1266064,Spintex,Greater Accra
9/6/2024,9300,Flats,3,3,150,Used,FALSE,Semi-Furnished,5.5862504,-0.1394584,Teshie,Greater Accra
12/6/2023,11550,Flats,2,2,80,New,FALSE,Semi-Furnished,5.6358281,-0.1613592,East Legon,Greater Accra
10/3/2024,6500,Duplex,4,5,986,New,FALSE,Semi-Furnished,5.6376136,-0.1266064,Spintex,Greater Accra
25/11/2023,11700,Flats,2,2,140,Used,FALSE,Semi-Furnished,5.6358281,-0.1613592,East Legon,Greater Accra
27/09/2023,10500,Duplex,4,5,976,New,FALSE,Semi-Furnished,5.6802129,-0.1372479,Ashaley Botwe,Greater Accra
18/01/2025,1500,Semi-Detached,1,1,600,Used,FALSE,Semi-Furnished,5.7141674,-0.15418,Adenta,Greater Accra
26/08/2025,5000,Flats,2,3,111,New,FALSE,Semi-Furnished,5.6061047,-0.1860362,Airport Residential Area,Greater Accra
4/7/2023,8000,Flats,2,2,604,New,FALSE,Furnished,5.5459415,-0.2103988,Accra Metropolitan,Greater Accra
20/03/2025,7985,Detached,3,4,170,New,FALSE,Semi-Furnished,5.6358281,-0.1613592,East Legon,Greater Accra
17/07/2023,9200,Flats,2,2,128,Used,FALSE,Semi-Furnished,5.5862504,-0.1394584,Teshie,Greater Accra
9/7/2023,3000,Flats,3,4,100,New,FALSE,Semi-Furnished,5.8129581,-0.1179155,Oyibi,Greater Accra
18/04/2025,1300,Flats,1,1,12,Used,FALSE,Semi-Furnished,5.5862504,-0.1394584,Teshie,Greater Accra
16/05/2023,1100,Flats,2,2,120,New,FALSE,Semi-Furnished,5.700273,-0.302078,Pokuase,Greater Accra
27/08/2024,21600,Flats,2,2,250,Used,FALSE,Furnished,5.5570305,-0.1762717,Osu,Greater Accra
24/03/2024,1500,Flats,3,3,250,New,FALSE,Semi-Furnished,5.8142836,0.0746767,Kasoa,Greater Accra
26/07/2024,8000,Flats,1,2,5000,New,FALSE,Furnished,5.6376136,-0.1266064,Spintex,Greater Accra
28/06/2023,3500,Flats,1,1,100,Used,FALSE,Furnished,9.4109994,-0.7152749,Tamale Municipal,Northern Region
26/06/2023,10000,Flats,1,1,222,New,FALSE,Furnished,5.6358281,-0.1613592,East Legon,Greater Accra
19/08/2025,2500,Flats,1,1,2000,New,FALSE,Semi-Furnished,5.6358281,-0.1613592,East Legon,Greater Accra
5/1/2024,18733,Flats,2,3,145,New,FALSE,Semi-Furnished,5.5767652,-0.1784836,Cantonments,Greater Accra
20/05/2023,2500,Detached,3,3,300,New,FALSE,Semi-Furnished,5.7141674,-0.15418,Adenta,Greater Accra
26/11/2024,16982,Detached,3,4,600,New,FALSE,Furnished,5.7672084,-0.1799344,Oyarifa,Greater Accra
6/1/2024,24000,Flats,1,1,45,Used,FALSE,Furnished,5.6358281,-0.1613592,East Legon,Greater Accra
8/3/2023,12000,Flats,3,3,521,New,FALSE,Semi-Furnished,5.6358281,-0.1613592,East Legon,Greater Accra
15/07/2023,1000,Flats,1,1,764,New,FALSE,Semi-Furnished,5.5459415,-0.2103988,Accra Metropolitan,Greater Accra
19/11/2023,2500,Flats,1,1,145,Used,FALSE,Semi-Furnished,5.6358281,-0.1613592,East Legon,Greater Accra
5/2/2023,16500,Duplex,4,4,265,New,FALSE,Semi-Furnished,5.612781,-0.234345,Achimota,Greater Accra
8/3/2024,30000,Flats,2,2,190,New,FALSE,Furnished,5.6825806,-0.1916501,North Legon,Greater Accra
10/9/2024,3500,Detached,4,3,3458,Used,FALSE,Semi-Furnished,5.5511744,-0.2526163,Ablekuma,Greater Accra
12/3/2024,2500,Flats,2,2,5000,New,FALSE,Semi-Furnished,5.6663422,-0.2522717,Taifa-Burkina,Greater Accra
26/07/2023,16500,Townhouse,3,4,300,New,FALSE,Semi-Furnished,5.612781,-0.234345,Achimota,Greater Accra
1/7/2023,2500,Detached,2,2,455,New,FALSE,Semi-Furnished,5.7062137,-0.3019281,Ga West Municipal,Greater Accra
26/07/2023,4000,Flats,2,2,145,Used,FALSE,Semi-Furnished,5.6358281,-0.1613592,East Legon,Greater Accra
24/04/2023,2000,Detached,4,3,150,Used,FALSE,Furnished,6.6932173,-1.627507,Kumasi Metropolitan,Ashanti
16/11/2023,9000,Flats,2,2,100,New,FALSE,Furnished,5.7141674,-0.15418,Adenta,Greater Accra
27/04/2023,1200,Flats,1,1,200,Used,FALSE,Semi-Furnished,5.7023611,-0.2069455,Old Ashomang,Greater Accra
30/08/2023,12000,Flats,2,2,14,New,FALSE,Furnished,6.6932173,-1.627507,Kumasi Metropolitan,Ashanti
7/4/2024,12195,Detached,4,5,180,Used,FALSE,Semi-Furnished,5.622277,-0.125897,Spintex,Greater Accra
26/07/2025,18480,Detached,3,4,150,Used,FALSE,Semi-Furnished,5.6358281,-0.1613592,East Legon,Greater Accra
17/07/2024,3500,Townhouse,4,2,18,Used,FALSE,Semi-Furnished,5.8142836,0.0746767,Ledzokuku-Krowor,Greater Accra
14/01/2023,2500,Flats,2,2,15,Used,FALSE,Semi-Furnished,5.5831665,-0.1046082,Teshie,Greater Accra
28/08/2025,13000,Flats,1,2,120,New,FALSE,Furnished,5.6376136,-0.1266064,Spintex,Greater Accra
3/3/2024,2700,Flats,2,2,145,Used,FALSE,Semi-Furnished,5.6802129,-0.1372479,Ashaley Botwe,Greater Accra
22/03/2023,4000,Detached,5,5,900,New,FALSE,Semi-Furnished,5.5511744,-0.2526163,Ablekuma,Greater Accra
19/06/2025,2000,Flats,2,2,17,New,FALSE,Semi-Furnished,5.5831665,-0.1046082,Teshie,Greater Accra
20/07/2024,4000,Detached,8,9,100,New,FALSE,Semi-Furnished,6.6932173,-1.627507,Kumasi Metropolitan,Ashanti
2/11/2023,11500,Duplex,3,4,214,New,FALSE,Semi-Furnished,5.6358281,-0.1613592,East Legon,Greater Accra
16/05/2024,3000,Flats,3,3,140,New,FALSE,Semi-Furnished,5.6731273,-0.1663851,Madina,Greater Accra
9/8/2024,5965,Flats,2,2,111,New,FALSE,Semi-Furnished,5.6376136,-0.1266064,Spintex,Greater Accra
18/02/2025,2250,Flats,1,1,140,New,FALSE,Semi-Furnished,5.6358281,-0.1613592,East Legon,Greater Accra
29/03/2024,700,Flats,1,1,120,New,FALSE,Semi-Furnished,5.6887241,-0.2270226,Ashomang Estate,Greater Accra
5/5/2025,7200,Duplex,4,4,4899,Used,FALSE,Semi-Furnished,5.6376136,-0.1266064,Spintex,Greater Accra
3/9/2024,15000,Flats,3,3,200,New,FALSE,Furnished,5.6510376,-0.1354586,Adjiriganor,Greater Accra
16/10/2025,45000,Detached,3,3,253,New,FALSE,Furnished,5.5862504,-0.1394584,Teshie,Greater Accra
23/01/2024,17500,Townhouse,3,4,311,Used,FALSE,Semi-Furnished,5.612781,-0.234345,Achimota,Greater Accra
22/07/2024,16000,Mansion,4,4,200,Used,FALSE,Semi-Furnished,5.6510376,-0.1354586,Adjiriganor,Greater Accra
19/01/2025,13235,Detached,2,3,145,New,FALSE,Furnished,5.6510376,-0.1354586,Adjiriganor,Greater Accra
14/11/2025,14000,Flats,2,2,800,New,FALSE,Furnished,5.6510376,-0.1354586,Adjiriganor,Greater Accra
2/8/2024,4000,Detached,4,4,542,New,FALSE,Semi-Furnished,5.5459415,-0.2103988,Accra Metropolitan,Greater Accra
12/8/2024,10000,Detached,4,4,248,Used,FALSE,Semi-Furnished,5.6358281,-0.1613592,East Legon,Greater Accra
25/11/2023,9908,Flats,2,3,145,Used,FALSE,Furnished,5.6358281,-0.1613592,East Legon,Greater Accra
20/06/2023,1000,Flats,1,1,150,Used,FALSE,Semi-Furnished,5.7556353,-0.1738945,Oyarifa,Greater Accra
10/7/2024,1200,Flats,2,2,80,New,FALSE,Semi-Furnished,6.6932173,-1.627507,Kumasi Metropolitan,Ashanti
22/07/2023,30000,Flats,2,3,100,New,FALSE,Furnished,5.6376136,-0.1266064,Spintex,Greater Accra
9/3/2024,2700,Flats,1,1,225,Used,FALSE,Furnished,5.5646592,-0.1565747,Labadi,Greater Accra
29/06/2023,8000,Flats,1,1,100,Used,FALSE,Furnished,6.6932173,-1.627507,Kumasi Metropolitan,Ashanti
16/10/2025,12000,Detached,4,4,100,New,FALSE,Semi-Furnished,5.6802129,-0.1372479,Ashaley Botwe,Greater Accra
5/3/2024,1600,Flats,2,3,16,New,FALSE,Semi-Furnished,5.5831665,-0.1046082,Teshie,Greater Accra
30/09/2023,12000,Flats,3,4,100,Used,FALSE,Semi-Furnished,5.6358281,-0.1613592,East Legon,Greater Accra
16/05/2025,29900,Detached,6,7,896,Used,FALSE,Semi-Furnished,5.612781,-0.234345,Achimota,Greater Accra
4/8/2024,2500,Flats,2,3,15,New,FALSE,Semi-Furnished,6.6932173,-1.627507,Kumasi Metropolitan,Ashanti
23/08/2024,56000,Townhouse,3,3,130,New,FALSE,Furnished,5.6061047,-0.1860362,Airport Residential Area,Greater Accra
23/11/2023,18000,Detached,3,3,900,New,FALSE,Semi-Furnished,5.6358281,-0.1613592,East Legon,Greater Accra
30/04/2025,3500,Detached,3,3,250,New,FALSE,Semi-Furnished,5.7141674,-0.15418,Adenta,Greater Accra
30/11/2024,9849,Detached,3,4,100,Used,FALSE,Semi-Furnished,5.6376136,-0.1266064,Spintex,Greater Accra
3/4/2025,4500,Flats,1,1,16,Used,FALSE,Furnished,5.6442137,-0.2480426,Tantra Hills,Greater Accra
31/10/2025,650,Flats,1,1,15,New,FALSE,Semi-Furnished,6.6932173,-1.627507,Kumasi Metropolitan,Ashanti
15/05/2024,21000,Flats,1,1,100,Used,FALSE,Furnished,5.6731273,-0.1663851,Madina,Greater Accra
20/05/2024,3000,Flats,1,1,30,New,FALSE,Furnished,9.4109994,-0.7152749,Tamale Municipal,Northern Region
25/07/2025,30000,Flats,3,3,16,Used,FALSE,Furnished,5.6061047,-0.1860362,Airport Residential Area,Greater Accra
28/09/2025,5000,Flats,3,3,100,New,FALSE,Semi-Furnished,5.6510376,-0.1354586,Adjiriganor,Greater Accra
16/03/2025,2000,Flats,1,2,5000,New,FALSE,Semi-Furnished,5.6376136,-0.1266064,Spintex,Greater Accra
12/3/2025,1550,Flats,1,1,978,Used,FALSE,Semi-Furnished,5.6802129,-0.1372479,Ashaley Botwe,Greater Accra
28/03/2023,4500,Detached,4,3,580,New,FALSE,Semi-Furnished,5.7252259,-0.1549277,Adenta,Greater Accra
14/01/2025,12000,Flats,3,4,80,New,FALSE,Semi-Furnished,5.6510376,-0.1354586,Adjiriganor,Greater Accra
3/12/2023,800,Detached,1,1,12,Used,FALSE,Semi-Furnished,5.5427477,-0.2565425,Dansoman,Greater Accra
23/12/2024,2500,Detached,2,2,14,New,FALSE,Semi-Furnished,6.6932173,-1.627507,Kumasi Metropolitan,Ashanti
3/2/2023,7000,Flats,1,1,12,New,FALSE,Furnished,5.5570305,-0.1762717,Osu,Greater Accra
5/5/2025,36000,Semi-Detached,1,1,165,New,FALSE,Furnished,5.5767652,-0.1784836,Cantonments,Greater Accra
23/12/2023,14000,Detached,4,4,800,New,FALSE,Semi-Furnished,5.6358281,-0.1613592,East Legon,Greater Accra
16/03/2023,8000,Detached,5,5,985,New,FALSE,Semi-Furnished,5.6376136,-0.1266064,Spintex,Greater Accra
17/12/2025,3000,Flats,2,2,1589,Used,FALSE,Furnished,5.5459415,-0.2103988,Accra Metropolitan,Greater Accra
31/01/2024,2000,Flats,2,2,145,New,FALSE,Semi-Furnished,5.700273,-0.302078,Pokuase,Greater Accra
6/6/2024,20000,Detached,4,4,478,New,FALSE,Semi-Furnished,5.6495001,-0.2100343,West Legon,Greater Accra
9/12/2023,32500,Detached,3,3,100,New,FALSE,Furnished,5.6141232,-0.1956471,Dzorwulu,Greater Accra
9/7/2024,7980,Flats,1,1,145,Used,FALSE,Furnished,5.6358281,-0.1613592,East Legon,Greater Accra
12/1/2024,3000,Flats,2,2,532,New,FALSE,Semi-Furnished,5.6562651,-0.2338473,Dome,Greater Accra
31/01/2025,700,Flats,1,1,150,Used,FALSE,Semi-Furnished,5.7062137,-0.3019281,Ga West Municipal,Greater Accra
4/11/2025,2000,Flats,2,3,145,New,FALSE,Semi-Furnished,5.6944159,-0.2021951,Agbogba,Greater Accra
26/03/2023,2500,Flats,2,2,45,New,FALSE,Semi-Furnished,5.5459415,-0.2103988,Accra Metropolitan,Greater Accra
3/10/2023,17850,Flats,1,1,1000,Used,FALSE,Furnished,5.6061047,-0.1860362,Airport Residential Area,Greater Accra
26/12/2023,1300,Detached,4,2,350,New,FALSE,Furnished,6.6932173,-1.627507,Kumasi Metropolitan,Ashanti
9/4/2025,12000,Detached,3,2,250,Renovated,FALSE,Semi-Furnished,5.6376136,-0.1266064,Spintex,Greater Accra
16/05/2023,16719,Flats,2,3,140,New,FALSE,Semi-Furnished,5.6358281,-0.1613592,East Legon,Greater Accra
4/4/2023,750,Flats,1,1,150,Used,FALSE,Semi-Furnished,5.8129581,-0.1179155,Oyibi,Greater Accra
26/03/2024,4000,Detached,3,4,13,New,FALSE,Semi-Furnished,5.5831665,-0.1046082,Teshie,Greater Accra
3/2/2025,39000,Detached,5,4,150,Used,FALSE,Semi-Furnished,5.5572854,-0.1824488,Osu,Greater Accra
26/03/2023,6000,Flats,1,1,500,New,FALSE,Furnished,5.8142836,0.0746767,Abokobi,Greater Accra
21/06/2025,5500,Flats,2,2,200,New,FALSE,Semi-Furnished,5.6510376,-0.1354586,Adjiriganor,Greater Accra
18/07/2024,16800,Detached,4,4,15,New,FALSE,Furnished,5.6376136,-0.1266064,Spintex,Greater Accra
4/3/2023,1500,Flats,1,1,985,New,FALSE,Semi-Furnished,5.6376136,-0.1266064,Spintex,Greater Accra
17/02/2023,3000,Detached,3,4,150,New,FALSE,Semi-Furnished,5.7141674,-0.15418,Adenta,Greater Accra
15/03/2025,18600,Semi-Detached,3,4,358,New,FALSE,Furnished,5.5459415,-0.2103988,Accra Metropolitan,Greater Accra
7/10/2024,1700,Flats,2,3,100,New,FALSE,Semi-Furnished,5.7556353,-0.1738945,Oyarifa,Greater Accra
6/12/2023,13000,Flats,3,2,700,New,FALSE,Semi-Furnished,5.5794797,-0.1706227,Cantonments,Greater Accra
7/12/2025,35000,Mansion,5,7,1300,New,FALSE,Semi-Furnished,5.6563118,-0.0093266,Tema Metropolitan,Greater Accra
3/7/2024,2500,Flats,1,1,4999,New,FALSE,Semi-Furnished,5.6376136,-0.1266064,Spintex,Greater Accra
17/02/2024,10932,Flats,3,4,145,Used,FALSE,Furnished,5.6358281,-0.1613592,East Legon,Greater Accra
22/12/2025,4000,Detached,2,2,70,New,FALSE,Semi-Furnished,5.6563118,-0.0093266,Tema Metropolitan,Greater Accra
29/01/2023,7000,Detached,3,2,150,Used,FALSE,Semi-Furnished,5.6358281,-0.1613592,East Legon,Greater Accra
8/4/2024,9500,Flats,3,3,2000,New,FALSE,Semi-Furnished,5.6802129,-0.1372479,Ashaley Botwe,Greater Accra
4/3/2023,2200,Flats,2,2,30,Renovated,FALSE,Semi-Furnished,5.6358281,-0.1613592,East Legon,Greater Accra
10/7/2023,1600,Detached,3,3,258,Used,FALSE,Semi-Furnished,5.5461129,-0.4329763,Kasoa,Greater Accra
2/10/2023,1500,Detached,3,2,17,New,FALSE,Semi-Furnished,5.5831665,-0.1046082,Teshie,Greater Accra
1/5/2024,800,Flats,1,1,14,New,FALSE,Semi-Furnished,5.5427477,-0.2565425,Dansoman,Greater Accra
13/05/2023,950,Flats,2,2,258,Used,FALSE,Semi-Furnished,5.5247986,-0.4738293,Kasoa,Greater Accra
4/9/2024,19305,Flats,3,4,100,Used,FALSE,Furnished,5.6376136,-0.1266064,Spintex,Greater Accra
11/4/2025,1500,Flats,2,2,1000,New,FALSE,Semi-Furnished,5.8129581,-0.1179155,Oyibi,Greater Accra
9/11/2025,3500,Detached,4,4,100,New,FALSE,Semi-Furnished,5.7252259,-0.1549277,Adenta,Greater Accra
27/07/2023,2000,Detached,2,2,450,Used,FALSE,Semi-Furnished,5.5117764,-0.3348372,Weija,Greater Accra
1/4/2025,24800,Flats,2,4,185,Used,FALSE,Furnished,5.5862504,-0.1394584,Teshie,Greater Accra
12/12/2025,850,Flats,1,1,986,Used,FALSE,Semi-Furnished,5.6376136,-0.1266064,Spintex,Greater Accra
27/12/2024,41300,Detached,4,4,235,New,FALSE,Semi-Furnished,5.5862504,-0.1394584,Teshie,Greater Accra
28/05/2023,52000,Detached,7,8,200,Used,FALSE,Furnished,5.6694251,-0.203367,Haatso,Greater Accra
13/02/2025,23000,Flats,2,2,800,New,FALSE,Furnished,5.6358281,-0.1613592,East Legon,Greater Accra
20/07/2023,3000,Flats,2,2,400,New,FALSE,Semi-Furnished,6.6932173,-1.627507,Kumasi Metropolitan,Ashanti
28/05/2025,1500,Flats,3,2,800,New,FALSE,Furnished,6.6932173,-1.627507,Kumasi Metropolitan,Ashanti
27/10/2023,3000,Flats,2,1,100,New,FALSE,Semi-Furnished,5.7556353,-0.1738945,Oyarifa,Greater Accra
21/09/2023,700,Flats,1,1,120,New,FALSE,Semi-Furnished,5.6887241,-0.2270226,Ashomang Estate,Greater Accra
21/10/2023,8000,Flats,2,2,14,New,FALSE,Furnished,6.6932173,-1.627507,Kumasi Metropolitan,Ashanti
16/05/2025,42000,Mansion,4,5,100,New,FALSE,Semi-Furnished,5.6439894,-0.1485298,East Legon,Greater Accra
7/1/2025,15000,Flats,2,3,80,Used,FALSE,Furnished,5.5570305,-0.1762717,Osu,Greater Accra
14/07/2024,41998,Detached,4,5,150,New,FALSE,Semi-Furnished,5.5767652,-0.1784836,Cantonments,Greater Accra
14/01/2024,3500,Flats,1,1,70,Renovated,FALSE,Furnished,5.6376136,-0.1266064,Spintex,Greater Accra
27/03/2023,3500,Flats,2,3,250,Used,FALSE,Semi-Furnished,5.7141674,-0.15418,Adenta,Greater Accra
17/04/2025,5500,Duplex,5,5,4500,New,FALSE,Semi-Furnished,5.5459415,-0.2103988,Accra Metropolitan,Greater Accra
8/7/2023,3100,Flats,3,3,70,New,FALSE,Semi-Furnished,5.6293106,-0.1643317,East Legon,Greater Accra
15/12/2023,4000,Detached,3,4,350,New,FALSE,Semi-Furnished,5.7556353,-0.1738945,Oyarifa,Greater Accra
27/05/2025,12000,Detached,4,5,2000,Used,FALSE,Semi-Furnished,5.6376136,-0.1266064,Spintex,Greater Accra
30/12/2024,15500,Detached,3,3,150,Used,FALSE,Semi-Furnished,5.6358281,-0.1613592,East Legon,Greater Accra
12/2/2023,30000,Detached,3,3,400,Used,FALSE,Furnished,6.6932173,-1.627507,Kumasi Metropolitan,Ashanti
8/9/2024,10000,Detached,4,5,200,Used,FALSE,Semi-Furnished,5.6376136,-0.1266064,Spintex,Greater Accra
7/7/2025,21600,Flats,1,2,85,Used,FALSE,Furnished,5.6358281,-0.1613592,East Legon,Greater Accra
23/07/2023,3000,Flats,2,3,145,Used,FALSE,Semi-Furnished,5.6442137,-0.2480426,Tantra Hills,Greater Accra
29/05/2023,4500,Detached,6,5,30,New,FALSE,Semi-Furnished,5.666671,-0.4313729,Ga South Municipal,Greater Accra
24/07/2025,9000,Detached,2,3,500,New,FALSE,Semi-Furnished,5.5459415,-0.2103988,Accra Metropolitan,Greater Accra
7/5/2025,7500,Flats,3,4,160,New,FALSE,Semi-Furnished,5.6825806,-0.1916501,North Legon,Greater Accra
29/09/2023,6000,Detached,3,4,100,New,FALSE,Furnished,9.4109994,-0.7152749,Tamale Municipal,Northern Region
1/12/2023,19200,Flats,2,2,80,Used,FALSE,Furnished,5.6358281,-0.1613592,East Legon,Greater Accra
25/06/2024,17000,Flats,3,4,150,New,FALSE,Semi-Furnished,5.5862504,-0.1394584,Teshie,Greater Accra
12/10/2023,2000,Flats,1,1,701,New,FALSE,Semi-Furnished,5.5459415,-0.2103988,Accra Metropolitan,Greater Accra
17/06/2023,1300,Flats,2,2,100,Used,FALSE,Semi-Furnished,5.6887241,-0.2270226,Ashomang Estate,Greater Accra
12/3/2024,12100,Flats,2,2,145,New,FALSE,Semi-Furnished,5.6358281,-0.1613592,East Legon,Greater Accra
27/10/2024,9500,Mansion,6,6,900,New,FALSE,Semi-Furnished,5.7141674,-0.15418,Adenta,Greater Accra
22/03/2023,750,Flats,1,1,40,New,FALSE,Semi-Furnished,5.7141674,-0.15418,Adenta,Greater Accra
1/6/2025,13770,Duplex,5,5,691,New,FALSE,Semi-Furnished,5.6376136,-0.1266064,Spintex,Greater Accra
12/5/2025,5500,Detached,4,5,100,New,FALSE,Semi-Furnished,5.7672084,-0.1799344,Oyarifa,Greater Accra
25/09/2025,13500,Flats,2,3,150,New,FALSE,Furnished,5.5570305,-0.1762717,Osu,Greater Accra
20/06/2025,7000,Flats,2,2,1000,Used,FALSE,Furnished,5.5666403,-0.3334778,Weija,Greater Accra
24/09/2025,5950,Flats,2,2,145,Used,FALSE,Semi-Furnished,5.6358281,-0.1613592,East Legon,Greater Accra
17/02/2023,4000,Flats,2,2,500,New,FALSE,Semi-Furnished,5.6358281,-0.1613592,East Legon,Greater Accra
21/12/2023,13408,Detached,3,4,170,Used,FALSE,Semi-Furnished,5.626295,-0.1339608,Spintex,Greater Accra
2/10/2024,7000,Detached,4,5,100,New,FALSE,Semi-Furnished,5.6619606,-0.1290806,Adjiriganor,Greater Accra
16/09/2024,1400,Flats,1,1,25,New,FALSE,Semi-Furnished,5.6510376,-0.1354586,Adjiriganor,Greater Accra
5/1/2024,1200,Flats,1,1,30,Used,FALSE,Semi-Furnished,5.5511744,-0.2526163,Ablekuma,Greater Accra
14/02/2025,5000,Flats,3,3,145,Used,FALSE,Semi-Furnished,5.6358281,-0.1613592,East Legon,Greater Accra
24/05/2025,5000,Detached,2,2,100,Used,FALSE,Furnished,5.6802129,-0.1372479,Ashaley Botwe,Greater Accra
22/06/2025,5000,Flats,3,3,110,New,FALSE,Semi-Furnished,5.6563118,-0.0093266,Tema Metropolitan,Greater Accra
12/11/2023,17100,Detached,3,4,100,New,FALSE,Furnished,5.7556353,-0.1738945,Oyarifa,Greater Accra
6/3/2025,1500,Semi-Detached,1,1,600,Used,FALSE,Semi-Furnished,5.7252259,-0.1549277,Adenta,Greater Accra
8/9/2023,2500,Flats,2,3,753,New,FALSE,Semi-Furnished,5.5459415,-0.2103988,Accra Metropolitan,Greater Accra
14/11/2024,45000,Flats,2,2,80,Used,FALSE,Furnished,5.6141232,-0.1956471,Dzorwulu,Greater Accra
19/05/2023,11000,Flats,2,2,547,Used,FALSE,Semi-Furnished,5.6358281,-0.1613592,East Legon,Greater Accra
20/08/2025,12000,Flats,2,3,200,Used,FALSE,Furnished,5.6376136,-0.1266064,Spintex,Greater Accra
29/09/2024,700,Flats,1,1,680,New,FALSE,Semi-Furnished,5.5666403,-0.3334778,Weija,Greater Accra
16/03/2025,1400,Flats,2,2,128,New,FALSE,Semi-Furnished,6.1313988,-0.3183792,New-Juaben Municipal,Eastern Region
15/06/2025,500,Flats,1,1,100,Used,FALSE,Furnished,5.5344155,-0.4252737,Kasoa,Greater Accra
9/10/2023,9800,Detached,4,5,111,New,FALSE,Semi-Furnished,5.6061047,-0.1860362,Airport Residential Area,Greater Accra
26/05/2025,32000,Townhouse,4,4,120,New,FALSE,Semi-Furnished,5.6141232,-0.1956471,Dzorwulu,Greater Accra
16/08/2023,4500,Flats,2,2,300,Used,FALSE,Semi-Furnished,5.6358281,-0.1613592,East Legon,Greater Accra
8/9/2025,37500,Flats,4,5,2600,New,FALSE,Furnished,5.6358281,-0.1613592,East Legon,Greater Accra
9/12/2025,2000,Detached,2,2,635,New,FALSE,Semi-Furnished,5.5459415,-0.2103988,Accra Metropolitan,Greater Accra
27/12/2023,2000,Detached,2,2,50,New,FALSE,Semi-Furnished,5.7993966,-0.1222349,Oyibi,Greater Accra
17/03/2025,9000,Flats,3,2,120,Used,FALSE,Semi-Furnished,5.6141232,-0.1956471,Dzorwulu,Greater Accra
14/06/2024,3500,Flats,2,3,140,Used,FALSE,Semi-Furnished,5.6358281,-0.1613592,East Legon,Greater Accra
20/06/2023,6000,Detached,3,3,150,New,FALSE,Semi-Furnished,5.6358281,-0.1613592,East Legon,Greater Accra
7/9/2025,800,Flats,1,1,100,New,FALSE,Furnished,5.5510647,-0.4408037,Awutu Senya East Municipal,Central Region
16/10/2025,10000,Detached,4,5,4528,Used,FALSE,Semi-Furnished,5.7252259,-0.1549277,Adenta,Greater Accra
25/02/2025,2200,Flats,2,3,5000,New,FALSE,Furnished,5.6983973,-0.0279867,Ashaiman Municipal,Greater Accra
6/6/2025,6000,Flats,2,1,100,Used,FALSE,Furnished,5.6562651,-0.2338473,Dome,Greater Accra
10/9/2023,1800,Flats,1,1,120,New,FALSE,Semi-Furnished,5.6563118,-0.0093266,Tema Metropolitan,Greater Accra
20/01/2024,13949,Detached,3,4,100,New,FALSE,Semi-Furnished,5.6385083,-0.1250963,Spintex,Greater Accra
8/7/2025,550,Duplex,1,1,80,Used,FALSE,Semi-Furnished,5.6563118,-0.0093266,Tema Metropolitan,Greater Accra
29/05/2025,4000,Detached,2,2,81,Used,FALSE,Semi-Furnished,5.6563118,-0.0093266,Tema Metropolitan,Greater Accra
8/6/2023,18000,Flats,3,3,500,Used,FALSE,Furnished,5.6061047,-0.1860362,Airport Residential Area,Greater Accra
12/8/2025,4000,Flats,3,3,920,Used,FALSE,Semi-Furnished,5.6802129,-0.1372479,Ashaley Botwe,Greater Accra
21/09/2023,12750,Detached,2,3,145,Used,FALSE,Furnished,5.6376136,-0.1266064,Spintex,Greater Accra
15/01/2025,18452,Flats,1,1,140,Used,FALSE,Furnished,5.5767652,-0.1784836,Cantonments,Greater Accra
30/01/2025,22632,Detached,6,6,150,Used,FALSE,Semi-Furnished,5.6358281,-0.1613592,East Legon,Greater Accra
7/10/2023,28381,Detached,4,5,150,Used,FALSE,Semi-Furnished,5.6358281,-0.1613592,East Legon,Greater Accra
12/5/2024,3500,Flats,3,3,4999,New,FALSE,Semi-Furnished,5.6376136,-0.1266064,Spintex,Greater Accra
1/1/2023,550,Flats,1,1,120,New,FALSE,Semi-Furnished,5.7088147,-0.3560076,Ga West Municipal,Greater Accra
16/07/2024,24000,Flats,2,1,909,New,FALSE,Furnished,5.6358281,-0.1613592,East Legon,Greater Accra
18/04/2024,25600,Flats,2,2,180,Used,FALSE,Furnished,5.5767652,-0.1784836,Cantonments,Greater Accra
2/8/2025,45000,Townhouse,3,4,1000,New,FALSE,Furnished,5.6358281,-0.1613592,East Legon,Greater Accra
3/3/2024,2500,Flats,2,2,100,New,FALSE,Semi-Furnished,5.7023611,-0.2069455,Old Ashomang,Greater Accra
23/03/2025,2500,Flats,1,1,3000,New,FALSE,Semi-Furnished,5.6844172,-0.2537157,Ga West Municipal,Greater Accra
16/12/2025,3000,Detached,3,2,400,Used,FALSE,Semi-Furnished,5.8142836,0.0746767,Abokobi,Greater Accra
3/10/2024,11171,Flats,3,4,145,New,FALSE,Semi-Furnished,5.6358281,-0.1613592,East Legon,Greater Accra
26/02/2024,47333,Flats,3,3,150,New,FALSE,Furnished,5.5767652,-0.1784836,Cantonments,Greater Accra
29/05/2025,11650,Detached,4,4,300,New,FALSE,Semi-Furnished,5.6563118,-0.0093266,Tema Metropolitan,Greater Accra
14/09/2023,3500,Flats,2,3,100,New,FALSE,Semi-Furnished,5.6376136,-0.1266064,Spintex,Greater Accra
18/07/2023,24700,Flats,4,4,600,New,FALSE,Furnished,5.6061047,-0.1860362,Airport Residential Area,Greater Accra
25/06/2023,6000,Flats,2,3,600,New,FALSE,Semi-Furnished,5.6694251,-0.203367,Haatso,Greater Accra
27/11/2024,18000,Detached,5,5,14,New,FALSE,Furnished,6.6932173,-1.627507,Kumasi Metropolitan,Ashanti
15/02/2023,14400,Detached,3,3,170,New,FALSE,Furnished,5.6358281,-0.1613592,East Legon,Greater Accra
6/9/2023,13800,Townhouse,3,4,299,Used,FALSE,Semi-Furnished,5.612781,-0.234345,Achimota,Greater Accra
4/3/2023,15000,Flats,1,2,50,Renovated,FALSE,Furnished,5.6358281,-0.1613592,East Legon,Greater Accra
3/1/2024,2000,Flats,2,3,120,Used,FALSE,Semi-Furnished,5.6887241,-0.2270226,Ashomang Estate,Greater Accra
23/11/2025,16000,Detached,4,4,250,New,FALSE,Semi-Furnished,5.6358281,-0.1613592,East Legon,Greater Accra
4/2/2025,900,Flats,1,1,150,Used,FALSE,Semi-Furnished,5.7141674,-0.15418,Adenta,Greater Accra
2/7/2024,3000,Flats,3,4,145,New,FALSE,Semi-Furnished,5.5831665,-0.1046082,Teshie,Greater Accra
28/06/2024,18000,Duplex,5,6,1000,New,FALSE,Semi-Furnished,5.6376136,-0.1266064,Spintex,Greater Accra
25/05/2025,2500,Flats,2,2,100,New,FALSE,Semi-Furnished,5.7023611,-0.2069455,Old Ashomang,Greater Accra
19/01/2024,1300,Flats,2,1,14,Used,FALSE,Semi-Furnished,6.6932173,-1.627507,Kumasi Metropolitan,Ashanti
19/09/2024,3500,Detached,2,2,156,Used,FALSE,Semi-Furnished,5.6825806,-0.1916501,North Legon,Greater Accra
23/12/2024,4300,Detached,3,3,50,Used,FALSE,Furnished,5.6887241,-0.2270226,Ashomang Estate,Greater Accra
17/08/2025,500,Flats,2,1,600,New,FALSE,Furnished,6.6932173,-1.627507,Kumasi Metropolitan,Ashanti
20/08/2024,700,Detached,1,1,16,Used,FALSE,Semi-Furnished,5.5831665,-0.1046082,Teshie,Greater Accra
17/06/2025,55000,Mansion,6,6,800,New,FALSE,Furnished,5.6358281,-0.1613592,East Legon,Greater Accra
3/12/2025,21450,Flats,2,3,100,Used,FALSE,Furnished,5.6376136,-0.1266064,Spintex,Greater Accra
22/03/2024,7000,Flats,2,3,140,Used,FALSE,Semi-Furnished,5.6510376,-0.1354586,Adjiriganor,Greater Accra
14/07/2023,5000,Flats,2,3,500,New,FALSE,Semi-Furnished,5.6802129,-0.1372479,Ashaley Botwe,Greater Accra
6/1/2023,6500,Detached,3,4,150,Used,FALSE,Semi-Furnished,5.6358281,-0.1613592,East Legon,Greater Accra
13/05/2023,40000,Detached,4,4,300,New,FALSE,Furnished,5.5862504,-0.1394584,Teshie,Greater Accra
13/12/2025,21917,Flats,2,2,145,New,FALSE,Semi-Furnished,5.6358281,-0.1613592,East Legon,Greater Accra
18/06/2023,15947,Detached,3,4,121,New,FALSE,Furnished,5.6376136,-0.1266064,Spintex,Greater Accra
3/5/2024,8000,Flats,1,1,111,Used,FALSE,Furnished,5.5570305,-0.1762717,Osu,Greater Accra
3/11/2024,2500,Flats,2,2,100,New,FALSE,Semi-Furnished,5.7023611,-0.2069455,Old Ashomang,Greater Accra
18/04/2025,1250,Flats,2,2,900,New,FALSE,Furnished,6.6932173,-1.627507,Kumasi Metropolitan,Ashanti
21/09/2023,39000,Townhouse,3,4,100,New,FALSE,Furnished,5.5459415,-0.2103988,Accra Metropolitan,Greater Accra
25/07/2025,2500,Flats,1,1,111,New,FALSE,Semi-Furnished,5.6061047,-0.1860362,Airport Residential Area,Greater Accra
10/1/2025,55700,Flats,3,3,60,New,FALSE,Semi-Furnished,5.6061047,-0.1860362,Airport Residential Area,Greater Accra
22/05/2023,3000,Flats,3,4,1000,New,FALSE,Semi-Furnished,5.6376136,-0.1266064,Spintex,Greater Accra
18/04/2025,16800,Detached,4,4,100,New,FALSE,Semi-Furnished,5.6802129,-0.1372479,Ashaley Botwe,Greater Accra
5/1/2025,15000,Detached,2,3,50,New,FALSE,Furnished,5.6358281,-0.1613592,East Legon,Greater Accra
8/3/2023,1800,Flats,2,2,100,Used,FALSE,Furnished,5.6563118,-0.0093266,Tema Metropolitan,Greater Accra
13/03/2025,3000,Flats,3,3,14,New,FALSE,Semi-Furnished,6.6932173,-1.627507,Kumasi Metropolitan,Ashanti
21/03/2024,5000,Flats,2,2,1000,New,FALSE,Semi-Furnished,5.6847539,-0.0379152,Ashaiman Municipal,Greater Accra
5/6/2023,20000,Townhouse,4,5,111,New,FALSE,Semi-Furnished,5.6061047,-0.1860362,Airport Residential Area,Greater Accra
6/6/2025,7000,Flats,3,4,16,Used,FALSE,Semi-Furnished,5.6061047,-0.1860362,Airport Residential Area,Greater Accra
25/05/2025,9000,Detached,2,2,200,New,FALSE,Semi-Furnished,5.6510376,-0.1354586,Adjiriganor,Greater Accra
17/06/2024,8200,Flats,2,2,145,Used,FALSE,Semi-Furnished,5.6358281,-0.1613592,East Legon,Greater Accra
18/02/2024,1000,Detached,1,1,18,New,FALSE,Semi-Furnished,5.8142836,0.0746767,Ledzokuku-Krowor,Greater Accra
29/05/2023,1500,Flats,2,2,250,Used,FALSE,Semi-Furnished,5.7141674,-0.15418,Adenta,Greater Accra
28/02/2023,22500,Townhouse,4,4,253,Used,FALSE,Semi-Furnished,5.6376136,-0.1266064,Spintex,Greater Accra
18/12/2025,2500,Flats,2,2,547,New,FALSE,Semi-Furnished,5.7141674,-0.15418,Adenta,Greater Accra
15/09/2025,2500,Flats,2,2,654,New,FALSE,Semi-Furnished,5.5459415,-0.2103988,Accra Metropolitan,Greater Accra
23/05/2024,2700,Detached,3,3,653,Used,FALSE,Semi-Furnished,5.5459415,-0.2103988,Accra Metropolitan,Greater Accra
4/4/2025,7000,Detached,3,3,125,Used,FALSE,Semi-Furnished,5.6442137,-0.2480426,Tantra Hills,Greater Accra
17/04/2023,7000,Flats,3,2,150,New,FALSE,Furnished,5.6563118,-0.0093266,Tema Metropolitan,Greater Accra
21/05/2025,4000,Flats,3,4,100,New,FALSE,Semi-Furnished,5.6844172,-0.2537157,Ga West Municipal,Greater Accra
23/11/2023,3000,Flats,3,2,80,New,FALSE,Semi-Furnished,6.6932173,-1.627507,Kumasi Metropolitan,Ashanti
7/8/2023,600,Flats,1,1,100,New,FALSE,Semi-Furnished,5.5510647,-0.4408037,Awutu Senya East Municipal,Central Region
26/11/2023,12940,Townhouse,2,3,18,Used,FALSE,Semi-Furnished,5.6057034,-0.2353967,Tesano,Greater Accra
10/6/2025,19221,Detached,4,3,200,Used,FALSE,Semi-Furnished,5.6376136,-0.1266064,Spintex,Greater Accra
12/6/2023,28800,Townhouse,2,2,100,New,FALSE,Furnished,5.6772176,-0.1251477,Ashaley Botwe,Greater Accra
25/01/2024,900,Flats,1,1,100,Used,FALSE,Furnished,6.6932173,-1.627507,Kumasi Metropolitan,Ashanti
21/07/2024,2500,Flats,2,3,1000,New,FALSE,Semi-Furnished,5.6376136,-0.1266064,Spintex,Greater Accra
3/7/2023,10000,Detached,3,3,150,Used,FALSE,Semi-Furnished,5.6358281,-0.1613592,East Legon,Greater Accra
16/12/2025,12800,Flats,3,3,253,Used,FALSE,Semi-Furnished,5.5862504,-0.1394584,Teshie,Greater Accra
12/10/2025,27403,Detached,4,4,150,New,FALSE,Semi-Furnished,5.6358281,-0.1613592,East Legon,Greater Accra
2/11/2024,22000,Detached,4,3,40,Used,FALSE,Semi-Furnished,5.6358281,-0.1613592,East Legon,Greater Accra
10/2/2023,40750,Flats,3,3,250,Used,FALSE,Furnished,5.5767652,-0.1784836,Cantonments,Greater Accra
17/10/2024,1000,Flats,1,1,250,Used,FALSE,Semi-Furnished,5.7556353,-0.1738945,Oyarifa,Greater Accra
13/12/2023,13534,Detached,4,4,150,Used,FALSE,Semi-Furnished,5.6358281,-0.1613592,East Legon,Greater Accra
6/2/2025,600,Flats,1,1,60,New,FALSE,Semi-Furnished,6.6932173,-1.627507,Kumasi Metropolitan,Ashanti
6/10/2025,5000,Detached,2,3,150,New,FALSE,Semi-Furnished,5.7141674,-0.15418,Adenta,Greater Accra
4/5/2024,1500,Flats,2,1,15,Used,FALSE,Semi-Furnished,5.5831665,-0.1046082,Teshie,Greater Accra
21/12/2025,4500,Flats,4,4,50,Used,FALSE,Semi-Furnished,5.5459415,-0.2103988,Accra Metropolitan,Greater Accra
19/08/2025,8000,Townhouse,3,4,350,Used,FALSE,Furnished,5.7767998,-0.181049,Oyarifa,Greater Accra
30/08/2023,3500,Semi-Detached,3,4,25,New,FALSE,Semi-Furnished,6.6932173,-1.627507,Kumasi Metropolitan,Ashanti
25/12/2025,7000,Detached,2,2,2500,Used,FALSE,Furnished,5.7556353,-0.1738945,Oyarifa,Greater Accra
1/2/2025,14400,Townhouse,3,4,250,New,FALSE,Semi-Furnished,5.6825806,-0.1916501,North Legon,Greater Accra
11/8/2025,6000,Flats,1,1,15,Used,FALSE,Semi-Furnished,5.6057034,-0.2353967,Tesano,Greater Accra
20/07/2025,25300,Detached,4,4,432,New,FALSE,Semi-Furnished,5.612781,-0.234345,Achimota,Greater Accra
2/3/2024,7100,Detached,4,4,70,New,FALSE,Semi-Furnished,5.6731273,-0.1663851,Madina,Greater Accra
7/7/2025,10000,Detached,3,4,100,New,FALSE,Semi-Furnished,5.6358281,-0.1613592,East Legon,Greater Accra
23/06/2024,8900,Flats,2,2,250,New,FALSE,Furnished,5.6141232,-0.1956471,Dzorwulu,Greater Accra
7/8/2025,10500,Flats,1,1,61,Used,FALSE,Furnished,5.6141232,-0.1956471,Dzorwulu,Greater Accra
16/11/2023,2000,Detached,2,2,150,New,FALSE,Semi-Furnished,5.6563118,-0.0093266,Tema Metropolitan,Greater Accra
15/08/2024,3800,Flats,1,1,16,Used,FALSE,Furnished,5.5862504,-0.1394584,Teshie,Greater Accra
4/6/2024,800,Flats,1,1,455,New,FALSE,Semi-Furnished,5.7062137,-0.3019281,Ga West Municipal,Greater Accra
8/2/2023,3000,Flats,1,1,40,New,FALSE,Semi-Furnished,5.6358281,-0.1613592,East Legon,Greater Accra
19/05/2025,2000,Flats,3,4,100,Used,FALSE,Semi-Furnished,6.6932173,-1.627507,Kumasi Metropolitan,Ashanti
28/03/2023,19500,Flats,3,3,220,New,FALSE,Furnished,5.7141674,-0.15418,Adenta,Greater Accra
3/7/2025,7000,Detached,3,4,16,Used,FALSE,Semi-Furnished,5.6376136,-0.1266064,Spintex,Greater Accra
11/11/2023,1200,Flats,1,1,764,Used,FALSE,Semi-Furnished,5.6802129,-0.1372479,Ashaley Botwe,Greater Accra
1/12/2023,7000,Flats,2,2,100,New,FALSE,Furnished,6.1313988,-0.3183792,New-Juaben Municipal,Eastern Region
3/11/2024,2500,Flats,2,3,3000,Used,FALSE,Semi-Furnished,5.7141674,-0.15418,Adenta,Greater Accra
1/5/2023,3800,Flats,1,1,140,Used,FALSE,Semi-Furnished,5.6510376,-0.1354586,Adjiriganor,Greater Accra
26/02/2025,59267,Flats,2,3,140,Used,FALSE,Furnished,5.6376136,-0.1266064,Spintex,Greater Accra
24/11/2025,12000,Semi-Detached,1,1,900,New,FALSE,Furnished,5.5459415,-0.2103988,Accra Metropolitan,Greater Accra
17/11/2023,6000,Flats,1,1,16,Used,FALSE,Furnished,5.5666385,-0.3334578,Weija,Greater Accra
21/02/2023,9800,Detached,3,4,90,Used,FALSE,Furnished,5.5459415,-0.2103988,Accra Metropolitan,Greater Accra
6/9/2024,20000,Flats,2,2,123,New,FALSE,Furnished,5.5572854,-0.1824488,Osu,Greater Accra
23/07/2023,1250,Flats,2,2,100,New,FALSE,Semi-Furnished,6.6932173,-1.627507,Kumasi Metropolitan,Ashanti
19/11/2024,25000,Flats,3,4,250,Used,FALSE,Furnished,5.6358281,-0.1613592,East Legon,Greater Accra
14/04/2023,4000,Detached,3,2,140,Used,FALSE,Semi-Furnished,5.6558867,-0.1214533,Adjiriganor,Greater Accra
21/02/2025,1200,Flats,1,2,150,New,FALSE,Semi-Furnished,5.6563118,-0.0093266,Tema Metropolitan,Greater Accra
27/12/2025,6500,Flats,3,3,100,New,FALSE,Semi-Furnished,5.6439894,-0.1485298,East Legon,Greater Accra
2/5/2024,26400,Flats,2,3,100,New,FALSE,Furnished,5.5767652,-0.1784836,Cantonments,Greater Accra
29/07/2023,13000,Flats,1,1,90,New,FALSE,Furnished,5.5570305,-0.1762717,Osu,Greater Accra
6/8/2025,2200,Flats,2,3,200,New,FALSE,Furnished,5.5666403,-0.3334778,Weija,Greater Accra
9/4/2025,3000,Flats,2,3,12,New,FALSE,Semi-Furnished,5.5831665,-0.1046082,Teshie,Greater Accra
28/04/2024,40000,Detached,3,3,150,New,FALSE,Furnished,5.6376136,-0.1266064,Spintex,Greater Accra
31/05/2023,6000,Flats,3,3,145,Used,FALSE,Semi-Furnished,5.6358281,-0.1613592,East Legon,Greater Accra
24/01/2023,1300,Flats,1,1,14,New,FALSE,Semi-Furnished,6.6932173,-1.627507,Kumasi Metropolitan,Ashanti
29/08/2025,28000,Detached,5,6,1000,New,FALSE,Furnished,5.6376136,-0.1266064,Spintex,Greater Accra
26/05/2023,19500,Flats,2,3,120,New,FALSE,Furnished,5.6358281,-0.1613592,East Legon,Greater Accra
11/3/2024,9600,Flats,2,3,3000,New,FALSE,Semi-Furnished,5.6358281,-0.1613592,East Legon,Greater Accra
15/09/2024,17970,Detached,3,4,150,Used,FALSE,Furnished,5.7556353,-0.1738945,Oyarifa,Greater Accra
28/08/2025,13016,Detached,3,3,120,Used,FALSE,Semi-Furnished,5.6061047,-0.1860362,Airport Residential Area,Greater Accra
14/06/2025,6000,Detached,4,3,4999,Used,FALSE,Semi-Furnished,5.6376136,-0.1266064,Spintex,Greater Accra
21/03/2024,5500,Flats,2,3,15,Used,FALSE,Semi-Furnished,5.5831665,-0.1046082,Teshie,Greater Accra
3/8/2024,4000,Flats,3,3,140,Used,FALSE,Semi-Furnished,5.6772176,-0.1251477,Ashaley Botwe,Greater Accra
14/07/2023,3000,Detached,3,3,100,Used,FALSE,Semi-Furnished,5.7993966,-0.1222349,Oyibi,Greater Accra
12/2/2023,4500,Detached,2,1,4999,Used,FALSE,Semi-Furnished,5.6376136,-0.1266064,Spintex,Greater Accra
10/2/2024,6000,Duplex,4,5,468,New,FALSE,Semi-Furnished,5.5459415,-0.2103988,Accra Metropolitan,Greater Accra
16/07/2025,24713,Detached,4,5,150,Used,FALSE,Semi-Furnished,5.6358281,-0.1613592,East Legon,Greater Accra
31/03/2023,1700,Flats,1,1,50,New,FALSE,Semi-Furnished,5.6694251,-0.203367,Haatso,Greater Accra
16/05/2023,8000,Flats,3,4,126,New,FALSE,Furnished,5.6495001,-0.2100343,West Legon,Greater Accra
7/10/2024,1300,Flats,1,1,100,New,FALSE,Semi-Furnished,5.6563118,-0.0093266,Tema Metropolitan,Greater Accra
18/12/2023,2500,Flats,2,2,980,New,FALSE,Semi-Furnished,5.5579866,-0.2705448,Dansoman,Greater Accra
8/6/2025,24500,Townhouse,5,5,700,New,FALSE,Furnished,5.6358281,-0.1613592,East Legon,Greater Accra
28/02/2025,2500,Flats,2,2,40,New,FALSE,Semi-Furnished,5.6887241,-0.2270226,Ashomang Estate,Greater Accra
28/06/2023,7200,Flats,2,3,100,New,FALSE,Semi-Furnished,5.6141232,-0.1956471,Dzorwulu,Greater Accra
17/02/2023,2800,Flats,4,4,10,Used,FALSE,Furnished,5.7062137,-0.3019281,Ga West Municipal,Greater Accra
26/07/2024,15525,Detached,3,3,111,Used,FALSE,Furnished,5.6385083,-0.1250963,Spintex,Greater Accra
23/08/2024,50000,Detached,4,4,1154,New,FALSE,Furnished,5.6358281,-0.1613592,East Legon,Greater Accra
27/02/2023,1200,Flats,1,1,1200,Used,FALSE,Semi-Furnished,5.7141674,-0.15418,Adenta,Greater Accra
20/02/2024,16000,Detached,2,3,100,New,FALSE,Furnished,5.6358281,-0.1613592,East Legon,Greater Accra
19/10/2025,20000,Flats,3,4,40,New,FALSE,Furnished,6.6932173,-1.627507,Kumasi Metropolitan,Ashanti
20/07/2023,3000,Detached,3,2,100,New,FALSE,Semi-Furnished,5.7252259,-0.1549277,Adenta,Greater Accra
7/11/2024,48000,Townhouse,2,2,220,New,FALSE,Furnished,5.6358281,-0.1613592,East Legon,Greater Accra
30/06/2024,1700,Flats,1,1,4999,New,FALSE,Semi-Furnished,5.6376136,-0.1266064,Spintex,Greater Accra
23/07/2025,2200,Flats,2,2,100,New,FALSE,Semi-Furnished,5.6563118,-0.0093266,Tema Metropolitan,Greater Accra
15/03/2023,1500,Flats,2,2,250,New,FALSE,Semi-Furnished,5.7589264,-0.1612029,Danfa,Greater Accra
31/05/2025,12000,Flats,1,1,80,Used,FALSE,Furnished,5.6141232,-0.1956471,Dzorwulu,Greater Accra
27/02/2024,18000,Flats,3,4,10,Used,FALSE,Furnished,5.6358281,-0.1613592,East Legon,Greater Accra
2/1/2025,11000,Flats,1,1,350,Used,FALSE,Furnished,5.5459415,-0.2103988,Accra Metropolitan,Greater Accra
26/07/2023,12000,Duplex,6,7,903,New,FALSE,Semi-Furnished,5.5459415,-0.2103988,Accra Metropolitan,Greater Accra
19/10/2025,25000,Flats,2,2,753,New,FALSE,Semi-Furnished,5.5459415,-0.2103988,Accra Metropolitan,Greater Accra
28/02/2023,800,Flats,2,2,120,Used,FALSE,Semi-Furnished,5.6887241,-0.2270226,Ashomang Estate,Greater Accra
6/1/2024,11800,Flats,1,1,133,New,FALSE,Furnished,5.5459415,-0.2103988,Accra Metropolitan,Greater Accra
16/04/2024,1800,Detached,4,4,70,Used,FALSE,Semi-Furnished,5.8097719,-0.0984019,Oyibi,Greater Accra
8/7/2023,900,Flats,2,1,150,Used,FALSE,Semi-Furnished,5.7088147,-0.3560076,Ga West Municipal,Greater Accra
29/03/2025,7500,Flats,3,4,1000,New,FALSE,Semi-Furnished,5.6731273,-0.1663851,Madina,Greater Accra
2/10/2023,8000,Detached,3,3,800,New,FALSE,Semi-Furnished,5.7141674,-0.15418,Adenta,Greater Accra
16/02/2023,22000,Flats,2,3,753,New,FALSE,Furnished,5.5459415,-0.2103988,Accra Metropolitan,Greater Accra
1/8/2024,2550,Flats,2,2,850,New,FALSE,Semi-Furnished,5.6802129,-0.1372479,Ashaley Botwe,Greater Accra
10/4/2023,11000,Flats,3,4,900,Used,FALSE,Furnished,5.5459415,-0.2103988,Accra Metropolitan,Greater Accra
6/6/2023,10000,Detached,5,4,50,Renovated,FALSE,Semi-Furnished,5.7141674,-0.15418,Adenta,Greater Accra
10/6/2025,9800,Townhouse,3,2,300,Used,FALSE,Furnished,5.7141674,-0.15418,Adenta,Greater Accra
30/03/2023,3500,Flats,2,2,35,New,FALSE,Semi-Furnished,5.6772176,-0.1251477,Ashaley Botwe,Greater Accra
25/09/2024,10100,Flats,1,1,140,New,FALSE,Furnished,5.6495001,-0.2100343,West Legon,Greater Accra
10/11/2025,4000,Flats,4,2,45,Used,FALSE,Semi-Furnished,5.6802129,-0.1372479,Ashaley Botwe,Greater Accra
16/03/2023,12000,Detached,4,4,100,Used,FALSE,Semi-Furnished,5.6358281,-0.1613592,East Legon,Greater Accra
8/2/2023,8500,Detached,6,6,30,New,FALSE,Semi-Furnished,5.666671,-0.4313729,Ga South Municipal,Greater Accra
2/4/2023,12000,Detached,4,4,100,Used,FALSE,Semi-Furnished,5.6510376,-0.1354586,Adjiriganor,Greater Accra
4/8/2023,5000,Duplex,4,5,120,New,FALSE,Semi-Furnished,5.7556353,-0.1738945,Oyarifa,Greater Accra
21/10/2023,22500,Flats,1,1,100,New,FALSE,Furnished,5.64174,-0.1517108,East Legon,Greater Accra
10/6/2024,1800,Flats,2,2,30,New,FALSE,Semi-Furnished,5.5773983,-0.3136781,Gbawe,Greater Accra
4/2/2024,15000,Semi-Detached,8,9,35,New,FALSE,Semi-Furnished,6.6932173,-1.627507,Kumasi Metropolitan,Ashanti
18/10/2024,2500,Detached,2,2,150,Used,FALSE,Semi-Furnished,5.7141674,-0.15418,Adenta,Greater Accra
29/06/2023,52500,Detached,4,5,100,New,FALSE,Furnished,5.64174,-0.1517108,East Legon,Greater Accra
6/1/2024,7000,Flats,3,3,400,Used,FALSE,Semi-Furnished,5.6087022,-0.2164185,Abelemkpe,Greater Accra
21/05/2023,34430,Detached,3,3,120,Used,FALSE,Semi-Furnished,5.6061047,-0.1860362,Airport Residential Area,Greater Accra
4/3/2023,3500,Flats,2,2,100,New,FALSE,Semi-Furnished,5.7141674,-0.15418,Adenta,Greater Accra
20/06/2025,30000,Flats,2,2,100,New,FALSE,Furnished,5.6358281,-0.1613592,East Legon,Greater Accra
21/09/2023,19200,Duplex,4,4,258,New,FALSE,Semi-Furnished,5.5862504,-0.1394584,Teshie,Greater Accra
4/10/2024,2500,Flats,2,2,100,Used,FALSE,Semi-Furnished,5.6470112,-0.2100755,West Legon,Greater Accra
2/7/2023,11200,Flats,1,1,100,Used,FALSE,Furnished,5.5570305,-0.1762717,Osu,Greater Accra
15/11/2025,700,Flats,1,1,60,New,FALSE,Semi-Furnished,6.6932173,-1.627507,Kumasi Metropolitan,Ashanti
7/3/2023,4000,Detached,4,4,300,New,FALSE,Semi-Furnished,5.7141674,-0.15418,Adenta,Greater Accra
1/10/2024,2500,Detached,2,3,100,Used,FALSE,Semi-Furnished,5.7556353,-0.1738945,Oyarifa,Greater Accra
18/12/2025,14772,Detached,4,5,150,Used,FALSE,Semi-Furnished,5.6358281,-0.1613592,East Legon,Greater Accra
12/9/2023,4000,Detached,3,3,16,Used,FALSE,Semi-Furnished,5.6376136,-0.1266064,Spintex,Greater Accra
15/10/2025,3000,Flats,1,1,600,New,FALSE,Furnished,5.7252259,-0.1549277,Adenta,Greater Accra
7/9/2024,26406,Flats,1,1,145,Used,FALSE,Furnished,5.6358281,-0.1613592,East Legon,Greater Accra
18/07/2024,500,Detached,1,1,17,Used,FALSE,Semi-Furnished,5.5831665,-0.1046082,Teshie,Greater Accra
4/2/2023,41000,Duplex,4,4,80,Used,FALSE,Furnished,5.5427477,-0.2565425,Dansoman,Greater Accra
8/1/2024,2500,Flats,2,3,5000,Used,FALSE,Semi-Furnished,5.6376136,-0.1266064,Spintex,Greater Accra
19/08/2025,12600,Detached,3,3,100,Used,FALSE,Furnished,5.6358281,-0.1613592,East Legon,Greater Accra
28/11/2023,5500,Detached,3,3,150,Used,FALSE,Semi-Furnished,5.6358281,-0.1613592,East Legon,Greater Accra
30/06/2024,15000,Flats,2,2,100,Used,FALSE,Furnished,5.6358281,-0.1613592,East Legon,Greater Accra
27/06/2024,8000,Flats,3,4,145,New,FALSE,Semi-Furnished,5.6358281,-0.1613592,East Legon,Greater Accra
13/09/2025,3500,Semi-Detached,2,2,600,New,FALSE,Semi-Furnished,5.6944159,-0.2021951,Agbogba,Greater Accra
26/09/2025,10500,Flats,2,3,500,New,FALSE,Semi-Furnished,5.5459415,-0.2103988,Accra Metropolitan,Greater Accra
21/08/2024,14786,Flats,2,3,145,Used,FALSE,Semi-Furnished,5.5570305,-0.1762717,Osu,Greater Accra
1/8/2025,6000,Detached,4,4,100,New,FALSE,Semi-Furnished,5.6563118,-0.0093266,Tema Metropolitan,Greater Accra
3/6/2024,4000,Flats,1,1,500,New,FALSE,Semi-Furnished,5.6694251,-0.203367,Haatso,Greater Accra
2/4/2024,10150,Detached,6,6,84,New,FALSE,Semi-Furnished,5.7213053,-0.1348997,Adenta,Greater Accra
10/12/2024,2800,Flats,2,2,55,New,FALSE,Semi-Furnished,5.6562651,-0.2338473,Dome,Greater Accra
9/7/2024,2000,Flats,2,3,800,Used,FALSE,Semi-Furnished,5.7141674,-0.15418,Adenta,Greater Accra
3/1/2024,650,Flats,2,1,900,Used,FALSE,Furnished,6.6932173,-1.627507,Kumasi Metropolitan,Ashanti
3/6/2023,20000,Flats,2,3,200,New,FALSE,Furnished,6.6932173,-1.627507,Kumasi Metropolitan,Ashanti
23/05/2025,48300,Detached,6,6,100,New,FALSE,Furnished,5.6619606,-0.1290806,Adjiriganor,Greater Accra
26/05/2024,17211,Flats,1,1,95,New,FALSE,Furnished,5.5682665,-0.1717396,Labone,Greater Accra
17/10/2023,6000,Flats,2,3,16,New,FALSE,Furnished,5.5510647,-0.4408037,Awutu Senya East Municipal,Central Region
24/07/2024,32000,Detached,4,5,1332,New,FALSE,Furnished,5.5459415,-0.2103988,Accra Metropolitan,Greater Accra
28/07/2023,24000,Detached,3,3,300,Used,FALSE,Furnished,5.7556353,-0.1738945,Oyarifa,Greater Accra
29/11/2023,22005,Detached,3,3,150,Used,FALSE,Furnished,5.6141232,-0.1956471,Dzorwulu,Greater Accra
12/11/2023,38880,Flats,1,1,76,New,FALSE,Furnished,5.6358281,-0.1613592,East Legon,Greater Accra
27/06/2024,15000,Flats,3,3,548,Used,FALSE,Furnished,5.7141674,-0.15418,Adenta,Greater Accra
3/7/2024,19909,Flats,3,3,140,Used,FALSE,Furnished,5.5767652,-0.1784836,Cantonments,Greater Accra
5/5/2025,16000,Detached,3,4,80,Used,FALSE,Furnished,5.6376136,-0.1266064,Spintex,Greater Accra
10/5/2024,19000,Flats,2,2,754,Used,FALSE,Furnished,5.6358281,-0.1613592,East Legon,Greater Accra
29/04/2024,36000,Detached,4,5,800,Used,FALSE,Furnished,5.6061047,-0.1860362,Airport Residential Area,Greater Accra
22/05/2024,13600,Flats,2,2,320,Used,FALSE,Furnished,5.6265703,-0.1514965,Spintex,Greater Accra
17/11/2025,24800,Flats,3,3,235,Used,FALSE,Furnished,5.6825806,-0.1916501,North Legon,Greater Accra
16/05/2023,25283,Flats,3,3,100,New,FALSE,Furnished,5.6061047,-0.1860362,Airport Residential Area,Greater Accra
20/03/2023,15000,Flats,2,2,140,New,FALSE,Furnished,5.6510376,-0.1354586,Adjiriganor,Greater Accra
1/6/2025,1400,Flats,2,2,200,New,FALSE,Furnished,5.5344155,-0.4252737,Kasoa,Greater Accra
12/6/2025,8000,Flats,2,2,180,New,FALSE,Furnished,6.6932173,-1.627507,Kumasi Metropolitan,Ashanti
15/03/2024,26000,Flats,3,3,600,New,FALSE,Furnished,5.5767652,-0.1784836,Cantonments,Greater Accra
11/2/2025,50000,Townhouse,4,5,900,Used,FALSE,Furnished,5.5794797,-0.1706227,Cantonments,Greater Accra
15/06/2024,32000,Detached,6,6,15,New,FALSE,Furnished,6.6932173,-1.627507,Kumasi Metropolitan,Ashanti
18/08/2024,36250,Detached,3,3,100,Used,FALSE,Furnished,5.6376136,-0.1266064,Spintex,Greater Accra
14/06/2025,59000,Detached,4,4,295,New,FALSE,Furnished,5.6358281,-0.1613592,East Legon,Greater Accra
4/7/2023,3500,Detached,2,2,650,New,FALSE,Furnished,5.7556353,-0.1738945,Oyarifa,Greater Accra
2/11/2023,5000,Flats,4,4,30,Used,FALSE,Furnished,5.6983581,-0.2150873,Ga East Municipal,Greater Accra
18/06/2024,45359,Flats,4,4,12,New,FALSE,Furnished,5.6510376,-0.1354586,Adjiriganor,Greater Accra
13/01/2025,22400,Flats,1,1,258,Used,FALSE,Furnished,5.5570305,-0.1762717,Osu,Greater Accra
30/03/2025,750,Flats,1,1,800,New,FALSE,Furnished,6.6932173,-1.627507,Kumasi Metropolitan,Ashanti
14/08/2023,28800,Flats,2,2,100,New,FALSE,Furnished,5.5862504,-0.1394584,Teshie,Greater Accra
3/5/2023,6000,Flats,2,1,225,Used,FALSE,Furnished,5.7062137,-0.3019281,Ga West Municipal,Greater Accra
22/01/2025,24000,Townhouse,2,3,900,Used,FALSE,Furnished,5.5459415,-0.2103988,Accra Metropolitan,Greater Accra
30/03/2025,42000,Detached,4,4,15,New,FALSE,Furnished,6.6932173,-1.627507,Kumasi Metropolitan,Ashanti
26/02/2023,37500,Detached,4,4,300,New,FALSE,Furnished,5.5862504,-0.1394584,Teshie,Greater Accra
12/11/2024,40000,Duplex,5,4,15,Used,FALSE,Furnished,5.6510376,-0.1354586,Adjiriganor,Greater Accra
23/08/2025,29600,Detached,3,3,300,New,FALSE,Furnished,5.5862504,-0.1394584,Teshie,Greater Accra
14/10/2025,12000,Flats,1,1,123,New,FALSE,Furnished,5.6061047,-0.1860362,Airport Residential Area,Greater Accra
4/5/2023,20200,Townhouse,3,4,750,New,FALSE,Furnished,5.6358281,-0.1613592,East Legon,Greater Accra
20/09/2024,19200,Townhouse,3,2,150,Used,FALSE,Furnished,5.5459415,-0.2103988,Accra Metropolitan,Greater Accra
14/06/2024,57000,Detached,3,4,2222,New,FALSE,Furnished,5.64174,-0.1517108,East Legon,Greater Accra
4/3/2023,5000,Detached,4,4,400,New,FALSE,Furnished,5.5666403,-0.3334778,Weija,Greater Accra
11/3/2024,8000,Flats,1,2,100,New,FALSE,Furnished,5.6358281,-0.1613592,East Legon,Greater Accra
23/10/2024,39970,Flats,2,2,145,Used,FALSE,Furnished,5.5767652,-0.1784836,Cantonments,Greater Accra
14/06/2023,16737,Detached,2,3,145,Used,FALSE,Furnished,5.5767652,-0.1784836,Cantonments,Greater Accra
9/5/2024,17100,Flats,1,1,120,New,FALSE,Furnished,5.5459415,-0.2103988,Accra Metropolitan,Greater Accra
12/7/2025,43000,Detached,3,3,100,Used,FALSE,Furnished,5.6376136,-0.1266064,Spintex,Greater Accra
25/07/2024,1000,Detached,2,2,382,New,FALSE,Furnished,6.6932173,-1.627507,Kumasi Metropolitan,Ashanti
6/10/2025,32000,Flats,3,4,95,New,FALSE,Furnished,5.5459415,-0.2103988,Accra Metropolitan,Greater Accra
30/10/2024,16000,Flats,1,1,35,Used,FALSE,Furnished,5.5459415,-0.2103988,Accra Metropolitan,Greater Accra
18/04/2025,10000,Flats,1,1,241,New,FALSE,Furnished,5.6358281,-0.1613592,East Legon,Greater Accra
3/4/2023,450,Flats,1,1,50,Used,FALSE,Furnished,5.666671,-0.4313729,Ga South Municipal,Greater Accra
13/08/2024,18000,Flats,2,2,10,New,FALSE,Furnished,5.6358281,-0.1613592,East Legon,Greater Accra
14/10/2024,4880,Flats,1,1,145,New,FALSE,Furnished,5.6358281,-0.1613592,East Legon,Greater Accra
22/04/2024,17000,Flats,3,3,365,New,FALSE,Furnished,5.7141674,-0.15418,Adenta,Greater Accra
15/02/2025,28000,Semi-Detached,2,3,350,New,FALSE,Furnished,5.5570305,-0.1762717,Osu,Greater Accra
23/07/2024,6000,Flats,2,2,100,New,FALSE,Furnished,5.6510376,-0.1354586,Adjiriganor,Greater Accra
23/04/2024,3500,Flats,1,1,250,New,FALSE,Furnished,5.6944159,-0.2021951,Agbogba,Greater Accra
13/07/2024,6000,Flats,1,1,100,Used,FALSE,Furnished,5.6358281,-0.1613592,East Legon,Greater Accra
31/10/2025,27000,Flats,1,1,10,New,FALSE,Furnished,5.5767652,-0.1784836,Cantonments,Greater Accra
26/10/2024,6000,Flats,1,1,400,New,FALSE,Furnished,5.8142836,0.0746767,Abokobi,Greater Accra
14/07/2025,45000,Detached,5,4,640,Used,FALSE,Furnished,5.6510376,-0.1354586,Adjiriganor,Greater Accra
21/03/2025,24000,Detached,3,3,80,Used,FALSE,Furnished,5.6358281,-0.1613592,East Legon,Greater Accra
18/08/2025,16231,Flats,2,2,100,New,FALSE,Furnished,5.6358281,-0.1613592,East Legon,Greater Accra
7/11/2023,15000,Detached,6,5,863,New,FALSE,Furnished,5.700273,-0.302078,Pokuase,Greater Accra
3/5/2025,19000,Detached,4,5,100,New,FALSE,Furnished,5.6376136,-0.1266064,Spintex,Greater Accra
12/6/2025,27000,Flats,3,3,100,Used,FALSE,Furnished,5.6061047,-0.1860362,Airport Residential Area,Greater Accra
1/5/2023,18000,Detached,3,3,100,New,FALSE,Furnished,5.721611,-0.1457823,Adenta,Greater Accra
26/06/2025,20367,Detached,3,4,150,New,FALSE,Furnished,5.6358281,-0.1613592,East Legon,Greater Accra
3/12/2024,52500,Flats,3,3,235,Used,FALSE,Furnished,5.6061047,-0.1860362,Airport Residential Area,Greater Accra
20/02/2025,25200,Flats,2,2,100,New,FALSE,Furnished,5.6358281,-0.1613592,East Legon,Greater Accra
19/12/2023,30000,Flats,1,2,70,New,FALSE,Furnished,5.6061047,-0.1860362,Airport Residential Area,Greater Accra
3/6/2024,36800,Flats,1,1,120,New,FALSE,Furnished,5.5794797,-0.1706227,Cantonments,Greater Accra
30/11/2025,43355,Detached,5,5,145,New,FALSE,Furnished,5.6358281,-0.1613592,East Legon,Greater Accra
9/11/2023,1500,Flats,2,1,200,New,FALSE,Furnished,5.5344155,-0.4252737,Kasoa,Greater Accra
3/11/2025,31000,Flats,2,2,800,Used,FALSE,Furnished,5.6061047,-0.1860362,Airport Residential Area,Greater Accra
2/6/2025,9756,Flats,1,1,100,Used,FALSE,Furnished,5.5862504,-0.1394584,Teshie,Greater Accra
10/10/2023,20800,Flats,1,1,100,New,FALSE,Furnished,5.6141232,-0.1956471,Dzorwulu,Greater Accra
5/8/2024,16000,Flats,2,2,645,Used,FALSE,Furnished,5.6358281,-0.1613592,East Legon,Greater Accra
13/08/2024,5000,Flats,2,2,500,Used,FALSE,Furnished,5.7556353,-0.1738945,Oyarifa,Greater Accra
15/04/2025,3000,Flats,2,1,125,New,FALSE,Furnished,5.5511744,-0.2526163,Ablekuma,Greater Accra
7/12/2023,14400,Flats,1,1,100,Renovated,FALSE,Furnished,5.5570305,-0.1762717,Osu,Greater Accra
14/12/2023,500,Flats,1,1,100,Used,FALSE,Furnished,5.5344155,-0.4252737,Kasoa,Greater Accra
12/9/2025,9000,Flats,2,2,150,New,FALSE,Furnished,5.6510376,-0.1354586,Adjiriganor,Greater Accra
1/1/2024,12000,Flats,1,1,100,Used,FALSE,Furnished,5.6944159,-0.2021951,Agbogba,Greater Accra
7/12/2025,28000,Flats,1,2,123,New,FALSE,Furnished,5.5572854,-0.1824488,Osu,Greater Accra
22/10/2023,19200,Flats,2,2,258,Used,FALSE,Furnished,5.6385083,-0.1250963,Spintex,Greater Accra
1/11/2025,28800,Detached,3,3,4082,Used,FALSE,Furnished,5.6358281,-0.1613592,East Legon,Greater Accra
4/1/2024,2800,Flats,1,1,400,New,FALSE,Furnished,6.6932173,-1.627507,Kumasi Metropolitan,Ashanti
1/9/2023,4550,Flats,1,1,25,New,FALSE,Furnished,5.6772176,-0.1251477,Ashaley Botwe,Greater Accra
10/4/2023,8000,Detached,2,2,600,Used,FALSE,Furnished,5.6562651,-0.2338473,Dome,Greater Accra
13/12/2023,22129,Flats,2,3,145,Used,FALSE,Furnished,5.5767652,-0.1784836,Cantonments,Greater Accra
11/12/2024,16000,Flats,2,3,751,Used,FALSE,Furnished,5.6358281,-0.1613592,East Legon,Greater Accra
16/04/2024,1500,Detached,3,2,255,New,FALSE,Furnished,6.6932173,-1.627507,Kumasi Metropolitan,Ashanti
9/4/2023,32000,Flats,3,4,180,New,FALSE,Furnished,5.5862504,-0.1394584,Teshie,Greater Accra
16/10/2023,29609,Detached,5,5,160,Used,FALSE,Furnished,5.6358281,-0.1613592,East Legon,Greater Accra
23/01/2025,43164,Detached,3,4,60,Used,FALSE,Furnished,5.6024006,-0.1951648,Roman Ridge,Greater Accra
20/02/2024,8433,Flats,1,2,12,New,FALSE,Furnished,5.6358281,-0.1613592,East Legon,Greater Accra
25/05/2025,4000,Flats,2,2,100,New,FALSE,Furnished,5.6563118,-0.0093266,Tema Metropolitan,Greater Accra
15/06/2025,32000,Detached,4,4,2000,New,FALSE,Furnished,5.5646592,-0.1565747,Labadi,Greater Accra
19/04/2025,9750,Flats,1,1,809,New,FALSE,Furnished,5.5459415,-0.2103988,Accra Metropolitan,Greater Accra
15/07/2024,45200,Detached,4,4,100,Used,FALSE,Furnished,5.64174,-0.1517108,East Legon,Greater Accra
24/11/2024,58200,Flats,4,4,438,New,FALSE,Furnished,5.6061047,-0.1860362,Airport Residential Area,Greater Accra
29/01/2025,1500,Flats,4,4,900,New,FALSE,Furnished,6.5336974,-1.4048249,Atwima Nwabiagya,Ashanti
6/3/2023,44800,Townhouse,4,4,222,Used,FALSE,Furnished,5.6358281,-0.1613592,East Legon,Greater Accra
30/12/2024,21500,Flats,1,1,80,New,FALSE,Furnished,5.6358281,-0.1613592,East Legon,Greater Accra
28/06/2023,45500,Flats,3,4,260,New,FALSE,Furnished,5.6061047,-0.1860362,Airport Residential Area,Greater Accra
27/11/2025,10000,Flats,2,2,911,Used,FALSE,Furnished,5.6057034,-0.2353967,Tesano,Greater Accra
10/2/2023,8000,Flats,2,3,16,New,FALSE,Furnished,5.6694251,-0.203367,Haatso,Greater Accra
7/2/2025,8500,Flats,1,1,3000,New,FALSE,Furnished,5.6358281,-0.1613592,East Legon,Greater Accra
11/1/2025,500,Flats,1,1,500,Used,FALSE,Furnished,6.6932173,-1.627507,Kumasi Metropolitan,Ashanti
26/12/2024,2000,Flats,2,3,200,New,FALSE,Furnished,5.5475455,-0.3808738,Kasoa,Greater Accra
13/12/2024,1000,Semi-Detached,3,3,500,New,FALSE,Furnished,6.5336974,-1.4048249,Atwima Nwabiagya,Ashanti
15/02/2023,16900,Detached,3,4,900,Used,FALSE,Furnished,5.6087022,-0.2164185,Abelemkpe,Greater Accra
10/3/2025,55000,Detached,5,5,100,Used,FALSE,Furnished,5.6061047,-0.1860362,Airport Residential Area,Greater Accra
3/7/2023,22500,Detached,4,4,30,Used,FALSE,Furnished,5.6495001,-0.2100343,West Legon,Greater Accra
2/8/2025,19500,Flats,2,3,200,New,FALSE,Furnished,5.6510376,-0.1354586,Adjiriganor,Greater Accra
8/7/2025,40000,Flats,4,5,30,New,FALSE,Furnished,5.5679,-0.1925238,Ridge,Greater Accra
24/04/2024,16000,Townhouse,3,3,420,New,FALSE,Furnished,5.6563118,-0.0093266,Tema Metropolitan,Greater Accra
2/5/2024,7000,Flats,1,1,30,Renovated,FALSE,Furnished,5.6358281,-0.1613592,East Legon,Greater Accra
20/04/2024,28000,Detached,3,4,100,New,FALSE,Furnished,5.6061047,-0.1860362,Airport Residential Area,Greater Accra
19/08/2023,11400,Flats,1,1,80,New,FALSE,Furnished,5.6358281,-0.1613592,East Legon,Greater Accra
31/12/2025,32020,Flats,4,4,20,Used,FALSE,Furnished,5.6061047,-0.1860362,Airport Residential Area,Greater Accra
6/6/2023,600,Flats,2,1,800,Used,FALSE,Furnished,6.5336974,-1.4048249,Atwima Nwabiagya,Ashanti
16/06/2025,23399,Flats,2,3,145,New,FALSE,Furnished,5.5767652,-0.1784836,Cantonments,Greater Accra
20/04/2023,20000,Detached,4,5,100,New,FALSE,Furnished,5.6802129,-0.1372479,Ashaley Botwe,Greater Accra
24/03/2025,1500,Flats,2,2,258,New,FALSE,Furnished,6.6932173,-1.627507,Kumasi Metropolitan,Ashanti
17/01/2023,18000,Flats,2,2,800,New,FALSE,Furnished,5.6358281,-0.1613592,East Legon,Greater Accra
13/07/2023,15500,Flats,2,3,10,Used,FALSE,Furnished,5.6802129,-0.1372479,Ashaley Botwe,Greater Accra
25/06/2025,16300,Flats,2,2,17,Used,FALSE,Furnished,5.5554896,-0.1618811,South La,Greater Accra
8/6/2024,5000,Flats,2,1,100,Used,FALSE,Furnished,9.4109994,-0.7152749,Tamale Municipal,Northern Region
22/02/2024,22000,Mansion,4,4,1500,Used,FALSE,Furnished,5.6358281,-0.1613592,East Legon,Greater Accra
2/4/2023,52500,Flats,5,6,180,Used,FALSE,Furnished,5.5862504,-0.1394584,Teshie,Greater Accra
16/10/2024,16000,Flats,2,3,863,New,FALSE,Furnished,5.6376136,-0.1266064,Spintex,Greater Accra
6/8/2023,1500,Flats,2,2,800,New,FALSE,Furnished,6.6932173,-1.627507,Kumasi Metropolitan,Ashanti
8/4/2025,8400,Flats,1,1,800,Used,FALSE,Furnished,5.6495001,-0.2100343,West Legon,Greater Accra
30/05/2023,18125,Flats,2,2,450,Used,FALSE,Furnished,5.5733139,-0.1778093,Cantonments,Greater Accra
31/03/2025,1000,Detached,3,3,240,New,FALSE,Furnished,6.6932173,-1.627507,Kumasi Metropolitan,Ashanti
4/4/2025,25000,Flats,1,1,2222,New,FALSE,Furnished,5.6358281,-0.1613592,East Legon,Greater Accra
16/09/2024,850,Flats,2,1,700,Used,FALSE,Furnished,6.5336974,-1.4048249,Atwima Nwabiagya,Ashanti
17/06/2025,33600,Flats,2,2,371,New,FALSE,Furnished,5.5682665,-0.1717396,Labone,Greater Accra
30/05/2023,16655,Detached,3,4,111,Used,FALSE,Furnished,5.6376136,-0.1266064,Spintex,Greater Accra
20/04/2025,17400,Flats,3,4,200,New,FALSE,Furnished,5.6358281,-0.1613592,East Legon,Greater Accra
16/09/2024,31000,Detached,5,5,600,New,FALSE,Furnished,5.6495001,-0.2100343,West Legon,Greater Accra
4/9/2024,11235,Flats,3,4,110,Used,FALSE,Furnished,9.4109994,-0.7152749,Tamale Municipal,Northern Region
15/05/2025,2000,Flats,1,1,300,Used,FALSE,Furnished,5.5344155,-0.4252737,Kasoa,Greater Accra
7/11/2024,45000,Flats,3,3,300,New,FALSE,Furnished,5.6061047,-0.1860362,Airport Residential Area,Greater Accra
11/6/2024,3500,Flats,1,1,40,New,FALSE,Furnished,5.6274508,-0.0872742,Spintex,Greater Accra
25/04/2023,21000,Flats,1,2,14,New,FALSE,Furnished,5.6061047,-0.1860362,Airport Residential Area,Greater Accra
25/09/2025,30000,Flats,2,3,900,New,FALSE,Furnished,5.5459415,-0.2103988,Accra Metropolitan,Greater Accra
3/12/2025,7500,Flats,1,1,65,New,FALSE,Furnished,5.6141232,-0.1956471,Dzorwulu,Greater Accra
3/7/2023,33000,Townhouse,4,5,2222,New,FALSE,Furnished,5.6510376,-0.1354586,Adjiriganor,Greater Accra
4/3/2025,1300,Detached,3,2,285,New,FALSE,Furnished,6.6932173,-1.627507,Kumasi Metropolitan,Ashanti
3/6/2025,36287,Flats,4,4,12,New,FALSE,Furnished,5.6510376,-0.1354586,Adjiriganor,Greater Accra
17/10/2025,6000,Flats,2,2,100,Used,FALSE,Furnished,5.6944159,-0.2021951,Agbogba,Greater Accra
18/12/2024,19200,Flats,3,3,210,Used,FALSE,Furnished,5.5459415,-0.2103988,Accra Metropolitan,Greater Accra
9/6/2024,8586,Detached,3,3,4800,Used,FALSE,Furnished,5.5459415,-0.2103988,Accra Metropolitan,Greater Accra
2/1/2024,23500,Detached,3,3,122,Used,FALSE,Furnished,5.5459415,-0.2103988,Accra Metropolitan,Greater Accra
7/7/2025,19200,Flats,2,2,100,Used,FALSE,Furnished,5.6358281,-0.1613592,East Legon,Greater Accra
14/10/2024,15000,Flats,2,2,200,New,FALSE,Furnished,5.6141232,-0.1956471,Dzorwulu,Greater Accra
28/11/2023,6500,Flats,2,2,300,New,FALSE,Furnished,5.6887241,-0.2270226,Ashomang Estate,Greater Accra
6/10/2023,18000,Flats,2,2,990,Used,FALSE,Furnished,5.6358281,-0.1613592,East Legon,Greater Accra
21/03/2025,5500,Flats,1,1,80,Used,FALSE,Furnished,5.6346309,-0.2214085,West Legon,Greater Accra
15/11/2025,23000,Flats,2,3,120,New,FALSE,Furnished,5.6376136,-0.1266064,Spintex,Greater Accra
3/7/2025,10000,Flats,1,1,100,New,FALSE,Furnished,5.7141674,-0.15418,Adenta,Greater Accra
5/11/2025,13500,Duplex,5,6,764,New,FALSE,Furnished,5.5459415,-0.2103988,Accra Metropolitan,Greater Accra
14/01/2023,48000,Detached,4,4,12,New,FALSE,Furnished,5.6510376,-0.1354586,Adjiriganor,Greater Accra
12/1/2025,42000,Flats,3,4,200,New,FALSE,Furnished,5.5570305,-0.1762717,Osu,Greater Accra
17/05/2023,8500,Flats,2,3,120,New,FALSE,Furnished,6.6932173,-1.627507,Kumasi Metropolitan,Ashanti
21/04/2025,15500,Flats,1,1,100,New,FALSE,Furnished,5.6358281,-0.1613592,East Legon,Greater Accra
16/07/2025,38500,Detached,4,4,500,New,FALSE,Furnished,5.5862504,-0.1394584,Teshie,Greater Accra
23/09/2025,10800,Flats,2,2,111,New,FALSE,Furnished,5.6141232,-0.1956471,Dzorwulu,Greater Accra
26/06/2025,7500,Flats,2,2,15,Used,FALSE,Furnished,5.8142836,0.0746767,Ledzokuku-Krowor,Greater Accra
25/06/2023,35000,Detached,3,3,800,Used,FALSE,Furnished,5.6061047,-0.1860362,Airport Residential Area,Greater Accra
13/09/2024,24600,Flats,3,3,215,Used,FALSE,Furnished,5.6358281,-0.1613592,East Legon,Greater Accra
22/03/2024,35000,Flats,4,4,800,Used,FALSE,Furnished,5.5570305,-0.1762717,Osu,Greater Accra
26/02/2023,13000,Flats,2,3,455,Used,FALSE,Furnished,5.6376136,-0.1266064,Spintex,Greater Accra
4/9/2023,5000,Flats,1,1,250,New,FALSE,Furnished,5.5697264,-0.2149355,Circle,Greater Accra
10/7/2023,8000,Flats,1,1,70,Used,FALSE,Furnished,5.5570305,-0.1762717,Osu,Greater Accra
26/03/2024,7000,Flats,1,2,900,Used,FALSE,Furnished,5.5656398,-0.1689987,Osu,Greater Accra
27/11/2025,14022,Detached,2,2,100,Used,FALSE,Furnished,5.626295,-0.1339608,Spintex,Greater Accra
1/2/2023,30000,Detached,5,5,100,Used,FALSE,Furnished,5.6358281,-0.1613592,East Legon,Greater Accra
28/10/2023,30000,Flats,4,5,100,New,FALSE,Furnished,5.6358281,-0.1613592,East Legon,Greater Accra
30/06/2023,32000,Flats,2,2,80,Used,FALSE,Furnished,5.6358281,-0.1613592,East Legon,Greater Accra
20/12/2024,6000,Detached,3,4,100,New,FALSE,Furnished,9.4109994,-0.7152749,Tamale Municipal,Northern Region
1/9/2023,7000,Detached,4,5,100,Renovated,FALSE,Furnished,5.6974123,-0.1821067,Adenta,Greater Accra
12/12/2024,26000,Flats,2,3,4980,New,FALSE,Furnished,5.6376136,-0.1266064,Spintex,Greater Accra
12/6/2025,3000,Flats,3,3,100,Used,FALSE,Furnished,5.6944159,-0.2021951,Agbogba,Greater Accra
7/9/2025,16000,Flats,2,3,5000,Used,FALSE,Furnished,5.6358281,-0.1613592,East Legon,Greater Accra
25/01/2024,32000,Flats,2,2,90,Used,FALSE,Furnished,5.5767652,-0.1784836,Cantonments,Greater Accra
28/08/2025,18500,Flats,3,4,1500,New,FALSE,Furnished,5.6358281,-0.1613592,East Legon,Greater Accra
28/05/2023,14400,Flats,2,3,85,New,FALSE,Furnished,5.6802129,-0.1372479,Ashaley Botwe,Greater Accra
18/09/2023,32000,Mansion,5,5,1000,Used,FALSE,Furnished,6.6932173,-1.627507,Kumasi Metropolitan,Ashanti
21/04/2023,15200,Flats,1,1,50,Used,FALSE,Furnished,5.5862504,-0.1394584,Teshie,Greater Accra
2/2/2023,13000,Detached,2,1,100,Used,FALSE,Furnished,5.5682665,-0.1717396,Labone,Greater Accra
21/09/2023,12200,Flats,2,2,14,Used,FALSE,Furnished,5.6510376,-0.1354586,Adjiriganor,Greater Accra
9/11/2024,20000,Flats,2,2,800,New,FALSE,Furnished,5.6358281,-0.1613592,East Legon,Greater Accra
3/10/2023,24000,Flats,2,2,900,New,FALSE,Furnished,5.5459415,-0.2103988,Accra Metropolitan,Greater Accra
19/04/2023,19000,Flats,3,3,100,Used,FALSE,Furnished,5.6358281,-0.1613592,East Legon,Greater Accra
28/11/2025,13400,Townhouse,3,4,900,Used,FALSE,Furnished,5.5459415,-0.2103988,Accra Metropolitan,Greater Accra
1/10/2023,36000,Duplex,2,3,18,New,FALSE,Furnished,5.6358281,-0.1613592,East Legon,Greater Accra
20/09/2025,9000,Flats,1,2,4500,Used,FALSE,Furnished,5.6439894,-0.1485298,East Legon,Greater Accra
20/04/2025,53989,Detached,5,6,150,Used,FALSE,Furnished,5.6358281,-0.1613592,East Legon,Greater Accra
18/12/2023,17116,Detached,3,4,150,Used,FALSE,Furnished,5.6358281,-0.1613592,East Legon,Greater Accra
20/08/2023,800,Flats,2,1,600,New,FALSE,Furnished,6.5336974,-1.4048249,Atwima Nwabiagya,Ashanti
31/05/2024,37500,Flats,2,2,258,Used,FALSE,Furnished,5.6061047,-0.1860362,Airport Residential Area,Greater Accra
22/07/2023,39000,Townhouse,3,4,100,New,FALSE,Furnished,5.6141232,-0.1956471,Dzorwulu,Greater Accra
19/06/2025,4800,Flats,2,2,200,New,FALSE,Furnished,5.6358281,-0.1613592,East Legon,Greater Accra
11/1/2024,19800,Flats,2,3,608,New,FALSE,Furnished,5.5459415,-0.2103988,Accra Metropolitan,Greater Accra
20/12/2023,750,Flats,1,1,40,New,FALSE,Furnished,5.7141674,-0.15418,Adenta,Greater Accra
30/12/2025,820,Flats,1,1,25,New,FALSE,Furnished,5.5511744,-0.2526163,Ablekuma,Greater Accra
10/10/2025,35000,Duplex,3,3,350,New,FALSE,Furnished,5.5862504,-0.1394584,Teshie,Greater Accra
26/04/2024,2000,Flats,2,3,888,New,FALSE,Furnished,5.5475455,-0.3808738,Kasoa,Greater Accra
12/1/2024,23000,Flats,2,2,100,New,FALSE,Furnished,5.7141674,-0.15418,Adenta,Greater Accra
4/5/2025,15000,Flats,2,2,455,New,FALSE,Furnished,5.7088147,-0.3560076,Ga West Municipal,Greater Accra
8/5/2025,22500,Townhouse,2,3,300,Used,FALSE,Furnished,5.6825806,-0.1916501,North Legon,Greater Accra
3/6/2024,18000,Flats,2,2,200,Used,FALSE,Furnished,5.5656398,-0.1689987,Osu,Greater Accra
31/01/2025,18000,Flats,3,3,120,Used,FALSE,Furnished,5.6358281,-0.1613592,East Legon,Greater Accra
31/03/2025,20000,Flats,1,1,2222,New,FALSE,Furnished,5.5666403,-0.3334778,Weija,Greater Accra
23/08/2024,30000,Flats,2,2,100,New,FALSE,Furnished,5.64174,-0.1517108,East Legon,Greater Accra
15/02/2025,6500,Flats,2,3,100,New,FALSE,Furnished,5.6376136,-0.1266064,Spintex,Greater Accra
1/8/2023,12050,Flats,3,4,145,New,FALSE,Furnished,5.5459415,-0.2103988,Accra Metropolitan,Greater Accra
1/10/2024,1000,Flats,2,1,900,Used,FALSE,Furnished,6.6932173,-1.627507,Kumasi Metropolitan,Ashanti
24/01/2024,24000,Flats,2,2,100,Used,FALSE,Furnished,5.6562651,-0.2338473,Dome,Greater Accra
1/1/2023,7000,Detached,2,2,251,Used,FALSE,Furnished,5.64174,-0.1517108,East Legon,Greater Accra
24/10/2025,14000,Flats,2,2,800,Used,FALSE,Furnished,5.6141232,-0.1956471,Dzorwulu,Greater Accra
20/04/2025,2000,Flats,2,2,40,Used,FALSE,Furnished,5.5937587,-0.2690565,Kwashieman,Greater Accra
17/03/2025,17300,Flats,2,2,900,New,FALSE,Furnished,5.6358281,-0.1613592,East Legon,Greater Accra
26/04/2024,22500,Flats,1,1,235,New,FALSE,Furnished,5.6024006,-0.1951648,Roman Ridge,Greater Accra
12/4/2025,10000,Flats,1,2,200,Renovated,FALSE,Furnished,5.612781,-0.234345,Achimota,Greater Accra
7/11/2025,12800,Detached,3,3,2100,Used,FALSE,Furnished,5.6563118,-0.0093266,Tema Metropolitan,Greater Accra
23/01/2023,18200,Flats,2,2,235,New,FALSE,Furnished,5.8129581,-0.1179155,Oyibi,Greater Accra
6/2/2023,59500,Detached,4,4,240,Used,FALSE,Furnished,5.6358281,-0.1613592,East Legon,Greater Accra
27/03/2025,800,Flats,1,1,100,New,FALSE,Furnished,5.5510647,-0.4408037,Awutu Senya East Municipal,Central Region
19/09/2025,10000,Detached,5,5,467,Used,FALSE,Furnished,5.7088147,-0.3560076,Ga West Municipal,Greater Accra
30/09/2023,12000,Detached,4,4,2000,Used,FALSE,Furnished,5.622277,-0.125897,Spintex,Greater Accra
10/9/2025,18850,Flats,2,2,1080,Used,FALSE,Furnished,5.6141232,-0.1956471,Dworwulu,Greater Accra
28/04/2025,20000,Flats,1,1,900,Used,FALSE,Furnished,5.5459415,-0.2103988,Accra Metropolitan,Greater Accra
15/08/2025,23760,Flats,3,4,145,Used,FALSE,Furnished,5.6358281,-0.1613592,East Legon,Greater Accra
2/8/2025,15000,Flats,2,2,14,New,FALSE,Furnished,6.6932173,-1.627507,Kumasi Metropolitan,Ashanti
16/07/2024,32000,Flats,4,5,14,New,FALSE,Furnished,6.6932173,-1.627507,Kumasi Metropolitan,Ashanti
4/5/2025,6000,Flats,2,2,200,Used,FALSE,Furnished,5.6510376,-0.1354586,Adjiriganor,Greater Accra
26/10/2023,39480,Detached,5,5,70,New,FALSE,Furnished,5.6439894,-0.1485298,East Legon,Greater Accra
26/03/2025,26548,Detached,4,5,150,New,FALSE,Furnished,5.6358281,-0.1613592,East Legon,Greater Accra
9/6/2024,8500,Flats,2,2,100,New,FALSE,Furnished,5.612781,-0.234345,Achimota,Greater Accra
11/7/2025,20710,Detached,4,5,608,New,FALSE,Furnished,5.6358281,-0.1613592,East Legon,Greater Accra
31/10/2025,600,Flats,1,1,100,Used,FALSE,Furnished,5.5344155,-0.4252737,Kasoa,Greater Accra
4/4/2024,40000,Townhouse,3,3,225,New,FALSE,Furnished,5.5958462,-0.1518394,Burma Camp,Greater Accra
2/8/2024,28238,Townhouse,3,4,200,New,FALSE,Furnished,5.6141232,-0.1956471,Dzorwulu,Greater Accra
11/2/2024,58050,Flats,3,4,200,Used,FALSE,Furnished,5.6061047,-0.1860362,Airport Residential Area,Greater Accra
28/12/2025,26000,Flats,3,3,120,Used,FALSE,Furnished,5.5570305,-0.1762717,Osu,Greater Accra
28/06/2025,11000,Detached,4,4,254,Used,FALSE,Furnished,5.6510376,-0.1354586,Adjiriganor,Greater Accra
5/2/2025,12800,Detached,3,2,350,Used,FALSE,Furnished,5.7141674,-0.15418,Adenta,Greater Accra
21/04/2023,24000,Flats,2,3,999,New,FALSE,Furnished,5.6358281,-0.1613592,East Legon,Greater Accra
30/11/2023,20000,Detached,3,3,380,Used,FALSE,Furnished,5.6376136,-0.1266064,Spintex,Greater Accra
16/01/2024,37111,Flats,1,1,80,New,FALSE,Furnished,5.5767652,-0.1784836,Cantonments,Greater Accra
11/6/2024,6000,Flats,2,2,70,New,FALSE,Furnished,6.6932173,-1.627507,Kumasi Metropolitan,Ashanti
17/07/2025,30000,Semi-Detached,3,3,900,Renovated,FALSE,Furnished,5.5459415,-0.2103988,Accra Metropolitan,Greater Accra
12/9/2024,44897,Duplex,5,5,150,Used,FALSE,Furnished,5.5767652,-0.1784836,Cantonments,Greater Accra
27/11/2024,4500,Flats,1,1,400,Used,FALSE,Furnished,5.7252259,-0.1549277,Adenta,Greater Accra
17/06/2024,12084,Flats,2,2,100,Used,FALSE,Furnished,5.6825806,-0.1916501,North Legon,Greater Accra
13/07/2023,1000,Flats,1,1,100,Used,FALSE,Furnished,5.5344155,-0.4252737,Kasoa,Greater Accra
4/7/2023,2000,Flats,1,1,555,Used,FALSE,Furnished,5.6562651,-0.2338473,Dome,Greater Accra
15/08/2023,30000,Flats,2,2,45,New,FALSE,Furnished,5.6358281,-0.1613592,East Legon,Greater Accra
15/03/2025,7000,Detached,3,4,3000,New,FALSE,Furnished,5.7141674,-0.15418,Adenta,Greater Accra
12/8/2023,17000,Flats,1,1,200,New,FALSE,Furnished,5.6358281,-0.1613592,East Legon,Greater Accra
13/12/2025,21000,Flats,2,3,100,New,FALSE,Furnished,5.5862504,-0.1394584,Teshie,Greater Accra
17/03/2023,20800,Flats,2,2,800,Used,FALSE,Furnished,5.5570305,-0.1762717,Osu,Greater Accra
2/5/2025,18000,Flats,2,2,415,New,FALSE,Furnished,5.6358281,-0.1613592,East Legon,Greater Accra
8/11/2023,45247,Detached,4,5,150,Used,FALSE,Furnished,5.6358281,-0.1613592,East Legon,Greater Accra
3/10/2025,16200,Flats,2,3,120,New,FALSE,Furnished,5.5862504,-0.1394584,Teshie,Greater Accra
29/11/2023,700,Detached,2,2,205,Used,FALSE,Furnished,6.6932173,-1.627507,Kumasi Metropolitan,Ashanti
6/9/2025,3600,Flats,1,1,50,New,FALSE,Furnished,5.666671,-0.4313729,Ga South Municipal,Greater Accra
29/10/2023,17000,Flats,3,2,500,New,FALSE,Furnished,5.7556353,-0.1738945,Oyarifa,Greater Accra
7/2/2025,15000,Flats,4,4,100,Used,FALSE,Furnished,5.5646592,-0.1565747,Labadi,Greater Accra
17/09/2024,2500,Flats,2,2,200,New,FALSE,Furnished,5.7141674,-0.15418,Adenta,Greater Accra
15/01/2023,16000,Flats,4,4,900,New,FALSE,Furnished,5.6086972,-0.2271274,Tesano,Greater Accra
11/8/2025,29000,Flats,1,1,85,New,FALSE,Furnished,5.6358281,-0.1613592,East Legon,Greater Accra
28/07/2023,47100,Detached,4,4,120,Used,FALSE,Furnished,5.6061047,-0.1860362,Airport Residential Area,Greater Accra
26/12/2023,50750,Townhouse,5,5,1332,Used,FALSE,Furnished,5.5459415,-0.2103988,Accra Metropolitan,Greater Accra
10/8/2023,1600,Flats,2,3,800,New,FALSE,Furnished,6.6932173,-1.627507,Kumasi Metropolitan,Ashanti
9/11/2023,32600,Detached,2,3,400,New,FALSE,Furnished,5.5570305,-0.1762717,Osu,Greater Accra
8/2/2025,20125,Flats,3,2,800,Used,FALSE,Furnished,5.6061047,-0.1860362,Airport Residential Area,Greater Accra
10/9/2024,10000,Flats,1,1,1225,New,FALSE,Furnished,5.5459415,-0.2103988,Accra Metropolitan,Greater Accra
5/12/2024,28000,Flats,3,2,900,Used,FALSE,Furnished,5.6061047,-0.1860362,Airport Residential Area,Greater Accra
19/09/2025,27500,Detached,8,8,100,Used,FALSE,Furnished,5.5919106,-0.2876696,Awoshie,Greater Accra
15/01/2023,33600,Detached,3,3,100,New,FALSE,Furnished,5.7556353,-0.1738945,Oyarifa,Greater Accra
4/5/2025,15000,Flats,2,3,14,New,FALSE,Furnished,6.6932173,-1.627507,Kumasi Metropolitan,Ashanti
23/04/2025,1600,Flats,2,2,900,New,FALSE,Furnished,6.5968323,-1.6955092,Atwima Kwanwoma,Ashanti
10/1/2024,4000,Flats,1,1,100,Used,FALSE,Furnished,5.5511744,-0.2526163,Ablekuma,Greater Accra
8/2/2025,11000,Flats,2,2,800,Used,FALSE,Furnished,5.6141232,-0.1956471,Dworwulu,Greater Accra
22/09/2023,9000,Flats,3,3,100,Used,FALSE,Furnished,5.6358281,-0.1613592,East Legon,Greater Accra
16/05/2024,40000,Flats,2,2,100,Used,FALSE,Furnished,5.6358281,-0.1613592,East Legon,Greater Accra
29/04/2025,15000,Flats,2,2,140,Used,FALSE,Furnished,5.6149107,-0.0484066,Tema Metropolitan,Greater Accra
22/10/2024,28213,Flats,3,3,12,New,FALSE,Furnished,5.6510376,-0.1354586,Adjiriganor,Greater Accra
7/1/2023,14850,Flats,2,2,100,Used,FALSE,Furnished,5.6619606,-0.1290806,Adjiriganor,Greater Accra
27/06/2024,48000,Townhouse,4,5,4000,New,FALSE,Furnished,5.6061047,-0.1860362,Airport Residential Area,Greater Accra
12/11/2025,1000,Flats,2,2,900,Used,FALSE,Furnished,6.6932173,-1.627507,Kumasi Metropolitan,Ashanti
17/03/2025,26400,Flats,2,2,100,Used,FALSE,Furnished,5.6358281,-0.1613592,East Legon,Greater Accra
12/5/2024,8000,Flats,1,1,12,Used,FALSE,Furnished,5.5554896,-0.1618811,South La,Greater Accra
26/08/2023,41100,Flats,2,2,210,New,FALSE,Furnished,5.8142836,0.0746767,Ridge,Greater Accra
5/6/2025,12195,Flats,2,2,70,Used,FALSE,Furnished,5.6057034,-0.2353967,Tesano,Greater Accra
19/06/2023,7000,Flats,2,3,100,Used,FALSE,Furnished,5.6376136,-0.1266064,Spintex,Greater Accra
19/07/2025,10000,Flats,2,2,80,Used,FALSE,Furnished,5.6510376,-0.1354586,Adjiriganor,Greater Accra
10/12/2023,26000,Detached,4,4,100,New,FALSE,Furnished,5.6358281,-0.1613592,East Legon,Greater Accra
15/11/2024,57400,Flats,2,2,190,New,FALSE,Furnished,5.5767652,-0.1784836,Cantonments,Greater Accra
24/08/2024,23800,Townhouse,2,2,150,Used,FALSE,Furnished,5.5862504,-0.1394584,Teshie,Greater Accra
24/05/2023,10000,Detached,3,3,100,Used,FALSE,Furnished,5.6376136,-0.1266064,Spintex,Greater Accra
19/03/2024,29250,Flats,3,3,135,Renovated,FALSE,Furnished,5.5767652,-0.1784836,Cantonments,Greater Accra
19/06/2025,3000,Flats,2,2,2023,New,FALSE,Furnished,6.704594,-1.4048249,Ejisu-Juaben Municipal,Ashanti
17/11/2025,4000,Flats,1,1,42,Used,FALSE,Furnished,5.6358281,-0.1613592,East Legon,Greater Accra
25/08/2025,24000,Detached,4,5,1224,New,FALSE,Furnished,5.6293106,-0.1643317,East Legon,Greater Accra
5/12/2023,1300,Flats,2,1,900,New,FALSE,Furnished,6.5336974,-1.4048249,Atwima Nwabiagya,Ashanti
15/05/2024,35000,Flats,2,3,2222,Used,FALSE,Furnished,5.6061047,-0.1860362,Airport Residential Area,Greater Accra
10/12/2023,8500,Flats,1,1,100,Used,FALSE,Furnished,5.6376136,-0.1266064,Spintex,Greater Accra
23/07/2024,43500,Detached,4,5,100,New,FALSE,Furnished,5.6358281,-0.1613592,East Legon,Greater Accra
26/05/2024,30000,Flats,2,2,1500,New,FALSE,Furnished,5.5679,-0.1925238,Ridge,Greater Accra
12/3/2024,7000,Detached,2,1,2100,Used,FALSE,Furnished,5.6563118,-0.0093266,Tema Metropolitan,Greater Accra
15/05/2024,27300,Semi-Detached,4,5,100,New,FALSE,Furnished,5.5767652,-0.1784836,Cantonments,Greater Accra
3/4/2024,24000,Flats,1,1,500,New,FALSE,Furnished,5.6358281,-0.1613592,East Legon,Greater Accra
12/5/2024,25000,Flats,2,3,222,New,FALSE,Furnished,5.5862504,-0.1394584,Teshie,Greater Accra
30/04/2023,8000,Flats,2,2,25,Used,FALSE,Furnished,5.6772176,-0.1251477,Ashaley Botwe,Greater Accra
22/08/2024,35000,Detached,3,3,100,Used,FALSE,Furnished,5.6385083,-0.1250963,Spintex,Greater Accra
28/01/2024,6000,Flats,1,1,50,New,FALSE,Furnished,5.6529542,-0.2170221,Dome,Greater Accra
16/06/2023,15232,Flats,1,1,120,Used,FALSE,Furnished,5.5570305,-0.1762717,Osu,Greater Accra
16/03/2025,28000,Flats,2,2,100,Used,FALSE,Furnished,5.6510376,-0.1354586,Adjiriganor,Greater Accra
7/8/2025,5000,Flats,1,1,100,Used,FALSE,Furnished,6.6932173,-1.627507,Kumasi Metropolitan,Ashanti
25/01/2024,2400,Flats,1,1,55,Used,FALSE,Furnished,5.5511744,-0.2526163,Ablekuma,Greater Accra
15/05/2024,1700,Flats,2,2,10,Used,FALSE,Furnished,5.7062137,-0.3019281,Ga West Municipal,Greater Accra
19/07/2023,600,Flats,1,1,100,New,FALSE,Furnished,5.5510647,-0.4408037,Awutu Senya East Municipal,Central Region
27/10/2025,9000,Flats,1,1,100,Used,FALSE,Furnished,5.5862504,-0.1394584,Teshie,Greater Accra
18/12/2024,4500,Detached,1,1,66,Used,FALSE,Furnished,5.6731377,-0.1663559,Ashaley Botwe,Greater Accra
15/10/2025,15000,Flats,2,2,80,Used,FALSE,Furnished,5.6141232,-0.1956471,Dzorwulu,Greater Accra
6/10/2024,56500,Detached,4,6,120,Used,FALSE,Furnished,5.6061047,-0.1860362,Airport Residential Area,Greater Accra
4/4/2025,16920,Flats,2,3,100,New,FALSE,Furnished,5.6098255,-0.2138846,Abelemkpe,Greater Accra
5/3/2024,14000,Detached,4,4,1115,Used,FALSE,Furnished,6.6932173,-1.627507,Kumasi Metropolitan,Ashanti
13/08/2025,18000,Flats,1,1,100,New,FALSE,Furnished,5.6358281,-0.1613592,East Legon,Greater Accra
21/03/2024,800,Flats,1,1,99,New,FALSE,Furnished,5.6335731,-0.2367557,Achimota,Greater Accra
6/1/2024,7800,Flats,1,1,120,Used,FALSE,Furnished,5.6098255,-0.2138846,Abelemkpe,Greater Accra
30/03/2024,56610,Flats,3,4,150,New,FALSE,Furnished,5.5767652,-0.1784836,Cantonments,Greater Accra
10/4/2025,1500,Detached,3,3,506,New,FALSE,Furnished,6.6932173,-1.627507,Kumasi Metropolitan,Ashanti
16/08/2023,8000,Flats,1,1,145,New,FALSE,Furnished,5.6802129,-0.1372479,Ashaley Botwe,Greater Accra
17/09/2025,42000,Duplex,4,4,580,Used,FALSE,Furnished,5.6358281,-0.1613592,East Legon,Greater Accra
17/08/2023,35000,Flats,2,2,800,Used,FALSE,Furnished,5.6141232,-0.1956471,Dworwulu,Greater Accra
16/04/2024,17000,Detached,5,5,14,New,FALSE,Furnished,6.6932173,-1.627507,Kumasi Metropolitan,Ashanti
11/1/2025,8000,Flats,2,3,15,New,FALSE,Furnished,5.6061047,-0.1860362,Airport Residential Area,Greater Accra
27/02/2023,7000,Flats,1,1,100,Used,FALSE,Furnished,5.6358281,-0.1613592,East Legon,Greater Accra
10/10/2024,14400,Flats,2,2,100,New,FALSE,Furnished,5.6358281,-0.1613592,East Legon,Greater Accra
11/4/2025,19000,Detached,3,4,12,Used,FALSE,Furnished,5.6358281,-0.1613592,East Legon,Greater Accra
13/01/2025,970,Flats,1,1,45,New,FALSE,Furnished,5.6442137,-0.2480426,Tantra Hills,Greater Accra
11/3/2023,10800,Detached,2,2,214,Used,FALSE,Furnished,5.6358281,-0.1613592,East Legon,Greater Accra
9/2/2023,18000,Flats,2,2,800,New,FALSE,Furnished,5.6358281,-0.1613592,East Legon,Greater Accra
27/07/2023,2500,Duplex,5,5,70,Used,FALSE,Furnished,5.6563118,-0.0093266,Tema Metropolitan,Greater Accra
27/02/2023,7805,Detached,2,2,2800,Used,FALSE,Furnished,5.5459415,-0.2103988,Accra Metropolitan,Greater Accra
7/10/2025,32000,Flats,2,3,100,New,FALSE,Furnished,5.6731273,-0.1663851,Madina,Greater Accra
3/2/2023,10112,Flats,2,2,140,Used,FALSE,Furnished,5.6358281,-0.1613592,East Legon,Greater Accra
5/1/2024,4500,Flats,1,1,80,Used,FALSE,Furnished,5.6376136,-0.1266064,Spintex,Greater Accra
29/09/2023,15000,Flats,1,1,150,New,FALSE,Furnished,5.6495001,-0.2100343,West Legon,Greater Accra
2/5/2023,16000,Detached,3,3,421,Used,FALSE,Furnished,5.6376136,-0.1266064,Spintex,Greater Accra
29/07/2024,50000,Duplex,2,2,35,New,FALSE,Furnished,5.5767652,-0.1784836,Cantonments,Greater Accra
25/05/2023,35000,Detached,4,4,800,Used,FALSE,Furnished,5.6061047,-0.1860362,Airport Residential Area,Greater Accra
25/04/2023,9900,Flats,3,3,200,Used,FALSE,Furnished,5.6731273,-0.1663851,Madina,Greater Accra
24/02/2024,24000,Flats,2,4,400,Used,FALSE,Furnished,5.7141674,-0.15418,Adenta,Greater Accra
2/6/2025,12000,Flats,1,1,120,Used,FALSE,Furnished,5.6141232,-0.1956471,Dzorwulu,Greater Accra
26/07/2023,21000,Flats,3,3,195,Used,FALSE,Furnished,5.6495001,-0.2100343,West Legon,Greater Accra
7/6/2025,8000,Flats,3,2,150,Used,FALSE,Furnished,5.6802129,-0.1372479,Ashaley Botwe,Greater Accra
23/04/2025,35254,Flats,2,3,145,New,FALSE,Furnished,5.5682665,-0.1717396,Labone,Greater Accra
7/7/2025,13000,Flats,2,2,110,New,FALSE,Furnished,5.6495001,-0.2100343,West Legon,Greater Accra
2/12/2024,15000,Flats,7,5,800,Used,FALSE,Furnished,5.6358281,-0.1613592,East Legon,Greater Accra
10/3/2023,43750,Townhouse,3,4,80,Used,FALSE,Furnished,5.6358281,-0.1613592,East Legon,Greater Accra
14/05/2025,25000,Flats,3,4,1500,New,FALSE,Furnished,5.6141232,-0.1956471,Dzorwulu,Greater Accra
13/11/2025,9000,Flats,2,3,150,New,FALSE,Furnished,5.6358281,-0.1613592,East Legon,Greater Accra
10/8/2025,24000,Flats,1,1,100,New,FALSE,Furnished,5.5862504,-0.1394584,Teshie,Greater Accra
15/09/2025,20100,Flats,3,4,800,Used,FALSE,Furnished,5.5687113,-0.1685011,Labone,Greater Accra
1/6/2023,2000,Flats,2,2,200,Used,FALSE,Furnished,5.7141674,-0.15418,Adenta,Greater Accra
11/9/2025,30000,Detached,3,3,500,Used,FALSE,Furnished,5.6376136,-0.1266064,Spintex,Greater Accra
15/01/2023,30000,Flats,2,3,100,Used,FALSE,Furnished,5.6061047,-0.1860362,Airport Residential Area,Greater Accra
7/6/2023,7000,Flats,2,2,500,New,FALSE,Furnished,5.5937587,-0.2690565,Kwashieman,Greater Accra
4/3/2024,6000,Flats,1,1,12,Used,FALSE,Furnished,5.8142836,0.0746767,Ledzokuku-Krowor,Greater Accra
16/01/2024,5000,Flats,2,2,3333,New,FALSE,Furnished,5.6887241,-0.2270226,Ashomang Estate,Greater Accra
3/5/2025,40750,Flats,2,2,200,New,FALSE,Furnished,5.5570305,-0.1762717,Osu,Greater Accra
15/07/2025,34293,Detached,4,5,12,New,FALSE,Furnished,5.6358281,-0.1613592,East Legon,Greater Accra
4/6/2023,5000,Flats,1,1,90,New,FALSE,Furnished,5.5646592,-0.1565747,Labadi,Greater Accra
31/07/2025,10500,Flats,1,1,59,Used,FALSE,Furnished,5.6141232,-0.1956471,Dzorwulu,Greater Accra
23/12/2023,4000,Detached,6,5,250,New,FALSE,Furnished,6.6932173,-1.627507,Kumasi Metropolitan,Ashanti
16/05/2025,27000,Flats,1,1,100,New,FALSE,Furnished,5.5767652,-0.1784836,Cantonments,Greater Accra
3/1/2024,3500,Flats,1,1,682,New,FALSE,Furnished,5.5459415,-0.2103988,Accra Metropolitan,Greater Accra
24/05/2025,17000,Flats,2,2,111,New,FALSE,Furnished,5.5862504,-0.1394584,Teshie,Greater Accra
24/10/2023,16963,Flats,3,3,18,Used,FALSE,Furnished,5.6141232,-0.1956471,Dzorwulu,Greater Accra
2/4/2024,30000,Flats,2,3,100,New,FALSE,Furnished,5.6358281,-0.1613592,East Legon,Greater Accra
23/02/2024,8000,Duplex,6,6,300,Used,FALSE,Furnished,5.5642788,-0.297229,McCarthy Hill,Greater Accra
16/09/2023,15000,Detached,3,3,550,Used,FALSE,Furnished,5.7556353,-0.1738945,Oyarifa,Greater Accra
24/09/2024,18600,Detached,4,4,108,New,FALSE,Furnished,5.612781,-0.234345,Achimota,Greater Accra
13/12/2025,42000,Flats,2,2,100,Used,FALSE,Furnished,5.6358281,-0.1613592,East Legon,Greater Accra
22/06/2024,12000,Detached,4,5,100,Used,FALSE,Furnished,5.612781,-0.234345,Achimota,Greater Accra
3/7/2024,13000,Flats,2,3,150,Used,FALSE,Furnished,5.6418074,-0.2279838,Dome,Greater Accra
2/7/2024,5000,Flats,1,1,19,Used,FALSE,Furnished,5.612781,-0.234345,Achimota,Greater Accra
23/12/2023,38000,Flats,2,2,100,New,FALSE,Furnished,5.7141674,-0.15418,Adenta,Greater Accra
28/09/2025,27389,Flats,1,1,100,New,FALSE,Furnished,5.6358281,-0.1613592,East Legon,Greater Accra
3/3/2023,24000,Flats,3,2,156,Used,FALSE,Furnished,5.6061047,-0.1860362,Airport Residential Area,Greater Accra
11/4/2024,12800,Mansion,4,5,1000,Used,FALSE,Furnished,6.6932173,-1.627507,Kumasi Metropolitan,Ashanti
1/12/2023,43549,Flats,4,4,145,Used,FALSE,Furnished,5.5459415,-0.2103988,Accra Metropolitan,Greater Accra
6/11/2025,19500,Flats,2,1,150,New,FALSE,Furnished,5.6358281,-0.1613592,East Legon,Greater Accra
26/09/2024,4500,Flats,1,1,35,Renovated,FALSE,Furnished,5.6619606,-0.1290806,Adjiriganor,Greater Accra
20/03/2024,42350,Townhouse,4,5,900,New,FALSE,Furnished,5.6358281,-0.1613592,East Legon,Greater Accra
16/08/2023,21400,Detached,3,3,100,Used,FALSE,Furnished,5.6358281,-0.1613592,East Legon,Greater Accra
29/06/2023,6500,Detached,2,1,80,New,FALSE,Furnished,5.5459415,-0.2103988,Accra Metropolitan,Greater Accra
4/6/2023,20500,Duplex,5,5,100,New,FALSE,Furnished,5.6802129,-0.1372479,Ashaley Botwe,Greater Accra
23/01/2024,16000,Flats,2,2,100,New,FALSE,Furnished,5.6358281,-0.1613592,East Legon,Greater Accra
7/5/2024,57500,Flats,4,4,260,Used,FALSE,Furnished,5.5767652,-0.1784836,Cantonments,Greater Accra
5/7/2023,19200,Flats,3,3,80,Used,FALSE,Furnished,5.6358281,-0.1613592,East Legon,Greater Accra
7/12/2025,23250,Detached,3,4,100,New,FALSE,Furnished,5.612781,-0.234345,Achimota,Greater Accra
8/2/2024,15000,Detached,3,4,286,Used,FALSE,Furnished,5.6495001,-0.2100343,West Legon,Greater Accra
21/03/2025,43200,Detached,3,3,300,New,FALSE,Furnished,5.6376136,-0.1266064,Spintex,Greater Accra
11/12/2023,29000,Flats,2,3,120,New,FALSE,Furnished,5.6358281,-0.1613592,East Legon,Greater Accra
17/09/2024,25000,Flats,2,3,260,New,FALSE,Furnished,5.5767652,-0.1784836,Cantonments,Greater Accra
4/12/2023,9992,Flats,1,1,100,Used,FALSE,Furnished,5.5682665,-0.1717396,Labone,Greater Accra
14/07/2024,10000,Flats,1,1,2000,New,FALSE,Furnished,5.6358281,-0.1613592,East Legon,Greater Accra
4/7/2023,20000,Flats,2,3,15,New,FALSE,Furnished,5.6061047,-0.1860362,Airport Residential Area,Greater Accra
9/12/2023,10000,Flats,2,3,600,New,FALSE,Furnished,5.612781,-0.234345,Achimota,Greater Accra
2/5/2023,33250,Flats,2,3,220,New,FALSE,Furnished,5.6358281,-0.1613592,East Legon,Greater Accra
5/2/2025,1700,Detached,3,3,300,Used,FALSE,Furnished,5.5344155,-0.4252737,Kasoa,Greater Accra
18/02/2025,9370,Detached,3,4,145,Used,FALSE,Furnished,5.7141674,-0.15418,Adenta,Greater Accra
8/1/2025,2300,Flats,2,2,100,New,FALSE,Furnished,5.6563118,-0.0093266,Tema Metropolitan,Greater Accra
3/3/2025,600,Flats,1,1,14,Used,FALSE,Furnished,5.5427477,-0.2565425,Dansoman,Greater Accra
16/12/2023,30000,Duplex,4,4,1800,Used,FALSE,Furnished,5.6358281,-0.1613592,East Legon,Greater Accra
20/09/2024,20490,Flats,2,2,927,Used,FALSE,Furnished,5.6149107,-0.0484066,Tema Metropolitan,Greater Accra
23/04/2023,33000,Flats,1,1,900,New,FALSE,Furnished,5.6061047,-0.1860362,Airport Residential Area,Greater Accra
14/05/2024,17000,Flats,1,1,10,New,FALSE,Furnished,5.6293106,-0.1643317,East Legon,Greater Accra
5/4/2025,10000,Flats,1,2,600,New,FALSE,Furnished,5.7672084,-0.1799344,Oyarifa,Greater Accra
9/7/2024,41438,Flats,2,2,251,New,FALSE,Furnished,5.5767652,-0.1784836,Cantonments,Greater Accra
5/11/2025,26800,Townhouse,4,2,900,Used,FALSE,Furnished,5.5459415,-0.2103988,Accra Metropolitan,Greater Accra
22/12/2024,42000,Townhouse,3,3,195,Used,FALSE,Furnished,5.6358281,-0.1613592,East Legon,Greater Accra
12/10/2024,16000,Detached,2,2,80,Used,FALSE,Furnished,5.5459415,-0.2103988,Accra Metropolitan,Greater Accra
12/11/2023,7000,Flats,2,2,400,New,FALSE,Furnished,6.6932173,-1.627507,Kumasi Metropolitan,Ashanti
8/3/2025,1000,Flats,1,1,120,Used,FALSE,Furnished,5.6563118,-0.0093266,Tema Metropolitan,Greater Accra
3/4/2024,25000,Flats,2,3,222,New,FALSE,Furnished,5.5862504,-0.1394584,Teshie,Greater Accra
24/07/2025,55000,Duplex,4,4,900,Used,FALSE,Furnished,5.5459415,-0.2103988,Accra Metropolitan,Greater Accra
1/10/2024,2000,Flats,2,2,100,Used,FALSE,Furnished,9.4109994,-0.7152749,Tamale Municipal,Northern Region
16/09/2023,6500,Flats,1,1,250,Used,FALSE,Furnished,5.6358281,-0.1613592,East Legon,Greater Accra
22/03/2023,16200,Detached,3,3,10,Used,FALSE,Furnished,5.6358281,-0.1613592,East Legon,Greater Accra
30/10/2024,32200,Flats,2,2,220,Used,FALSE,Furnished,5.6376136,-0.1266064,Spintex,Greater Accra
22/10/2025,35680,Flats,2,3,110,New,FALSE,Furnished,5.6141232,-0.1956471,Dzorwulu,Greater Accra
7/6/2023,47250,Flats,3,3,365,New,FALSE,Furnished,5.6376136,-0.1266064,Spintex,Greater Accra
15/09/2024,23950,Detached,4,4,150,Used,FALSE,Furnished,5.6358281,-0.1613592,East Legon,Greater Accra
12/10/2023,4500,Flats,1,1,250,Used,FALSE,Furnished,5.6376136,-0.1266064,Spintex,Greater Accra
1/3/2023,2500,Flats,1,1,200,Used,FALSE,Furnished,5.5862504,-0.1394584,Teshie,Greater Accra
31/03/2023,33600,Flats,3,3,100,Used,FALSE,Furnished,5.6061047,-0.1860362,Airport Residential Area,Greater Accra
1/12/2024,22500,Flats,2,2,100,Used,FALSE,Furnished,5.5459415,-0.2103988,Accra Metropolitan,Greater Accra
7/6/2025,28000,Flats,2,2,90,New,FALSE,Furnished,5.6358281,-0.1613592,East Legon,Greater Accra
23/10/2025,56000,Flats,2,2,220,New,FALSE,Furnished,5.6061047,-0.1860362,Airport Residential Area,Greater Accra
20/11/2023,1500,Flats,1,1,1200,New,FALSE,Furnished,6.6932173,-1.627507,Kumasi Metropolitan,Ashanti
18/01/2024,53000,Flats,3,3,90,Used,FALSE,Furnished,5.5767652,-0.1784836,Cantonments,Greater Accra
14/10/2023,22500,Flats,1,1,79,New,FALSE,Furnished,5.6024006,-0.1951648,Roman Ridge,Greater Accra
31/01/2023,35200,Detached,3,4,100,Used,FALSE,Furnished,5.6358281,-0.1613592,East Legon,Greater Accra
14/12/2024,2800,Flats,1,1,1568,Used,FALSE,Furnished,5.6358281,-0.1613592,East Legon,Greater Accra
5/4/2023,15600,Flats,2,3,500,New,FALSE,Furnished,5.6376136,-0.1266064,Spintex,Greater Accra
4/10/2023,25500,Flats,2,3,50,New,FALSE,Furnished,5.6087022,-0.2164185,Abelemkpe,Greater Accra
7/10/2024,10500,Flats,1,1,400,Used,FALSE,Furnished,5.5572854,-0.1824488,Osu,Greater Accra
21/07/2023,32000,Flats,2,3,2222,Used,FALSE,Furnished,5.6141232,-0.1956471,Dzorwulu,Greater Accra
14/06/2025,34000,Detached,2,3,100,New,FALSE,Furnished,5.6376136,-0.1266064,Spintex,Greater Accra
27/12/2024,600,Townhouse,1,1,10,New,FALSE,Furnished,5.7062137,-0.3019281,Ga West Municipal,Greater Accra
20/08/2025,9000,Flats,1,1,300,Used,FALSE,Furnished,5.5572854,-0.1824488,Osu,Greater Accra
9/11/2023,3000,Flats,2,2,100,New,FALSE,Furnished,6.6932173,-1.627507,Kumasi Metropolitan,Ashanti
21/07/2025,7030,Flats,1,1,84,New,FALSE,Furnished,5.6376136,-0.1266064,Spintex,Greater Accra
13/05/2024,14000,Flats,1,1,100,Used,FALSE,Furnished,5.5459415,-0.2103988,Accra Metropolitan,Greater Accra
25/05/2024,19500,Flats,2,3,500,Used,FALSE,Furnished,5.5794797,-0.1706227,Cantonments,Greater Accra
7/2/2024,45600,Flats,2,2,100,New,FALSE,Furnished,5.6358281,-0.1613592,East Legon,Greater Accra
1/4/2024,23400,Mansion,5,5,1200,Used,FALSE,Furnished,5.8511836,-0.1729106,Akuapim South,Eastern Region
21/07/2023,1300,Flats,2,2,300,New,FALSE,Furnished,5.4705137,-0.4214461,Kasoa,Greater Accra
2/1/2024,11800,Detached,3,3,168,Used,FALSE,Furnished,5.6495001,-0.2100343,West Legon,Greater Accra
16/10/2023,12000,Flats,2,2,60,Used,FALSE,Furnished,5.6825806,-0.1916501,North Legon,Greater Accra
24/11/2024,39100,Detached,3,3,2000,New,FALSE,Furnished,5.6293106,-0.1643317,East Legon,Greater Accra
15/10/2023,1000,Flats,1,1,100,Used,FALSE,Furnished,5.6944159,-0.2021951,Agbogba,Greater Accra
5/9/2023,15000,Flats,2,3,500,New,FALSE,Furnished,5.6864594,-0.114666,Ashaley Botwe,Greater Accra
30/09/2023,1500,Flats,2,2,854,New,FALSE,Furnished,5.5475455,-0.3808738,Kasoa,Greater Accra
1/11/2023,15000,Flats,3,3,700,Used,FALSE,Furnished,5.6087022,-0.2164185,Abelemkpe,Greater Accra
7/4/2024,450,Flats,1,1,800,Used,FALSE,Furnished,6.6932173,-1.627507,Kumasi Metropolitan,Ashanti
20/03/2025,14000,Flats,3,4,1000,New,FALSE,Furnished,5.7141674,-0.15418,Adenta,Greater Accra
28/09/2024,45500,Detached,4,5,600,New,FALSE,Furnished,5.6061047,-0.1860362,Airport Residential Area,Greater Accra
24/03/2023,19000,Flats,1,1,10,New,FALSE,Furnished,5.5682665,-0.1717396,Labone,Greater Accra
22/01/2024,30000,Detached,4,5,100,New,FALSE,Furnished,5.7023611,-0.2069455,Old Ashomang,Greater Accra
20/04/2023,7000,Flats,1,1,14,New,FALSE,Furnished,5.6495001,-0.2100343,West Legon,Greater Accra
24/06/2023,9000,Flats,2,2,100,Used,FALSE,Furnished,5.6944159,-0.2021951,Agbogba,Greater Accra
29/06/2023,35200,Flats,3,3,89,Used,FALSE,Furnished,5.5767652,-0.1784836,Cantonments,Greater Accra
25/08/2024,2000,Flats,2,3,120,New,FALSE,Furnished,5.6563118,-0.0093266,Tema Metropolitan,Greater Accra
9/10/2023,48000,Flats,2,2,100,New,FALSE,Furnished,5.5767652,-0.1784836,Cantonments,Greater Accra
2/2/2025,48000,Detached,4,4,100,New,FALSE,Furnished,5.6358281,-0.1613592,East Legon,Greater Accra
31/12/2024,35430,Detached,2,3,600,Used,FALSE,Furnished,5.5626718,-0.172695,Labone,Greater Accra
3/2/2023,25200,Detached,4,5,251,New,FALSE,Furnished,5.5459415,-0.2103988,Accra Metropolitan,Greater Accra
9/4/2024,8000,Flats,2,2,500,Used,FALSE,Furnished,5.7141674,-0.15418,Adenta,Greater Accra
13/06/2025,15000,Flats,1,1,350,New,FALSE,Furnished,5.6358281,-0.1613592,East Legon,Greater Accra
25/03/2025,39400,Detached,3,3,100,Used,FALSE,Furnished,5.6376136,-0.1266064,Spintex,Greater Accra
18/01/2025,45200,Detached,4,5,489,Used,FALSE,Furnished,5.6358281,-0.1613592,East Legon,Greater Accra
19/01/2023,10000,Flats,1,1,100,New,FALSE,Furnished,5.6358281,-0.1613592,East Legon,Greater Accra
19/05/2025,19000,Flats,2,2,110,Used,FALSE,Furnished,5.5862504,-0.1394584,Teshie,Greater Accra
12/7/2023,15550,Flats,2,3,140,Used,FALSE,Furnished,5.6358281,-0.1613592,East Legon,Greater Accra
19/01/2025,12000,Flats,2,2,254,Used,FALSE,Furnished,5.6061047,-0.1860362,Airport Residential Area,Greater Accra
31/12/2025,26000,Flats,2,3,2000,Used,FALSE,Furnished,5.6141232,-0.1956471,Dzorwulu,Greater Accra
6/9/2025,1600,Flats,1,2,200,New,FALSE,Furnished,5.5666403,-0.3334778,Weija,Greater Accra
4/1/2025,30236,Flats,1,1,100,New,FALSE,Furnished,5.6358281,-0.1613592,East Legon,Greater Accra
27/12/2024,27500,Flats,2,2,100,New,FALSE,Furnished,5.5570305,-0.1762717,Osu,Greater Accra
28/03/2023,45000,Detached,4,4,388,New,FALSE,Furnished,5.6663422,-0.2522717,Taifa-Burkina,Greater Accra
3/1/2025,10000,Detached,3,3,800,New,FALSE,Furnished,5.6562651,-0.2338473,Dome,Greater Accra
10/8/2024,11397,Flats,2,3,145,Used,FALSE,Furnished,5.6358281,-0.1613592,East Legon,Greater Accra
11/9/2023,22500,Detached,4,5,388,Used,FALSE,Furnished,5.6358281,-0.1613592,East Legon,Greater Accra
26/08/2023,52000,Townhouse,5,5,900,Used,FALSE,Furnished,5.5459415,-0.2103988,Accra Metropolitan,Greater Accra
20/02/2024,16900,Detached,3,3,600,New,FALSE,Furnished,5.6141232,-0.1956471,Dzorwulu,Greater Accra
13/12/2024,6000,Flats,2,3,100,New,FALSE,Furnished,9.4109994,-0.7152749,Tamale Municipal,Northern Region
31/01/2023,7000,Flats,2,3,145,New,FALSE,Furnished,5.6358281,-0.1613592,East Legon,Greater Accra
27/01/2024,15000,Flats,3,4,150,New,FALSE,Furnished,5.5862504,-0.1394584,Teshie,Greater Accra
5/4/2025,31100,Detached,4,5,100,Used,FALSE,Furnished,5.6376136,-0.1266064,Spintex,Greater Accra
3/4/2025,500,Flats,1,1,800,Used,FALSE,Furnished,6.6932173,-1.627507,Kumasi Metropolitan,Ashanti
20/07/2023,13000,Flats,1,1,1500,Used,FALSE,Furnished,5.6358281,-0.1613592,East Legon,Greater Accra
4/5/2025,29340,Flats,3,3,150,Used,FALSE,Furnished,5.5794797,-0.1706227,Cantonments,Greater Accra
6/1/2025,7000,Flats,3,3,20,New,FALSE,Furnished,5.6562651,-0.2338473,Dome,Greater Accra
26/08/2024,5000,Detached,3,4,4444,Used,FALSE,Furnished,5.8142836,0.0746767,Abokobi,Greater Accra
5/6/2023,15000,Flats,2,2,300,New,FALSE,Furnished,5.6061047,-0.1860362,Airport Residential Area,Greater Accra
1/4/2024,27000,Detached,5,6,500,Used,FALSE,Furnished,5.5767652,-0.1784836,Cantonments,Greater Accra
6/11/2024,14000,Duplex,3,3,1000,New,FALSE,Furnished,5.6358281,-0.1613592,East Legon,Greater Accra
29/09/2023,25000,Flats,2,2,532,New,FALSE,Furnished,5.6095075,-0.2507539,Lapaz,Greater Accra
30/08/2023,39000,Flats,3,3,600,New,FALSE,Furnished,5.5767652,-0.1784836,Cantonments,Greater Accra
13/11/2024,16800,Flats,2,2,1000,Used,FALSE,Furnished,5.5427477,-0.2565425,Dansoman,Greater Accra
11/7/2025,33624,Flats,2,2,100,Used,FALSE,Furnished,5.5682665,-0.1717396,Labone,Greater Accra
4/5/2025,32500,Detached,4,4,1000,Used,FALSE,Furnished,5.6510376,-0.1354586,Adjiriganor,Greater Accra
5/7/2023,600,Flats,2,2,999,New,FALSE,Furnished,5.5666385,-0.3334578,Weija,Greater Accra
10/1/2024,14946,Flats,3,3,140,Used,FALSE,Furnished,5.6141232,-0.1956471,Dzorwulu,Greater Accra
2/1/2024,15080,Flats,2,3,100,Used,FALSE,Furnished,5.6061047,-0.1860362,Airport Residential Area,Greater Accra
12/9/2024,30000,Flats,1,1,150,New,FALSE,Furnished,5.5767652,-0.1784836,Cantonments,Greater Accra
25/03/2024,25000,Mansion,5,5,658,Used,FALSE,Furnished,5.6358281,-0.1613592,East Legon,Greater Accra
30/03/2023,7000,Flats,1,1,140,Used,FALSE,Furnished,5.6619606,-0.1290806,Adjiriganor,Greater Accra
10/9/2023,5000,Detached,2,2,100,Used,FALSE,Furnished,5.666671,-0.4313729,Ga South Municipal,Greater Accra
18/10/2023,30000,Detached,3,4,100,New,FALSE,Furnished,6.6932173,-1.627507,Kumasi Metropolitan,Ashanti
12/6/2024,12802,Detached,3,3,1580,Used,FALSE,Furnished,5.5459415,-0.2103988,Accra Metropolitan,Greater Accra
24/07/2023,9000,Flats,1,2,200,New,FALSE,Furnished,5.7556353,-0.1738945,Oyarifa,Greater Accra
7/7/2024,36000,Detached,3,3,300,New,FALSE,Furnished,5.6510376,-0.1354586,Adjiriganor,Greater Accra
27/11/2025,12000,Flats,2,2,500,New,FALSE,Furnished,5.5459415,-0.2103988,Accra Metropolitan,Greater Accra
20/08/2025,2000,Detached,3,4,300,Used,FALSE,Furnished,5.5344155,-0.4252737,Kasoa,Greater Accra
13/06/2025,5000,Flats,2,3,120,New,FALSE,Furnished,6.6932173,-1.627507,Kumasi Metropolitan,Ashanti
3/6/2025,18200,Flats,3,3,300,New,FALSE,Furnished,5.6358281,-0.1613592,East Legon,Greater Accra
2/1/2024,7500,Detached,2,3,100,New,FALSE,Furnished,5.7347863,-0.1895114,Abokobi,Greater Accra
16/07/2023,800,Flats,2,1,200,Used,FALSE,Furnished,5.5344155,-0.4252737,Kasoa,Greater Accra
27/02/2023,3000,Detached,4,4,100,Used,FALSE,Furnished,6.6932173,-1.627507,Kumasi Metropolitan,Ashanti
5/10/2025,7000,Flats,2,2,500,Used,FALSE,Furnished,5.7556353,-0.1738945,Oyarifa,Greater Accra
30/12/2023,17500,Flats,1,1,100,New,FALSE,Furnished,5.6802129,-0.1372479,Ashaley Botwe,Greater Accra
10/9/2023,37800,Flats,1,1,70,New,FALSE,Furnished,5.6358281,-0.1613592,East Legon,Greater Accra
5/9/2025,51700,Detached,3,4,100,New,FALSE,Furnished,5.6439894,-0.1485298,East Legon,Greater Accra
18/07/2024,36200,Detached,5,5,100,Used,FALSE,Furnished,5.6376136,-0.1266064,Spintex,Greater Accra
18/05/2025,9000,Flats,2,2,100,New,FALSE,Furnished,5.6562651,-0.2338473,Dome,Greater Accra
12/3/2024,3000,Flats,2,2,300,New,FALSE,Furnished,5.6563118,-0.0093266,Tema Metropolitan,Greater Accra
3/8/2025,12000,Flats,1,1,900,Used,FALSE,Furnished,5.5459415,-0.2103988,Accra Metropolitan,Greater Accra
13/08/2024,29700,Flats,1,1,20,Used,FALSE,Furnished,5.6358281,-0.1613592,East Legon,Greater Accra
15/09/2025,41600,Flats,2,3,100,New,FALSE,Furnished,5.5767652,-0.1784836,Cantonments,Greater Accra
21/12/2023,26000,Flats,2,2,16,New,FALSE,Furnished,5.6439894,-0.1485298,East Legon,Greater Accra
24/12/2023,40125,Flats,3,3,20,Used,FALSE,Furnished,5.5767652,-0.1784836,Cantonments,Greater Accra
1/4/2024,6400,Flats,1,1,80,New,FALSE,Furnished,5.612781,-0.234345,Achimota,Greater Accra
13/05/2024,4500,Detached,4,4,98,Used,FALSE,Furnished,5.6418074,-0.2279838,Dome,Greater Accra
23/03/2025,7200,Detached,2,2,160,Used,FALSE,Furnished,5.5826925,-0.224065,North Industrial Area,Greater Accra
2/3/2023,10800,Semi-Detached,1,1,900,New,FALSE,Furnished,5.5459415,-0.2103988,Accra Metropolitan,Greater Accra
15/01/2025,24000,Flats,2,3,100,Used,FALSE,Furnished,5.5570305,-0.1762717,Osu,Greater Accra
11/7/2023,20000,Flats,2,2,800,Used,FALSE,Furnished,5.5682665,-0.1717396,Labone,Greater Accra
23/02/2024,4000,Detached,4,2,100,Used,FALSE,Furnished,6.6932173,-1.627507,Kumasi Metropolitan,Ashanti
12/7/2024,15000,Flats,2,2,100,New,FALSE,Furnished,5.6358281,-0.1613592,East Legon,Greater Accra
23/09/2024,56000,Flats,3,3,90,Used,FALSE,Furnished,5.6358281,-0.1613592,East Legon,Greater Accra
7/7/2025,27250,Townhouse,3,4,605,Used,FALSE,Furnished,5.5459415,-0.2103988,Accra Metropolitan,Greater Accra
10/6/2025,9841,Flats,1,2,145,New,FALSE,Furnished,5.6358281,-0.1613592,East Legon,Greater Accra
20/07/2025,1500,Flats,2,2,405,New,FALSE,Furnished,6.6932173,-1.627507,Kumasi Metropolitan,Ashanti
14/04/2025,16000,Flats,2,2,963,New,FALSE,Furnished,5.5862504,-0.1394584,Teshie,Greater Accra
3/10/2025,13000,Flats,2,2,100,New,FALSE,Furnished,5.6802129,-0.1372479,Ashaley Botwe,Greater Accra
26/07/2025,25000,Flats,2,2,49,New,FALSE,Furnished,5.6141232,-0.1956471,Dzorwulu,Greater Accra
14/12/2024,56629,Townhouse,5,6,200,New,FALSE,Furnished,5.6061047,-0.1860362,Airport Residential Area,Greater Accra
16/05/2025,7080,Flats,1,1,114,New,FALSE,Furnished,5.6376136,-0.1266064,Spintex,Greater Accra
2/3/2023,10000,Duplex,3,3,100,Used,FALSE,Furnished,5.8142836,0.0746767,Abokobi,Greater Accra
14/01/2024,2499,Flats,1,1,655,Used,FALSE,Furnished,5.6376136,-0.1266064,Spintex,Greater Accra
18/04/2025,32000,Detached,4,5,2000,New,FALSE,Furnished,5.6376136,-0.1266064,Spintex,Greater Accra
15/10/2025,24398,Townhouse,3,4,150,Used,FALSE,Furnished,5.6358281,-0.1613592,East Legon,Greater Accra
1/12/2024,8260,Flats,1,1,100,Used,FALSE,Furnished,5.5570305,-0.1762717,Osu,Greater Accra
28/09/2023,25000,Detached,3,3,80,Used,FALSE,Furnished,5.6418074,-0.2279838,Dome,Greater Accra
20/05/2025,2000,Flats,1,1,125,New,FALSE,Furnished,5.5511744,-0.2526163,Ablekuma,Greater Accra
24/03/2025,1300,Flats,3,3,200,New,FALSE,Furnished,5.5344155,-0.4252737,Kasoa,Greater Accra
17/05/2024,10800,Flats,1,1,38,New,FALSE,Furnished,5.6358281,-0.1613592,East Legon,Greater Accra
29/07/2023,4000,Flats,2,2,400,Used,TRUE,Furnished,5.5997705,-0.2045388,Kotobabi,Greater Accra
27/04/2023,5646,Flats,1,1,145,Used,FALSE,Furnished,5.6358281,-0.1613592,East Legon,Greater Accra
11/3/2024,26399,Flats,2,2,120,New,FALSE,Furnished,5.5862504,-0.1394584,Teshie,Greater Accra
8/2/2025,5000,Flats,1,1,100,Used,FALSE,Furnished,5.6772176,-0.1251477,Ashaley Botwe,Greater Accra
1/11/2025,3000,Flats,1,2,500,Used,FALSE,Furnished,5.7088147,-0.3560076,Ga West Municipal,Greater Accra
24/09/2023,18000,Flats,1,1,500,New,FALSE,Furnished,5.5459415,-0.2103988,Accra Metropolitan,Greater Accra
5/2/2025,17000,Flats,3,5,1244,New,FALSE,Furnished,5.6470112,-0.2100755,West Legon,Greater Accra
23/02/2023,22800,Flats,3,3,100,New,FALSE,Furnished,5.6731273,-0.1663851,Madina,Greater Accra
6/5/2024,9100,Flats,1,1,15,Used,FALSE,Furnished,5.5862504,-0.1394584,Teshie,Greater Accra
9/10/2024,31000,Detached,2,2,605,New,FALSE,Furnished,5.5459415,-0.2103988,Accra Metropolitan,Greater Accra
24/08/2023,7700,Flats,2,2,764,Used,FALSE,Furnished,5.5459415,-0.2103988,Accra Metropolitan,Greater Accra
16/07/2025,18500,Detached,4,4,358,Used,FALSE,Furnished,5.6376136,-0.1266064,Spintex,Greater Accra
2/8/2025,1200,Flats,2,2,200,Used,FALSE,Furnished,5.5344155,-0.4252737,Kasoa,Greater Accra
23/11/2024,24408,Flats,2,2,900,New,FALSE,Furnished,5.6358281,-0.1613592,East Legon,Greater Accra
17/04/2024,22000,Detached,3,3,990,Used,FALSE,Furnished,5.6376136,-0.1266064,Spintex,Greater Accra
29/10/2025,16000,Detached,4,4,1500,Used,FALSE,Furnished,5.6563118,-0.0093266,Tema Metropolitan,Greater Accra
20/02/2023,8000,Flats,3,3,145,Used,FALSE,Furnished,5.5344155,-0.4252737,Kasoa,Greater Accra
15/08/2023,24640,Townhouse,2,2,100,Used,FALSE,Furnished,5.6495001,-0.2100343,West Legon,Greater Accra
27/03/2023,43000,Detached,4,4,195,Used,FALSE,Furnished,5.6061047,-0.1860362,Airport Residential Area,Greater Accra
16/08/2024,2500,Flats,1,1,14,Used,FALSE,Furnished,5.5862504,-0.1394584,Teshie,Greater Accra
18/09/2025,56400,Detached,4,5,100,New,FALSE,Furnished,5.5613725,-0.1986759,Ridge,Greater Accra
12/4/2025,26400,Detached,3,4,100,New,FALSE,Furnished,5.6772176,-0.1251477,Ashaley Botwe,Greater Accra
25/08/2025,15000,Flats,1,1,70,Used,FALSE,Furnished,5.6358281,-0.1613592,East Legon,Greater Accra
10/12/2024,7150,Flats,1,1,800,Used,FALSE,Furnished,5.6141232,-0.1956471,Dworwulu,Greater Accra
8/2/2025,3000,Flats,2,2,600,New,FALSE,Furnished,6.5336974,-1.4048249,Atwima Nwabiagya,Ashanti
29/08/2023,39000,Flats,3,3,450,New,FALSE,Furnished,5.6141232,-0.1956471,Dzorwulu,Greater Accra
26/07/2025,12100,Flats,1,2,900,New,FALSE,Furnished,5.5570305,-0.1762717,Osu,Greater Accra
10/4/2023,9000,Detached,2,1,90,Used,FALSE,Furnished,5.5572854,-0.1824488,Osu,Greater Accra
14/02/2024,28000,Flats,2,2,90,New,FALSE,Furnished,5.6358281,-0.1613592,East Legon,Greater Accra
6/3/2024,12000,Flats,2,2,100,Used,FALSE,Furnished,5.6141232,-0.1956471,Dzorwulu,Greater Accra
19/08/2023,3000,Flats,2,1,20,New,FALSE,Furnished,5.7062137,-0.3019281,Ga West Municipal,Greater Accra
29/03/2025,8000,Flats,2,1,20,Used,FALSE,Furnished,5.5459415,-0.2103988,Accra Metropolitan,Greater Accra
1/4/2024,17280,Detached,4,5,180,Used,FALSE,Furnished,5.6376136,-0.1266064,Spintex,Greater Accra
18/07/2025,4000,Flats,1,1,70,Used,FALSE,Furnished,5.5459415,-0.2103988,Accra Metropolitan,Greater Accra
10/5/2023,3000,Flats,2,2,15,New,FALSE,Furnished,6.6932173,-1.627507,Kumasi Metropolitan,Ashanti
6/8/2023,16000,Flats,3,3,100,Used,FALSE,Furnished,5.6141232,-0.1956471,Dzorwulu,Greater Accra
7/8/2023,34500,Detached,4,4,990,Used,FALSE,Furnished,5.5767652,-0.1784836,Cantonments,Greater Accra
13/10/2025,15000,Flats,2,3,400,Used,FALSE,Furnished,5.6358281,-0.1613592,East Legon,Greater Accra
16/12/2025,6000,Flats,1,1,234,New,FALSE,Furnished,5.6495001,-0.2100343,West Legon,Greater Accra
10/12/2024,4000,Detached,3,2,300,Used,FALSE,Furnished,5.5666403,-0.3334778,Weija,Greater Accra
18/02/2023,38000,Mansion,3,4,3000,Used,FALSE,Furnished,5.6358281,-0.1613592,East Legon,Greater Accra
13/04/2024,12504,Flats,1,1,145,New,FALSE,Furnished,5.5459415,-0.2103988,Accra Metropolitan,Greater Accra
3/6/2023,800,Detached,2,1,255,New,FALSE,Furnished,6.6932173,-1.627507,Kumasi Metropolitan,Ashanti
29/02/2024,1850,Flats,1,1,123,Used,FALSE,Furnished,5.6562651,-0.2338473,Dome,Greater Accra
17/05/2024,22000,Detached,3,3,100,Used,FALSE,Furnished,6.6932173,-1.627507,Kumasi Metropolitan,Ashanti
15/05/2024,7000,Detached,2,2,50,New,FALSE,Furnished,5.7556353,-0.1738945,Oyarifa,Greater Accra
29/02/2024,800,Flats,1,1,100,New,FALSE,Furnished,5.5510647,-0.4408037,Awutu Senya East Municipal,Central Region
18/09/2025,56400,Detached,4,5,100,New,FALSE,Furnished,5.6439894,-0.1485298,East Legon,Greater Accra
10/1/2025,19500,Flats,2,3,100,New,FALSE,Furnished,5.6358281,-0.1613592,East Legon,Greater Accra
13/04/2025,15000,Flats,2,2,800,New,FALSE,Furnished,5.6510376,-0.1354586,Adjiriganor,Greater Accra
22/04/2025,4000,Detached,4,4,240,New,FALSE,Furnished,6.6932173,-1.627507,Kumasi Metropolitan,Ashanti
28/08/2025,7000,Flats,1,2,800,Used,FALSE,Furnished,5.5656398,-0.1689987,Osu,Greater Accra
10/2/2023,48000,Flats,2,2,192,Used,FALSE,Furnished,5.5767652,-0.1784836,Cantonments,Greater Accra
31/08/2023,3500,Flats,1,1,350,New,FALSE,Furnished,5.6844172,-0.2537157,Ga West Municipal,Greater Accra
11/2/2025,7000,Flats,1,2,100,Used,FALSE,Furnished,5.5666385,-0.3334578,Weija,Greater Accra
7/11/2024,1200,Flats,2,1,900,New,FALSE,Furnished,6.5336974,-1.4048249,Atwima Nwabiagya,Ashanti
24/10/2024,14850,Flats,2,2,100,Used,FALSE,Furnished,5.6619606,-0.1290806,Adjiriganor,Greater Accra
18/02/2025,41100,Detached,3,3,205,Used,FALSE,Furnished,5.6024006,-0.1951648,Roman Ridge,Greater Accra
25/07/2024,28000,Detached,5,6,1000,New,FALSE,Furnished,5.612781,-0.234345,Achimota,Greater Accra
1/6/2024,13000,Flats,2,2,222,Used,FALSE,Furnished,5.5646592,-0.1565747,Labadi,Greater Accra
22/09/2024,39000,Duplex,5,5,2000,Used,FALSE,Furnished,5.6358281,-0.1613592,East Legon,Greater Accra
15/01/2023,52000,Flats,3,3,210,New,FALSE,Furnished,5.6061047,-0.1860362,Airport Residential Area,Greater Accra
29/07/2025,4000,Flats,1,1,250,Used,FALSE,Furnished,5.7141674,-0.15418,Adenta,Greater Accra
7/3/2024,1000,Flats,2,2,800,New,FALSE,Furnished,6.6932173,-1.627507,Kumasi Metropolitan,Ashanti
18/11/2024,19425,Flats,2,3,140,Used,FALSE,Furnished,5.6358281,-0.1613592,East Legon,Greater Accra
6/10/2024,56000,Detached,4,5,121,Used,FALSE,Furnished,5.5862504,-0.1394584,Teshie,Greater Accra
5/1/2024,3500,Flats,3,3,200,Used,FALSE,Furnished,5.7141674,-0.15418,Adenta,Greater Accra
31/03/2025,6500,Flats,2,2,89,Used,FALSE,Furnished,5.5937587,-0.2690565,Kwashieman,Greater Accra
4/5/2024,42000,Detached,4,4,100,New,FALSE,Furnished,5.6495001,-0.2100343,West Legon,Greater Accra
25/01/2024,15500,Flats,3,3,300,Used,FALSE,Furnished,5.6772176,-0.1251477,Ashaley Botwe,Greater Accra
28/04/2025,1200,Flats,1,1,150,New,FALSE,Furnished,5.5475455,-0.3808738,Kasoa,Greater Accra
6/8/2024,5000,Flats,2,2,50,New,FALSE,Furnished,9.4109994,-0.7152749,Tamale Municipal,Northern Region
19/03/2025,1000,Flats,1,1,200,New,FALSE,Furnished,5.6983581,-0.2150873,Ga East Municipal,Greater Accra
27/06/2023,32000,Detached,7,7,14,New,FALSE,Furnished,6.6932173,-1.627507,Kumasi Metropolitan,Ashanti
22/05/2024,16000,Flats,1,1,2500,New,FALSE,Furnished,5.6510376,-0.1354586,Adjiriganor,Greater Accra
28/02/2025,7000,Flats,3,4,100,New,FALSE,Furnished,6.6932173,-1.627507,Kumasi Metropolitan,Ashanti
1/9/2023,48000,Detached,5,6,100,New,FALSE,Furnished,4.9015794,-1.7830973,Takoradi,Western Region
20/03/2023,4000,Flats,2,2,100,New,FALSE,Furnished,5.6563118,-0.0093266,Tema Metropolitan,Greater Accra
12/5/2025,49500,Detached,4,4,320,New,FALSE,Furnished,5.5862504,-0.1394584,Teshie,Greater Accra
26/09/2023,16100,Flats,3,4,110,New,FALSE,Furnished,5.7141674,-0.15418,Adenta,Greater Accra
24/10/2024,23800,Detached,3,3,16,Used,FALSE,Furnished,5.612781,-0.234345,Achimota,Greater Accra
22/07/2023,25000,Flats,3,2,199,Used,FALSE,Furnished,5.6358281,-0.1613592,East Legon,Greater Accra
9/6/2025,420,Flats,1,1,600,Used,FALSE,Furnished,6.5336974,-1.4048249,Atwima Nwabiagya,Ashanti
8/5/2025,40000,Townhouse,4,5,111,New,FALSE,Furnished,5.6061047,-0.1860362,Airport Residential Area,Greater Accra
24/03/2025,8400,Detached,4,4,100,New,FALSE,Furnished,5.6376136,-0.1266064,Spintex,Greater Accra
8/10/2025,18000,Flats,1,2,990,New,FALSE,Furnished,5.6376136,-0.1266064,Spintex,Greater Accra
1/12/2023,8500,Flats,1,1,140,Used,FALSE,Furnished,5.6510376,-0.1354586,Adjiriganor,Greater Accra
10/9/2024,9000,Flats,1,1,100,Used,FALSE,Furnished,5.6358281,-0.1613592,East Legon,Greater Accra
6/5/2023,5000,Flats,1,1,100,Used,FALSE,Furnished,5.6495001,-0.2100343,West Legon,Greater Accra
22/12/2023,22600,Detached,3,4,100,New,FALSE,Furnished,5.6495001,-0.2100343,West Legon,Greater Accra
5/4/2023,28097,Detached,4,5,140,Used,FALSE,Furnished,5.6095075,-0.2507539,Lapaz,Greater Accra
5/2/2023,5000,Flats,1,1,50,New,FALSE,Furnished,5.6376136,-0.1266064,Spintex,Greater Accra
8/8/2025,13000,Flats,3,2,90,New,FALSE,Furnished,5.6057034,-0.2353967,Tesano,Greater Accra
14/09/2024,23321,Flats,3,4,600,New,FALSE,Furnished,5.6442137,-0.2480426,Tantra Hills,Greater Accra
14/05/2025,700,Flats,1,1,800,Used,FALSE,Furnished,6.6932173,-1.627507,Kumasi Metropolitan,Ashanti
18/08/2024,16500,Detached,4,4,100,Used,FALSE,Furnished,5.6358281,-0.1613592,East Legon,Greater Accra
14/11/2024,18480,Flats,3,3,189,Used,FALSE,Furnished,5.5459415,-0.2103988,Accra Metropolitan,Greater Accra
18/06/2025,30000,Townhouse,3,3,625,New,FALSE,Furnished,5.6141232,-0.1956471,Dzorwulu,Greater Accra
29/10/2025,36500,Townhouse,3,4,20,Used,FALSE,Furnished,5.5459415,-0.2103988,Accra Metropolitan,Greater Accra
4/9/2023,46610,Flats,2,3,400,New,FALSE,Furnished,5.5767652,-0.1784836,Cantonments,Greater Accra
15/10/2025,3500,Detached,3,4,50,New,FALSE,Furnished,9.4109994,-0.7152749,Tamale Municipal,Northern Region
10/8/2024,26400,Flats,2,3,100,New,FALSE,Furnished,5.5767652,-0.1784836,Cantonments,Greater Accra
1/3/2025,8500,Flats,2,2,100,Used,FALSE,Furnished,6.6932173,-1.627507,Kumasi Metropolitan,Ashanti
3/10/2024,13000,Flats,2,2,200,Used,FALSE,Furnished,5.6358281,-0.1613592,East Legon,Greater Accra
26/11/2024,18500,Detached,2,2,300,Used,FALSE,Furnished,5.6510376,-0.1354586,Adjiriganor,Greater Accra
10/11/2023,48000,Detached,4,4,100,New,FALSE,Furnished,5.6358281,-0.1613592,East Legon,Greater Accra
2/5/2024,2700,Flats,3,3,10,Used,FALSE,Furnished,5.7062137,-0.3019281,Ga West Municipal,Greater Accra
4/6/2023,31631,Flats,1,1,145,Used,FALSE,Furnished,5.5767652,-0.1784836,Cantonments,Greater Accra
25/11/2025,12000,Flats,1,1,100,Used,FALSE,Furnished,5.5767652,-0.1784836,Cantonments,Greater Accra
15/08/2025,12000,Flats,3,3,180,New,FALSE,Furnished,6.6932173,-1.627507,Kumasi Metropolitan,Ashanti
9/3/2024,27600,Flats,2,3,155,Used,FALSE,Furnished,5.5767652,-0.1784836,Cantonments,Greater Accra
31/05/2025,15000,Flats,3,3,300,New,FALSE,Furnished,5.5570305,-0.1762717,Osu,Greater Accra
20/06/2024,4000,Flats,1,1,40,Used,FALSE,Furnished,5.6274508,-0.0872742,Spintex,Greater Accra
3/7/2023,47850,Detached,4,5,100,Used,FALSE,Furnished,5.6358281,-0.1613592,East Legon,Greater Accra
10/5/2025,23202,Flats,2,3,569,Used,FALSE,Furnished,5.6376136,-0.1266064,Spintex,Greater Accra
27/10/2023,5600,Flats,3,3,100,Used,FALSE,Furnished,5.5646592,-0.1565747,Labadi,Greater Accra
14/02/2024,6500,Detached,6,6,250,New,FALSE,Furnished,6.6932173,-1.627507,Kumasi Metropolitan,Ashanti
23/06/2024,8000,Flats,2,2,95,Used,FALSE,Furnished,5.612781,-0.234345,Achimota,Greater Accra
2/10/2024,1300,Flats,2,2,900,Used,FALSE,Furnished,6.5336974,-1.4048249,Atwima Nwabiagya,Ashanti
21/11/2025,16500,Flats,2,2,100,New,FALSE,Furnished,5.6510376,-0.1354586,Adjiriganor,Greater Accra
11/9/2025,18000,Flats,2,2,100,New,FALSE,Furnished,5.5570305,-0.1762717,Osu,Greater Accra
10/7/2025,42000,Flats,3,4,100,New,FALSE,Furnished,5.5767652,-0.1784836,Cantonments,Greater Accra
2/9/2024,6000,Flats,1,1,100,New,FALSE,Furnished,5.5831665,-0.1046082,Teshie,Greater Accra
12/9/2025,20000,Detached,4,4,200,New,FALSE,Furnished,5.6510376,-0.1354586,Adjiriganor,Greater Accra
17/08/2024,5000,Flats,1,1,400,New,FALSE,Furnished,5.6864594,-0.114666,Ashaley Botwe,Greater Accra
19/05/2023,33800,Flats,2,2,700,Used,FALSE,Furnished,5.5767652,-0.1784836,Cantonments,Greater Accra
30/01/2024,4000,Flats,1,1,100,New,FALSE,Furnished,5.6376136,-0.1266064,Spintex,Greater Accra
20/04/2025,39000,Detached,5,6,250,New,FALSE,Furnished,5.6510376,-0.1354586,Adjiriganor,Greater Accra
3/6/2023,42125,Flats,1,2,120,New,FALSE,Furnished,5.5570305,-0.1762717,Osu,Greater Accra
21/08/2025,18000,Flats,1,1,2000,New,FALSE,Furnished,5.6376136,-0.1266064,Spintex,Greater Accra
23/11/2023,11000,Flats,2,1,90,Used,FALSE,Furnished,5.6825806,-0.1916501,North Legon,Greater Accra
22/06/2025,45000,Flats,2,2,1500,New,FALSE,Furnished,5.6024006,-0.1951648,Roman Ridge,Greater Accra
28/11/2023,42000,Detached,2,3,100,New,FALSE,Furnished,5.5626718,-0.172695,Labone,Greater Accra
31/03/2023,28250,Detached,8,10,200,New,FALSE,Furnished,5.5866078,-0.2772644,Awoshie,Greater Accra
11/1/2025,56000,Detached,5,5,200,New,FALSE,Furnished,5.6358281,-0.1613592,East Legon,Greater Accra
18/05/2024,2300,Semi-Detached,2,3,3333,New,FALSE,Furnished,5.6358281,-0.1613592,East Legon,Greater Accra
25/10/2024,8000,Flats,2,2,80,New,FALSE,Furnished,5.7023611,-0.2069455,Old Ashomang,Greater Accra
13/04/2025,3500,Flats,1,1,100,Used,FALSE,Furnished,5.5459415,-0.2103988,Accra Metropolitan,Greater Accra
8/1/2024,22120,Flats,1,1,85,Used,FALSE,Furnished,5.5767652,-0.1784836,Cantonments,Greater Accra
20/05/2025,1000,Detached,2,2,250,New,FALSE,Furnished,6.6932173,-1.627507,Kumasi Metropolitan,Ashanti
12/3/2025,22000,Flats,2,2,21,Used,FALSE,Furnished,5.5459415,-0.2103988,Accra Metropolitan,Greater Accra
8/2/2024,20000,Flats,1,1,10,New,FALSE,Furnished,5.6358281,-0.1613592,East Legon,Greater Accra
23/05/2025,19000,Detached,3,3,111,Used,FALSE,Furnished,5.6376136,-0.1266064,Spintex,Greater Accra
8/10/2024,20000,Duplex,4,5,200,Used,FALSE,Furnished,5.5459415,-0.2103988,Accra Metropolitan,Greater Accra
2/6/2023,20800,Duplex,7,6,250,Used,FALSE,Furnished,5.6772176,-0.1251477,Ashaley Botwe,Greater Accra
25/12/2024,6000,Flats,2,3,100,New,FALSE,Furnished,9.4109994,-0.7152749,Tamale Municipal,Northern Region
2/2/2023,7500,Flats,1,1,80,Used,FALSE,Furnished,5.5570305,-0.1762717,Osu,Greater Accra
5/9/2025,8000,Flats,2,3,150,New,FALSE,Furnished,5.6563118,-0.0093266,Tema Metropolitan,Greater Accra
18/09/2024,12000,Flats,1,1,500,New,FALSE,Furnished,5.5570305,-0.1762717,Osu,Greater Accra
2/5/2023,20400,Detached,4,4,100,New,FALSE,Furnished,5.6694251,-0.203367,Haatso,Greater Accra
11/3/2023,41100,Flats,3,3,210,Used,FALSE,Furnished,5.6061047,-0.1860362,Airport Residential Area,Greater Accra
24/11/2025,14750,Flats,2,2,602,New,FALSE,Furnished,5.6358281,-0.1613592,East Legon,Greater Accra
3/10/2024,10251,Flats,1,2,145,Used,FALSE,Furnished,5.6358281,-0.1613592,East Legon,Greater Accra
26/10/2024,48000,Detached,4,4,75,New,FALSE,Furnished,5.5646592,-0.1565747,Labadi,Greater Accra
1/4/2025,13500,Detached,4,3,100,Used,FALSE,Furnished,5.5661142,-0.2476103,Mataheko,Greater Accra
14/06/2025,7000,Flats,1,1,30,New,FALSE,Furnished,5.7556353,-0.1738945,Oyarifa,Greater Accra
6/9/2025,3000,Townhouse,4,5,100,New,FALSE,Furnished,5.5344155,-0.4252737,Kasoa,Greater Accra
24/02/2024,8300,Flats,1,1,500,Used,FALSE,Furnished,5.5767652,-0.1784836,Cantonments,Greater Accra
28/12/2025,2700,Flats,1,1,1800,New,FALSE,Furnished,5.5459415,-0.2103988,Accra Metropolitan,Greater Accra
1/9/2025,23400,Flats,2,3,5000,New,FALSE,Furnished,5.6376136,-0.1266064,Spintex,Greater Accra
29/03/2025,7000,Flats,1,1,100,Used,FALSE,Furnished,5.5459415,-0.2103988,Accra Metropolitan,Greater Accra
19/05/2025,15000,Detached,3,4,16,Used,FALSE,Furnished,5.612781,-0.234345,Achimota,Greater Accra
18/09/2024,34092,Detached,4,4,120,Used,FALSE,Furnished,5.6061047,-0.1860362,Airport Residential Area,Greater Accra
20/10/2025,5000,Flats,2,1,50,Used,FALSE,Furnished,9.4109994,-0.7152749,Tamale Municipal,Northern Region
9/11/2023,9600,Flats,2,3,30,Used,FALSE,Furnished,5.6510376,-0.1354586,Adjiriganor,Greater Accra
8/9/2025,2000,Flats,3,3,100,New,FALSE,Furnished,5.6844172,-0.2537157,Ga West Municipal,Greater Accra
5/10/2025,6000,Detached,3,3,100,Used,FALSE,Furnished,5.612781,-0.234345,Achimota,Greater Accra
5/1/2025,23400,Detached,6,5,100,Used,FALSE,Furnished,5.6510376,-0.1354586,Adjiriganor,Greater Accra
18/01/2023,4500,Flats,2,3,150,Used,FALSE,Furnished,5.7088147,-0.3560076,Ga West Municipal,Greater Accra
26/02/2023,18000,Flats,2,3,1000,Used,FALSE,Furnished,5.6141232,-0.1956471,Dzorwulu,Greater Accra
16/01/2024,20700,Flats,2,2,900,Renovated,FALSE,Furnished,5.5459415,-0.2103988,Accra Metropolitan,Greater Accra
3/2/2023,26982,Flats,2,2,295,Used,FALSE,Furnished,5.6358281,-0.1613592,East Legon,Greater Accra
1/3/2024,11200,Flats,2,2,700,Used,FALSE,Furnished,5.6061047,-0.1860362,Airport Residential Area,Greater Accra
30/03/2023,3500,Flats,1,1,2500,Used,FALSE,Furnished,5.6510376,-0.1354586,Adjiriganor,Greater Accra
22/10/2025,31000,Detached,3,3,100,Used,FALSE,Furnished,5.6376136,-0.1266064,Spintex,Greater Accra
5/4/2025,500,Flats,2,2,120,New,FALSE,Furnished,6.1313988,-0.3183792,New-Juaben Municipal,Eastern Region
6/11/2023,14700,Flats,2,2,800,Used,FALSE,Furnished,5.6061047,-0.1860362,Airport Residential Area,Greater Accra
29/12/2024,18900,Flats,1,1,60,New,FALSE,Furnished,5.5767652,-0.1784836,Cantonments,Greater Accra
6/6/2024,6000,Detached,2,2,110,New,FALSE,Furnished,9.4109994,-0.7152749,Tamale Municipal,Northern Region
10/3/2025,8000,Flats,2,2,800,Used,FALSE,Furnished,5.6095075,-0.2507539,Lapaz,Greater Accra
19/03/2023,3000,Flats,1,1,100,Renovated,FALSE,Furnished,5.666671,-0.4313729,Ga South Municipal,Greater Accra
3/10/2025,15000,Flats,1,1,2500,Used,FALSE,Furnished,5.6358281,-0.1613592,East Legon,Greater Accra
3/7/2024,24000,Flats,3,3,280,Used,FALSE,Furnished,5.6510376,-0.1354586,Adjiriganor,Greater Accra
6/3/2024,10000,Flats,2,3,80,New,FALSE,Furnished,6.6932173,-1.627507,Kumasi Metropolitan,Ashanti
21/07/2025,8000,Flats,1,1,100,Used,FALSE,Furnished,5.6529542,-0.2170221,Dome,Greater Accra
29/07/2025,1000,Flats,2,1,600,Used,FALSE,Furnished,6.5336974,-1.4048249,Atwima Nwabiagya,Ashanti
10/7/2024,11200,Flats,2,2,150,Used,FALSE,Furnished,5.5459415,-0.2103988,Accra Metropolitan,Greater Accra
3/2/2025,15000,Flats,2,2,100,New,FALSE,Furnished,5.6358281,-0.1613592,East Legon,Greater Accra
25/08/2024,16000,Flats,3,4,900,New,FALSE,Furnished,5.6141232,-0.1956471,Dzorwulu,Greater Accra
14/09/2024,600,Flats,1,1,100,New,FALSE,Furnished,5.5344155,-0.4252737,Kasoa,Greater Accra
7/4/2023,15000,Flats,2,2,200,New,FALSE,Furnished,5.6510376,-0.1354586,Adjiriganor,Greater Accra
28/11/2024,6000,Flats,2,2,350,New,FALSE,Furnished,5.7880688,-0.129937,Adenta,Greater Accra
18/12/2023,5000,Flats,1,1,40,Used,FALSE,Furnished,5.6376136,-0.1266064,Spintex,Greater Accra
18/10/2025,17000,Detached,1,1,100,Used,FALSE,Furnished,5.6376136,-0.1266064,Spintex,Greater Accra
7/10/2024,7000,Flats,1,1,145,New,FALSE,Furnished,5.6358281,-0.1613592,East Legon,Greater Accra
5/9/2025,4000,Flats,1,1,100,New,FALSE,Furnished,5.5642788,-0.297229,McCarthy Hill,Greater Accra
9/10/2025,45000,Flats,2,2,1000,New,FALSE,Furnished,5.6061047,-0.1860362,Airport Residential Area,Greater Accra
23/01/2023,6000,Flats,2,2,16,Used,FALSE,Furnished,5.6983581,-0.2150873,Ga East Municipal,Greater Accra
2/10/2023,2500,Flats,1,1,70,Used,FALSE,Furnished,5.5987311,-0.2170443,Alajo,Greater Accra
19/08/2024,24800,Flats,4,5,1000,Used,FALSE,Furnished,5.6061047,-0.1860362,Airport Residential Area,Greater Accra
18/07/2023,2500,Flats,3,2,300,Used,FALSE,Furnished,5.5344155,-0.4252737,Kasoa,Greater Accra
19/08/2024,36250,Detached,3,3,100,New,FALSE,Furnished,5.6061047,-0.1860362,Airport Residential Area,Greater Accra
13/02/2023,35000,Flats,2,2,150,Used,FALSE,Furnished,5.6563118,-0.0093266,Tema Metropolitan,Greater Accra
23/05/2023,30000,Flats,2,3,100,New,FALSE,Furnished,5.5767652,-0.1784836,Cantonments,Greater Accra
5/3/2023,5000,Flats,1,1,900,Used,FALSE,Furnished,5.5862973,-0.2419606,Kaneshie,Greater Accra
1/6/2024,42000,Flats,3,4,900,Used,FALSE,Furnished,5.6061047,-0.1860362,Airport Residential Area,Greater Accra
14/01/2025,27000,Flats,3,3,100,Used,FALSE,Furnished,5.5570305,-0.1762717,Osu,Greater Accra
30/10/2025,20000,Flats,2,2,963,New,FALSE,Furnished,5.5862504,-0.1394584,Teshie,Greater Accra
28/10/2025,34320,Townhouse,3,3,251,Used,FALSE,Furnished,5.6141232,-0.1956471,Dzorwulu,Greater Accra
3/6/2023,2700,Semi-Detached,1,1,111,Used,FALSE,Furnished,5.5570305,-0.1762717,Osu,Greater Accra
24/12/2025,30800,Flats,3,4,975,Used,FALSE,Furnished,5.6358281,-0.1613592,East Legon,Greater Accra
14/11/2025,3000,Detached,3,3,115,New,FALSE,Furnished,6.1313988,-0.3183792,New-Juaben Municipal,Eastern Region
5/6/2023,1100,Detached,4,2,800,Used,FALSE,Furnished,6.6932173,-1.627507,Kumasi Metropolitan,Ashanti
3/1/2025,25600,Townhouse,3,3,223,New,FALSE,Furnished,5.5958462,-0.1518394,Burma Camp,Greater Accra
14/11/2024,15045,Duplex,3,4,30,New,FALSE,Furnished,5.6358281,-0.1613592,East Legon,Greater Accra
12/12/2024,16200,Detached,4,4,1500,Used,FALSE,Furnished,5.7252259,-0.1549277,Adenta,Greater Accra
3/11/2024,2400,Flats,2,2,200,New,FALSE,Furnished,5.5666403,-0.3334778,Weija,Greater Accra
24/05/2023,13000,Flats,3,4,700,Used,FALSE,Furnished,5.6358281,-0.1613592,East Legon,Greater Accra
17/11/2025,25000,Detached,5,5,470,Used,FALSE,Furnished,5.6358281,-0.1613592,East Legon,Greater Accra
8/4/2023,4000,Flats,1,1,50,Used,FALSE,Furnished,5.6274508,-0.0872742,Spintex,Greater Accra
4/7/2025,42376,Detached,4,4,150,Used,FALSE,Furnished,5.6358281,-0.1613592,East Legon,Greater Accra
26/07/2024,16000,Detached,2,2,60,Used,FALSE,Furnished,5.5459415,-0.2103988,Accra Metropolitan,Greater Accra
24/03/2024,15600,Flats,2,2,800,Used,FALSE,Furnished,5.5427477,-0.2565425,Dansoman,Greater Accra
9/11/2023,16000,Detached,3,3,4578,Used,FALSE,Furnished,5.7141674,-0.15418,Adenta,Greater Accra
30/08/2025,33883,Flats,1,1,145,Used,FALSE,Furnished,5.5767652,-0.1784836,Cantonments,Greater Accra
29/06/2025,9800,Flats,1,1,80,Used,FALSE,Furnished,5.6141232,-0.1956471,Dzorwulu,Greater Accra
17/11/2024,4500,Flats,2,3,100,Used,FALSE,Furnished,5.6358281,-0.1613592,East Legon,Greater Accra
17/04/2025,3000,Detached,3,2,80,New,FALSE,Furnished,6.6932173,-1.627507,Kumasi Metropolitan,Ashanti
5/9/2025,40000,Flats,4,4,200,Used,FALSE,Furnished,5.6563118,-0.0093266,Tema Metropolitan,Greater Accra
27/11/2025,1000,Detached,2,2,14,New,FALSE,Furnished,5.6983581,-0.2150873,Ga East Municipal,Greater Accra
23/04/2025,27200,Flats,3,3,100,Used,FALSE,Furnished,5.6061047,-0.1860362,Airport Residential Area,Greater Accra
30/07/2024,11200,Flats,1,1,235,Used,FALSE,Furnished,5.6376136,-0.1266064,Spintex,Greater Accra
29/12/2023,49000,Flats,2,2,800,New,FALSE,Furnished,5.5767652,-0.1784836,Cantonments,Greater Accra
21/02/2024,25800,Flats,2,2,110,Used,FALSE,Furnished,5.6358281,-0.1613592,East Legon,Greater Accra
21/06/2024,53077,Detached,4,5,284,Used,FALSE,Furnished,5.6061047,-0.1860362,Airport Residential Area,Greater Accra
5/12/2025,12000,Detached,3,4,754,Used,FALSE,Furnished,5.5459415,-0.2103988,Accra Metropolitan,Greater Accra
8/12/2025,16120,Flats,2,2,100,Used,FALSE,Furnished,5.6403152,-0.1615893,East Legon,Greater Accra
13/06/2025,7100,Flats,1,1,145,Used,FALSE,Furnished,5.6358281,-0.1613592,East Legon,Greater Accra
9/2/2023,39750,Flats,2,2,170,Used,FALSE,Furnished,5.5682665,-0.1717396,Labone,Greater Accra
28/03/2025,7500,Flats,1,1,200,Used,FALSE,Furnished,5.6376136,-0.1266064,Spintex,Greater Accra
10/4/2025,8000,Flats,3,3,100,New,FALSE,Furnished,5.721611,-0.1457823,Adenta,Greater Accra
26/09/2024,11000,Flats,3,3,500,New,FALSE,Furnished,5.6563118,-0.0093266,Tema Metropolitan,Greater Accra
4/5/2023,1200,Flats,2,3,900,Used,FALSE,Furnished,6.6932173,-1.627507,Kumasi Metropolitan,Ashanti
5/3/2024,17000,Flats,2,2,700,New,FALSE,Furnished,5.6358281,-0.1613592,East Legon,Greater Accra
3/11/2024,25000,Flats,2,3,900,Used,FALSE,Furnished,5.5459415,-0.2103988,Accra Metropolitan,Greater Accra
1/7/2024,15000,Flats,2,2,280,New,FALSE,Furnished,5.6376136,-0.1266064,Spintex,Greater Accra
2/9/2023,3000,Flats,1,1,120,New,FALSE,Furnished,5.6095075,-0.2507539,Lapaz,Greater Accra
25/03/2024,23160,Townhouse,4,5,650,Used,FALSE,Furnished,5.5862504,-0.1394584,Teshie,Greater Accra
2/10/2024,5500,Flats,3,3,220,Used,FALSE,Furnished,5.6887241,-0.2270226,Ashomang Estate,Greater Accra
4/5/2023,11200,Flats,2,3,155,New,FALSE,Furnished,5.6358281,-0.1613592,East Legon,Greater Accra
18/09/2023,3500,Flats,4,3,10,Used,FALSE,Furnished,5.7062137,-0.3019281,Ga West Municipal,Greater Accra
21/02/2023,2300,Flats,1,1,16,Used,FALSE,Furnished,5.5862504,-0.1394584,Teshie,Greater Accra
26/01/2024,12000,Flats,3,3,580,Used,FALSE,Furnished,5.6358281,-0.1613592,East Legon,Greater Accra
25/03/2023,40000,Detached,2,3,600,New,FALSE,Furnished,5.5767652,-0.1784836,Cantonments,Greater Accra
17/04/2024,9000,Flats,1,1,15,Used,FALSE,Furnished,5.5831665,-0.1046082,Teshie,Greater Accra
1/3/2025,4000,Flats,1,1,50,Used,FALSE,Furnished,5.5656398,-0.1689987,Osu,Greater Accra
26/04/2023,28527,Flats,2,3,145,Used,FALSE,Furnished,5.6358281,-0.1613592,East Legon,Greater Accra
10/9/2023,420,Flats,1,1,800,New,FALSE,Furnished,6.6932173,-1.627507,Kumasi Metropolitan,Ashanti
3/6/2023,20000,Mansion,4,4,400,Used,FALSE,Furnished,5.6847539,-0.0379152,Ashaiman Municipal,Greater Accra
23/10/2025,4000,Duplex,3,4,125,Used,FALSE,Furnished,5.8142836,0.0746767,Abokobi,Greater Accra
8/3/2023,20183,Detached,3,2,100,Used,FALSE,Furnished,5.6061047,-0.1860362,Airport Residential Area,Greater Accra
18/01/2023,6000,Flats,2,3,100,New,FALSE,Furnished,9.4109994,-0.7152749,Tamale Municipal,Northern Region
12/2/2025,39600,Flats,2,3,990,New,FALSE,Furnished,5.6061047,-0.1860362,Airport Residential Area,Greater Accra
30/08/2023,16000,Flats,2,2,400,New,FALSE,Furnished,6.6932173,-1.627507,Kumasi Metropolitan,Ashanti
30/10/2024,21000,Detached,3,3,300,New,FALSE,Furnished,5.6376136,-0.1266064,Spintex,Greater Accra
13/09/2024,37500,Flats,3,3,256,New,FALSE,Furnished,5.6376136,-0.1266064,Spintex,Greater Accra
23/06/2025,14400,Flats,2,3,100,New,FALSE,Furnished,5.6376136,-0.1266064,Spintex,Greater Accra
4/10/2023,1000,Detached,2,3,408,New,FALSE,Furnished,6.6932173,-1.627507,Kumasi Metropolitan,Ashanti
18/05/2023,33000,Flats,2,2,180,New,FALSE,Furnished,5.6825806,-0.1916501,North Legon,Greater Accra
30/11/2025,23574,Detached,5,5,815,Renovated,FALSE,Furnished,5.6358281,-0.1613592,East Legon,Greater Accra
20/08/2025,32000,Flats,2,3,1246,New,FALSE,Furnished,6.6932173,-1.627507,Kumasi Metropolitan,Ashanti
24/11/2025,22500,Flats,1,1,80,Used,FALSE,Furnished,5.5682665,-0.1717396,Labone,Greater Accra
24/04/2025,27000,Duplex,4,5,215,New,FALSE,Furnished,5.6358281,-0.1613592,East Legon,Greater Accra
6/11/2024,40000,Detached,4,4,580,New,FALSE,Furnished,5.6358281,-0.1613592,East Legon,Greater Accra
14/11/2025,22800,Flats,1,1,100,New,FALSE,Furnished,5.5572854,-0.1824488,Osu,Greater Accra
9/5/2025,1500,Flats,2,2,800,Used,FALSE,Furnished,6.6932173,-1.627507,Kumasi Metropolitan,Ashanti
7/12/2024,2000,Flats,2,2,100,Used,FALSE,Furnished,5.6944159,-0.2021951,Agbogba,Greater Accra
13/10/2024,50000,Flats,3,3,12,New,FALSE,Furnished,6.7062699,0.563609,Ho Municipal,Volta Region
14/09/2023,47200,Townhouse,3,3,100,Used,FALSE,Furnished,5.6358281,-0.1613592,East Legon,Greater Accra
4/3/2025,21600,Flats,2,2,100,New,FALSE,Furnished,5.6385083,-0.1250963,Spintex,Greater Accra
26/05/2023,33000,Flats,3,3,160,New,FALSE,Furnished,5.5862504,-0.1394584,Teshie,Greater Accra
20/07/2024,9769,Flats,2,2,150,Used,FALSE,Furnished,5.6358281,-0.1613592,East Legon,Greater Accra
14/12/2023,36800,Flats,3,3,700,New,FALSE,Furnished,5.6358281,-0.1613592,East Legon,Greater Accra
6/2/2025,28440,Flats,1,1,100,New,FALSE,Furnished,5.5427477,-0.2565425,Dansoman,Greater Accra
27/08/2024,2000,Flats,3,3,100,New,FALSE,Furnished,6.6932173,-1.627507,Kumasi Metropolitan,Ashanti
29/02/2024,22500,Flats,1,1,100,Used,FALSE,Furnished,5.5629493,-0.1699701,Labone,Greater Accra
21/03/2023,48000,Detached,5,5,900,Used,FALSE,Furnished,5.6802129,-0.1372479,Ashaley Botwe,Greater Accra
23/01/2024,42500,Townhouse,3,3,115,Used,FALSE,Furnished,5.6061047,-0.1860362,Airport Residential Area,Greater Accra
5/2/2024,20000,Flats,1,1,765,New,FALSE,Furnished,5.6358281,-0.1613592,East Legon,Greater Accra
9/6/2024,20000,Detached,4,4,87,New,FALSE,Furnished,5.5459415,-0.2103988,Accra Metropolitan,Greater Accra
11/12/2025,9500,Detached,2,2,500,Used,FALSE,Furnished,5.6563118,-0.0093266,Tema Metropolitan,Greater Accra
27/12/2024,41000,Flats,2,3,2222,Used,FALSE,Furnished,5.5767652,-0.1784836,Cantonments,Greater Accra
23/10/2024,2000,Detached,4,4,100,Renovated,FALSE,Furnished,9.4109994,-0.7152749,Tamale Municipal,Northern Region
30/08/2023,10500,Flats,2,3,95,Used,FALSE,Furnished,5.6495001,-0.2100343,West Legon,Greater Accra
12/3/2023,21000,Flats,1,1,100,New,FALSE,Furnished,5.6563118,-0.0093266,Tema Metropolitan,Greater Accra
19/06/2024,22000,Detached,2,2,220,New,FALSE,Furnished,6.6932173,-1.627507,Kumasi Metropolitan,Ashanti
18/07/2024,30000,Flats,2,2,35,New,FALSE,Furnished,6.6932173,-1.627507,Kumasi Metropolitan,Ashanti
14/10/2025,2500,Detached,4,3,300,New,FALSE,Furnished,5.5344155,-0.4252737,Kasoa,Greater Accra
20/01/2024,24810,Flats,3,4,140,Used,FALSE,Furnished,5.6358281,-0.1613592,East Legon,Greater Accra
15/08/2023,5000,Flats,1,1,30,Used,FALSE,Furnished,5.7023611,-0.2069455,Old Ashomang,Greater Accra
1/6/2023,20000,Flats,1,1,100,New,FALSE,Furnished,5.6358281,-0.1613592,East Legon,Greater Accra
6/11/2023,50900,Detached,5,5,35,New,FALSE,Furnished,5.6944159,-0.2021951,Agbogba,Greater Accra
16/11/2024,5000,Detached,2,2,100,Used,FALSE,Furnished,9.4109994,-0.7152749,Tamale Municipal,Northern Region
24/06/2024,39000,Flats,2,2,332,New,FALSE,Furnished,5.6061047,-0.1860362,Airport Residential Area,Greater Accra
10/2/2023,12000,Flats,3,4,16,Used,FALSE,Furnished,5.6061047,-0.1860362,Airport Residential Area,Greater Accra
30/05/2023,2500,Detached,3,3,300,New,FALSE,Furnished,5.5344155,-0.4252737,Kasoa,Greater Accra
11/1/2023,15000,Flats,1,1,20,Used,FALSE,Furnished,5.6358281,-0.1613592,East Legon,Greater Accra
11/11/2025,2000,Detached,3,3,14,Used,FALSE,Furnished,9.4109994,-0.7152749,Tamale Municipal,Northern Region
23/04/2024,18500,Detached,3,3,600,New,FALSE,Furnished,5.5572854,-0.1824488,Osu,Greater Accra
3/4/2024,1600,Flats,1,2,875,New,FALSE,Furnished,5.5459415,-0.2103988,Accra Metropolitan,Greater Accra
26/03/2023,22590,Detached,4,4,200,Used,FALSE,Furnished,5.64174,-0.1517108,East Legon,Greater Accra
2/1/2024,46000,Detached,4,5,400,New,FALSE,Furnished,5.6358281,-0.1613592,East Legon,Greater Accra
16/02/2023,17500,Flats,3,3,100,New,FALSE,Furnished,5.5459415,-0.2103988,Accra Metropolitan,Greater Accra
13/02/2025,28800,Detached,4,4,100,Used,FALSE,Furnished,5.5862504,-0.1394584,Teshie,Greater Accra
18/11/2023,23500,Flats,2,2,100,New,FALSE,Furnished,5.5570305,-0.1762717,Osu,Greater Accra
20/07/2023,30000,Flats,2,2,150,New,FALSE,Furnished,5.8142836,0.0746767,Ridge,Greater Accra
23/03/2025,24500,Flats,3,2,100,Used,FALSE,Furnished,5.6061047,-0.1860362,Airport Residential Area,Greater Accra
27/06/2025,39812,Detached,4,5,150,Used,FALSE,Furnished,5.6358281,-0.1613592,East Legon,Greater Accra
24/06/2023,500,Flats,1,1,100,New,FALSE,Furnished,5.5344155,-0.4252737,Kasoa,Greater Accra
5/4/2025,14000,Detached,2,2,100,New,FALSE,Furnished,5.6663422,-0.2522717,Taifa-Burkina,Greater Accra
19/05/2025,26459,Detached,4,5,150,Used,FALSE,Furnished,5.6358281,-0.1613592,East Legon,Greater Accra
12/2/2024,8000,Flats,1,1,100,Used,FALSE,Furnished,4.9015794,-1.7830973,Takoradi,Western Region
11/7/2023,29900,Flats,4,4,600,New,FALSE,Furnished,5.6141232,-0.1956471,Dzorwulu,Greater Accra
10/1/2024,12000,Flats,1,1,120,New,FALSE,Furnished,6.6932173,-1.627507,Kumasi Metropolitan,Ashanti
1/6/2023,12962,Flats,3,4,150,Used,FALSE,Furnished,5.6802129,-0.1372479,Ashaley Botwe,Greater Accra
1/5/2025,47100,Flats,3,3,130,New,FALSE,Furnished,5.6061047,-0.1860362,Airport Residential Area,Greater Accra
26/09/2024,19000,Flats,2,2,96,Renovated,FALSE,Furnished,5.6358281,-0.1613592,East Legon,Greater Accra
25/09/2025,18240,Flats,2,2,100,New,FALSE,Furnished,5.5820038,-0.1984173,Nima,Greater Accra
11/11/2023,24000,Mansion,6,5,18,Used,FALSE,Furnished,5.6358281,-0.1613592,East Legon,Greater Accra
21/11/2023,1000,Detached,3,2,900,New,FALSE,Furnished,6.6932173,-1.627507,Kumasi Metropolitan,Ashanti
30/03/2024,20000,Detached,3,4,5000,New,FALSE,Furnished,5.6376136,-0.1266064,Spintex,Greater Accra
5/4/2024,4000,Flats,1,1,35,Used,FALSE,Furnished,5.5682665,-0.1717396,Labone,Greater Accra
1/5/2023,18000,Flats,2,2,50,New,FALSE,Furnished,5.666671,-0.4313729,Ga South Municipal,Greater Accra
22/01/2024,25500,Flats,2,2,300,Used,FALSE,Furnished,5.6061047,-0.1860362,Airport Residential Area,Greater Accra
8/8/2024,16078,Flats,2,3,140,New,FALSE,Furnished,5.5937587,-0.2690565,Kwashieman,Greater Accra
8/7/2024,21000,Flats,3,4,100,Used,FALSE,Furnished,5.5459415,-0.2103988,Accra Metropolitan,Greater Accra
26/07/2025,16300,Flats,2,2,120,Used,FALSE,Furnished,5.5862504,-0.1394584,Teshie,Greater Accra
30/06/2025,24940,Flats,3,4,300,New,FALSE,Furnished,5.6061047,-0.1860362,Airport Residential Area,Greater Accra
11/11/2024,34180,Flats,3,3,140,Used,FALSE,Furnished,5.64174,-0.1517108,East Legon,Greater Accra
29/04/2023,7000,Flats,1,1,600,Used,FALSE,Furnished,5.5656398,-0.1689987,Osu,Greater Accra
18/10/2023,16000,Flats,1,1,100,Used,FALSE,Furnished,5.6358281,-0.1613592,East Legon,Greater Accra
27/04/2023,19000,Flats,2,3,2222,Used,FALSE,Furnished,5.6358281,-0.1613592,East Legon,Greater Accra
3/1/2024,13200,Duplex,5,5,261,New,FALSE,Furnished,5.5459415,-0.2103988,Accra Metropolitan,Greater Accra
9/6/2024,1500,Flats,1,1,14,New,FALSE,Furnished,6.6932173,-1.627507,Kumasi Metropolitan,Ashanti
4/12/2024,20000,Detached,3,5,299,New,FALSE,Furnished,5.6495001,-0.2100343,West Legon,Greater Accra
26/12/2023,26100,Flats,1,1,100,New,FALSE,Furnished,5.6358281,-0.1613592,East Legon,Greater Accra
16/10/2025,22000,Flats,2,3,100,New,FALSE,Furnished,5.6358281,-0.1613592,East Legon,Greater Accra
17/08/2024,15600,Detached,3,4,371,Used,FALSE,Furnished,5.6358281,-0.1613592,East Legon,Greater Accra
17/07/2023,18820,Townhouse,3,4,111,Used,FALSE,Furnished,5.5459415,-0.2103988,Accra Metropolitan,Greater Accra
23/05/2024,10000,Detached,3,3,600,New,FALSE,Furnished,5.7556353,-0.1738945,Oyarifa,Greater Accra
24/08/2023,16954,Flats,2,3,111,New,FALSE,Furnished,5.6376136,-0.1266064,Spintex,Greater Accra
30/01/2025,27900,Flats,1,1,145,Used,FALSE,Furnished,5.5758396,-0.2086447,Kokomlemle,Greater Accra
4/7/2023,25800,Flats,1,1,80,Used,FALSE,Furnished,5.6439894,-0.1485298,East Legon,Greater Accra
24/05/2023,5702,Flats,1,1,145,Used,FALSE,Furnished,5.6358281,-0.1613592,East Legon,Greater Accra
13/02/2025,39150,Detached,4,5,80,New,FALSE,Furnished,5.6495001,-0.2100343,West Legon,Greater Accra
11/1/2023,600,Flats,1,1,100,Used,FALSE,Furnished,5.5344155,-0.4252737,Kasoa,Greater Accra
28/03/2023,15000,Flats,2,3,166,New,FALSE,Furnished,5.5459415,-0.2103988,Accra Metropolitan,Greater Accra
16/07/2023,6500,Detached,2,1,70,Used,FALSE,Furnished,5.5459415,-0.2103988,Accra Metropolitan,Greater Accra
29/11/2025,1800,Flats,2,2,100,New,FALSE,Furnished,5.6563118,-0.0093266,Tema Metropolitan,Greater Accra
11/2/2025,8000,Flats,1,1,10,Used,FALSE,Furnished,5.6057034,-0.2353967,Tesano,Greater Accra
27/05/2025,24000,Detached,2,3,80,Used,FALSE,Furnished,5.5570305,-0.1762717,Osu,Greater Accra
13/10/2025,17000,Flats,2,2,80,New,FALSE,Furnished,5.7556353,-0.1738945,Oyarifa,Greater Accra
17/03/2023,5000,Flats,2,2,100,Used,FALSE,Furnished,9.4109994,-0.7152749,Tamale Municipal,Northern Region
17/06/2025,4550,Flats,2,2,35,New,FALSE,Furnished,5.6772176,-0.1251477,Ashaley Botwe,Greater Accra
21/09/2023,40000,Mansion,4,4,19,New,FALSE,Furnished,5.5794797,-0.1706227,Cantonments,Greater Accra
9/10/2024,20000,Flats,2,2,420,Used,FALSE,Furnished,5.6358281,-0.1613592,East Legon,Greater Accra
14/09/2025,30000,Detached,4,4,100,New,FALSE,Furnished,5.6141232,-0.1956471,Dzorwulu,Greater Accra
25/01/2024,21603,Detached,4,5,200,New,FALSE,Furnished,5.6376136,-0.1266064,Spintex,Greater Accra
18/06/2025,36250,Flats,1,2,221,New,FALSE,Furnished,5.5459415,-0.2103988,Accra Metropolitan,Greater Accra
6/5/2023,1000,Flats,2,2,250,New,FALSE,Furnished,6.5336974,-1.4048249,Bosomtwe,Ashanti
1/6/2023,34000,Detached,3,3,100,Used,FALSE,Furnished,5.6376136,-0.1266064,Spintex,Greater Accra
9/6/2025,45000,Flats,3,1,100,New,FALSE,Furnished,5.8129581,-0.1179155,Oyibi,Greater Accra
3/6/2024,11760,Flats,2,2,140,Used,FALSE,Furnished,5.6358281,-0.1613592,East Legon,Greater Accra
31/10/2023,650,Flats,1,1,120,Used,FALSE,Furnished,5.5513273,-0.3298248,Weija,Greater Accra
26/12/2024,5000,Detached,2,2,150,Used,FALSE,Furnished,5.6563118,-0.0093266,Tema Metropolitan,Greater Accra
21/03/2025,850,Flats,2,2,800,New,FALSE,Furnished,6.5336974,-1.4048249,Atwima Nwabiagya,Ashanti
14/03/2025,48000,Duplex,4,4,2000,Used,FALSE,Furnished,5.6358281,-0.1613592,East Legon,Greater Accra
15/04/2023,53800,Flats,3,3,100,Used,FALSE,Furnished,5.6061047,-0.1860362,Airport Residential Area,Greater Accra
7/12/2023,25528,Detached,4,4,100,Used,FALSE,Furnished,5.6358281,-0.1613592,East Legon,Greater Accra
26/02/2024,52500,Detached,4,5,140,Used,FALSE,Furnished,5.6061047,-0.1860362,Airport Residential Area,Greater Accra
12/10/2023,9000,Flats,3,2,150,Used,FALSE,Furnished,5.6510376,-0.1354586,Adjiriganor,Greater Accra
17/04/2024,40000,Flats,3,2,80,Used,FALSE,Furnished,5.6061047,-0.1860362,Airport Residential Area,Greater Accra
11/5/2024,30132,Flats,2,3,120,Used,FALSE,Furnished,5.6358281,-0.1613592,East Legon,Greater Accra
9/3/2023,8705,Detached,4,3,100,Used,FALSE,Furnished,5.5459415,-0.2103988,Accra Metropolitan,Greater Accra
9/3/2023,18750,Flats,3,3,100,Used,FALSE,Furnished,5.5570305,-0.1762717,Osu,Greater Accra
25/02/2023,18000,Flats,1,1,70,Used,FALSE,Furnished,5.5656398,-0.1689987,Osu,Greater Accra
3/4/2023,30000,Flats,2,2,120,Used,FALSE,Furnished,5.6358281,-0.1613592,East Legon,Greater Accra
21/05/2023,40750,Flats,2,1,90,New,FALSE,Furnished,5.5570305,-0.1762717,Osu,Greater Accra
13/07/2025,7500,Flats,1,1,21,New,FALSE,Furnished,5.6346309,-0.2214085,West Legon,Greater Accra
16/11/2025,32200,Detached,3,4,100,New,FALSE,Furnished,5.6141232,-0.1956471,Dzorwulu,Greater Accra
7/7/2024,4000,Flats,1,1,2500,Used,FALSE,Furnished,5.6358281,-0.1613592,East Legon,Greater Accra
6/7/2023,8000,Flats,1,1,80,New,FALSE,Furnished,5.6376136,-0.1266064,Spintex,Greater Accra
3/12/2024,15000,Flats,2,2,350,Used,FALSE,Furnished,5.6358281,-0.1613592,East Legon,Greater Accra
1/5/2023,22500,Townhouse,3,4,900,Used,FALSE,Furnished,5.5459415,-0.2103988,Accra Metropolitan,Greater Accra
15/06/2023,37500,Townhouse,7,6,900,Used,FALSE,Furnished,5.5459415,-0.2103988,Accra Metropolitan,Greater Accra
24/10/2024,7000,Flats,1,1,12,New,FALSE,Furnished,5.5570305,-0.1762717,Osu,Greater Accra
23/03/2025,30000,Flats,2,3,150,New,FALSE,Furnished,5.6358281,-0.1613592,East Legon,Greater Accra
10/9/2024,12000,Detached,7,7,100,Used,FALSE,Furnished,5.6562651,-0.2338473,Dome,Greater Accra
29/10/2024,7500,Detached,3,3,786,Used,FALSE,Furnished,5.6274508,-0.0872742,Spintex,Greater Accra
29/11/2025,8000,Flats,1,1,288,Used,FALSE,Furnished,5.6358281,-0.1613592,East Legon,Greater Accra
11/7/2025,25500,Flats,2,3,110,New,FALSE,Furnished,5.6376136,-0.1266064,Spintex,Greater Accra
25/06/2024,12000,Flats,2,3,100,New,FALSE,Furnished,5.612781,-0.234345,Achimota,Greater Accra
12/12/2023,8000,Flats,1,1,160,Used,FALSE,Furnished,5.6057034,-0.2353967,Tesano,Greater Accra
11/4/2025,1800,Flats,2,2,10,New,FALSE,Furnished,5.7062137,-0.3019281,Ga West Municipal,Greater Accra
3/2/2023,1400,Flats,3,2,500,New,FALSE,Furnished,6.5336974,-1.4048249,Atwima Nwabiagya,Ashanti
12/4/2023,12173,Flats,1,1,100,New,FALSE,Furnished,5.6358281,-0.1613592,East Legon,Greater Accra
12/8/2025,9600,Duplex,3,2,18,New,FALSE,Furnished,5.6510376,-0.1354586,Adjiriganor,Greater Accra
7/9/2025,16200,Flats,2,2,150,New,FALSE,Furnished,5.6358281,-0.1613592,East Legon,Greater Accra
4/2/2024,5000,Flats,1,1,100,Used,FALSE,Furnished,5.6358281,-0.1613592,East Legon,Greater Accra
16/08/2023,28000,Duplex,3,4,80,Used,FALSE,Furnished,5.6358281,-0.1613592,East Legon,Greater Accra
2/10/2024,29300,Flats,1,1,40,New,FALSE,Furnished,5.6358281,-0.1613592,East Legon,Greater Accra
12/3/2025,11750,Flats,3,3,100,Used,FALSE,Furnished,5.6358281,-0.1613592,East Legon,Greater Accra
30/10/2024,8000,Detached,3,2,111,New,FALSE,Furnished,5.6376136,-0.1266064,Spintex,Greater Accra
15/03/2025,43500,Detached,4,5,100,Used,FALSE,Furnished,5.6358281,-0.1613592,East Legon,Greater Accra
2/10/2025,10592,Townhouse,3,3,70,Used,FALSE,Furnished,5.6358281,-0.1613592,East Legon,Greater Accra
12/1/2023,17000,Detached,4,4,147,New,TRUE,Furnished,5.6061047,-0.1860362,Airport Residential Area,Greater Accra
19/08/2025,15500,Flats,2,3,2800,New,FALSE,Furnished,5.7556353,-0.1738945,Oyarifa,Greater Accra
29/04/2023,8200,Flats,2,2,214,Used,FALSE,Furnished,5.64174,-0.1517108,East Legon,Greater Accra
3/2/2025,49000,Flats,2,3,400,New,FALSE,Furnished,5.5572854,-0.1824488,Osu,Greater Accra
11/2/2024,1000,Flats,2,1,600,New,FALSE,Furnished,6.5336974,-1.4048249,Atwima Nwabiagya,Ashanti
12/9/2023,600,Flats,1,1,100,New,FALSE,Furnished,5.5344155,-0.4252737,Kasoa,Greater Accra
20/05/2025,23590,Flats,2,3,130,New,FALSE,Furnished,5.6510376,-0.1354586,Adjiriganor,Greater Accra
5/6/2024,6000,Flats,1,2,1000,New,FALSE,Furnished,5.6495001,-0.2100343,West Legon,Greater Accra
12/11/2023,33508,Detached,3,4,150,Used,FALSE,Furnished,5.6358281,-0.1613592,East Legon,Greater Accra
29/02/2024,15000,Flats,1,1,100,New,FALSE,Furnished,5.6439894,-0.1485298,East Legon,Greater Accra
6/8/2025,16140,Flats,2,2,140,Used,FALSE,Furnished,5.6510376,-0.1354586,Adjiriganor,Greater Accra
19/10/2025,18000,Detached,3,2,110,Used,FALSE,Furnished,5.6495001,-0.2100343,West Legon,Greater Accra
22/09/2023,32270,Mansion,7,5,100,New,FALSE,Furnished,9.4109994,-0.7152749,Tamale Municipal,Northern Region
30/11/2023,1400,Flats,2,2,900,Used,FALSE,Furnished,6.5336974,-1.4048249,Atwima Nwabiagya,Ashanti
3/7/2023,7095,Flats,1,1,86,New,FALSE,Furnished,5.6376136,-0.1266064,Spintex,Greater Accra
29/12/2025,34800,Detached,4,5,100,New,FALSE,Furnished,5.5862504,-0.1394584,Teshie,Greater Accra
23/12/2024,15558,Flats,2,2,140,Used,FALSE,Furnished,5.6510376,-0.1354586,Adjiriganor,Greater Accra
5/6/2024,30000,Detached,3,3,80,Used,FALSE,Furnished,5.6563118,-0.0093266,Tema Metropolitan,Greater Accra
25/11/2024,35100,Detached,4,4,100,Used,FALSE,Furnished,5.6495001,-0.2100343,West Legon,Greater Accra
22/05/2024,35000,Townhouse,4,5,80,New,FALSE,Furnished,5.6061047,-0.1860362,Airport Residential Area,Greater Accra
4/1/2023,19900,Flats,2,2,110,Used,FALSE,Furnished,5.5862504,-0.1394584,Teshie,Greater Accra
31/12/2025,51165,Flats,2,2,100,New,FALSE,Furnished,5.6439894,-0.1485298,East Legon,Greater Accra
14/10/2024,19200,Flats,1,1,300,New,FALSE,Furnished,5.6439894,-0.1485298,East Legon,Greater Accra
31/05/2025,43200,Flats,3,3,100,New,FALSE,Furnished,5.6061047,-0.1860362,Airport Residential Area,Greater Accra
23/05/2023,24000,Detached,4,4,230,New,FALSE,Furnished,5.6847539,-0.0379152,Ashaiman Municipal,Greater Accra
12/4/2024,37500,Detached,3,3,800,Used,FALSE,Furnished,5.6061047,-0.1860362,Airport Residential Area,Greater Accra
20/02/2024,10000,Detached,1,1,100,Used,FALSE,Furnished,5.6376136,-0.1266064,Spintex,Greater Accra
9/2/2025,2500,Flats,2,2,100,New,FALSE,Furnished,5.6563118,-0.0093266,Tema Metropolitan,Greater Accra
4/1/2025,56000,Detached,3,3,700,New,FALSE,Furnished,5.6358281,-0.1613592,East Legon,Greater Accra
16/11/2023,48000,Flats,4,4,100,New,FALSE,Furnished,5.6358281,-0.1613592,East Legon,Greater Accra
8/9/2023,15265,Flats,2,3,145,Used,FALSE,Furnished,5.6358281,-0.1613592,East Legon,Greater Accra
23/09/2025,32400,Flats,2,2,100,New,FALSE,Furnished,5.6439894,-0.1485298,East Legon,Greater Accra
7/8/2025,48000,Townhouse,3,3,280,New,FALSE,Furnished,5.5767652,-0.1784836,Cantonments,Greater Accra
17/04/2024,8400,Flats,1,1,111,New,FALSE,Furnished,5.6358281,-0.1613592,East Legon,Greater Accra
25/12/2023,5000,Detached,3,3,100,Used,FALSE,Furnished,9.4109994,-0.7152749,Tamale Municipal,Northern Region
21/06/2024,36000,Detached,4,4,371,New,FALSE,Furnished,5.6772176,-0.1251477,Ashaley Botwe,Greater Accra
29/05/2025,23305,Flats,1,1,145,New,FALSE,Furnished,5.5767652,-0.1784836,Cantonments,Greater Accra
14/10/2025,26000,Townhouse,3,3,2000,Used,FALSE,Furnished,5.6825806,-0.1916501,North Legon,Greater Accra
6/11/2025,18000,Detached,3,2,100,Used,FALSE,Furnished,5.6495001,-0.2100343,West Legon,Greater Accra
30/05/2025,16000,Detached,3,3,200,Used,FALSE,Furnished,5.6149107,-0.0484066,Tema Metropolitan,Greater Accra
29/03/2024,7500,Flats,1,1,80,Used,FALSE,Furnished,5.6376136,-0.1266064,Spintex,Greater Accra
18/10/2025,40000,Flats,3,3,160,Used,FALSE,Furnished,5.5958462,-0.1518394,Burma Camp,Greater Accra
27/01/2024,45000,Flats,3,3,500,Used,FALSE,Furnished,5.6061047,-0.1860362,Airport Residential Area,Greater Accra
30/07/2024,22000,Flats,2,2,800,New,FALSE,Furnished,5.6358281,-0.1613592,East Legon,Greater Accra
24/11/2023,8246,Flats,2,3,100,New,FALSE,Furnished,5.5682665,-0.1717396,Labone,Greater Accra
29/04/2025,30000,Mansion,5,5,450,Used,FALSE,Furnished,5.6510376,-0.1354586,Adjiriganor,Greater Accra
11/5/2025,16000,Flats,2,2,100,New,FALSE,Furnished,5.5713902,-0.2946839,Gbawe,Greater Accra
8/6/2024,13736,Flats,2,3,140,Used,FALSE,Furnished,5.6495001,-0.2100343,West Legon,Greater Accra
9/2/2024,1000,Detached,4,2,408,Used,FALSE,Furnished,6.6932173,-1.627507,Kumasi Metropolitan,Ashanti
5/2/2024,15000,Townhouse,3,3,1200,Used,FALSE,Furnished,5.6563118,-0.0093266,Tema Metropolitan,Greater Accra
16/04/2024,16000,Detached,5,5,100,Used,FALSE,Furnished,5.6694251,-0.203367,Haatso,Greater Accra
14/12/2023,17700,Flats,2,3,251,New,FALSE,Furnished,5.5767652,-0.1784836,Cantonments,Greater Accra
13/07/2024,36967,Flats,1,1,30,New,FALSE,Furnished,5.5794797,-0.1706227,Cantonments,Greater Accra
20/11/2024,12000,Flats,2,2,300,Used,FALSE,Furnished,5.6358281,-0.1613592,East Legon,Greater Accra
20/01/2025,12800,Flats,2,2,100,New,FALSE,Furnished,5.6358281,-0.1613592,East Legon,Greater Accra
27/03/2025,10500,Flats,1,1,789,Used,FALSE,Furnished,5.6274508,-0.0872742,Spintex,Greater Accra
31/07/2023,16005,Detached,4,4,150,Used,FALSE,Furnished,5.6802129,-0.1372479,Ashaley Botwe,Greater Accra
9/1/2024,1600,Flats,3,4,80,Used,TRUE,Furnished,5.6563118,-0.0093266,Tema Metropolitan,Greater Accra
19/10/2024,22800,Flats,3,4,120,New,FALSE,Furnished,5.6061047,-0.1860362,Airport Residential Area,Greater Accra
5/3/2024,15000,Detached,3,3,102,New,FALSE,Furnished,5.6529542,-0.2170221,Dome,Greater Accra
7/3/2025,17000,Flats,3,3,100,New,FALSE,Furnished,5.8142836,0.0746767,Nungua,Greater Accra
18/06/2024,3500,Flats,1,1,60,Used,FALSE,Furnished,5.6376136,-0.1266064,Spintex,Greater Accra
28/10/2025,18200,Semi-Detached,4,5,120,New,FALSE,Furnished,5.5459415,-0.2103988,Accra Metropolitan,Greater Accra
21/06/2025,19200,Flats,3,3,70,Used,FALSE,Furnished,5.6495001,-0.2100343,West Legon,Greater Accra
17/02/2023,24000,Flats,2,2,800,Used,FALSE,Furnished,5.6376136,-0.1266064,Spintex,Greater Accra
26/09/2025,11900,Flats,1,1,10,New,FALSE,Furnished,5.6358281,-0.1613592,East Legon,Greater Accra
12/7/2023,26250,Detached,4,5,100,Used,FALSE,Furnished,5.5459415,-0.2103988,Accra Metropolitan,Greater Accra
3/5/2023,4000,Flats,2,2,1580,New,FALSE,Furnished,5.5459415,-0.2103988,Accra Metropolitan,Greater Accra
6/9/2023,700,Flats,1,1,100,Used,FALSE,Furnished,5.5510647,-0.4408037,Awutu Senya East Municipal,Central Region
17/12/2023,30000,Flats,3,3,1000,Used,FALSE,Furnished,5.5767652,-0.1784836,Cantonments,Greater Accra
5/4/2025,28000,Flats,2,2,80,Used,FALSE,Furnished,5.6376136,-0.1266064,Spintex,Greater Accra
27/07/2023,7000,Flats,2,3,16,New,FALSE,Furnished,5.6061047,-0.1860362,Airport Residential Area,Greater Accra
3/8/2023,8400,Detached,4,4,400,Used,FALSE,Furnished,5.6563118,-0.0093266,Tema Metropolitan,Greater Accra
4/5/2025,5000,Flats,1,1,12,Used,FALSE,Furnished,5.5831665,-0.1046082,Teshie,Greater Accra
24/06/2023,29187,Flats,2,3,145,New,FALSE,Furnished,5.5767652,-0.1784836,Cantonments,Greater Accra
9/1/2024,24578,Flats,2,2,145,Used,FALSE,Furnished,5.6358281,-0.1613592,East Legon,Greater Accra
11/7/2024,11300,Flats,3,4,127,New,FALSE,Furnished,5.6274508,-0.0872742,Spintex,Greater Accra
11/10/2025,23880,Detached,4,5,121,New,FALSE,Furnished,5.6376136,-0.1266064,Spintex,Greater Accra
28/11/2024,40000,Townhouse,4,5,310,Used,FALSE,Furnished,5.5767652,-0.1784836,Cantonments,Greater Accra
6/3/2024,9300,Flats,2,2,18,Used,FALSE,Furnished,5.6358281,-0.1613592,East Legon,Greater Accra
26/09/2024,10650,Flats,2,2,145,Used,FALSE,Furnished,5.6358281,-0.1613592,East Legon,Greater Accra
23/07/2025,6000,Flats,3,3,235,New,FALSE,Furnished,5.6358281,-0.1613592,East Legon,Greater Accra
10/8/2025,23000,Townhouse,4,4,21,New,FALSE,Furnished,5.612781,-0.234345,Achimota,Greater Accra
14/04/2023,5000,Flats,1,1,234,New,FALSE,Furnished,5.6061047,-0.1860362,Airport Residential Area,Greater Accra
16/05/2023,6000,Flats,2,2,80,New,FALSE,Furnished,5.6663422,-0.2522717,Taifa-Burkina,Greater Accra
3/3/2024,18000,Flats,2,3,800,Used,FALSE,Furnished,5.6510376,-0.1354586,Adjiriganor,Greater Accra
28/03/2024,48400,Flats,3,3,150,Used,FALSE,Furnished,5.6061047,-0.1860362,Airport Residential Area,Greater Accra
19/09/2024,4500,Flats,2,3,1223,New,FALSE,Furnished,5.6586113,-0.2061646,West Legon,Greater Accra
26/07/2025,14400,Detached,3,3,15,New,FALSE,Furnished,5.5862973,-0.2419606,Kaneshie,Greater Accra
14/01/2024,7600,Duplex,3,3,18,New,FALSE,Furnished,5.6358281,-0.1613592,East Legon,Greater Accra
28/07/2025,12000,Flats,1,1,100,New,FALSE,Furnished,5.5831665,-0.1046082,Teshie,Greater Accra
13/09/2024,35200,Duplex,3,4,80,New,FALSE,Furnished,5.6510376,-0.1354586,Adjiriganor,Greater Accra
13/06/2024,3500,Flats,3,4,250,New,FALSE,Furnished,5.7141674,-0.15418,Adenta,Greater Accra
10/10/2023,27500,Detached,9,7,100,New,FALSE,Furnished,5.5866078,-0.2772644,Awoshie,Greater Accra
16/07/2023,12000,Flats,1,1,2223,New,FALSE,Furnished,5.6358281,-0.1613592,East Legon,Greater Accra
14/02/2025,30000,Duplex,5,5,251,Used,FALSE,Furnished,5.6376136,-0.1266064,Spintex,Greater Accra
7/11/2025,18000,Flats,2,3,14,New,FALSE,Furnished,6.6932173,-1.627507,Kumasi Metropolitan,Ashanti
11/2/2024,4000,Flats,2,1,312,New,FALSE,Furnished,5.6802129,-0.1372479,Ashaley Botwe,Greater Accra
18/01/2024,1400,Flats,1,1,100,New,FALSE,Furnished,5.6563118,-0.0093266,Tema Metropolitan,Greater Accra
8/10/2023,30000,Flats,3,4,100,New,FALSE,Furnished,5.6510376,-0.1354586,Adjiriganor,Greater Accra
11/4/2024,28000,Flats,1,1,80,New,FALSE,Furnished,5.6358281,-0.1613592,East Legon,Greater Accra
4/2/2025,32000,Duplex,5,5,100,Used,FALSE,Furnished,6.6932173,-1.627507,Kumasi Metropolitan,Ashanti
22/01/2024,9000,Flats,1,1,1000,Used,FALSE,Furnished,5.5570305,-0.1762717,Osu,Greater Accra
30/11/2025,46000,Detached,4,4,100,Used,FALSE,Furnished,5.6358281,-0.1613592,East Legon,Greater Accra
18/06/2025,49500,Detached,5,6,80,Used,FALSE,Furnished,5.6358281,-0.1613592,East Legon,Greater Accra
28/11/2025,7000,Detached,4,5,100,New,FALSE,Furnished,6.6932173,-1.627507,Kumasi Metropolitan,Ashanti
27/01/2025,2500,Flats,1,1,33,New,FALSE,Furnished,5.6141232,-0.1956471,Dzorwulu,Greater Accra
3/7/2023,28600,Flats,1,1,100,New,FALSE,Furnished,5.5767652,-0.1784836,Cantonments,Greater Accra
22/08/2023,36000,Townhouse,3,4,990,Used,FALSE,Furnished,5.8142836,0.0746767,Ridge,Greater Accra
13/11/2023,2000,Flats,2,3,100,New,FALSE,Furnished,6.6932173,-1.627507,Kumasi Metropolitan,Ashanti
10/1/2024,18000,Flats,1,2,800,New,FALSE,Furnished,5.6358281,-0.1613592,East Legon,Greater Accra
26/04/2025,7000,Flats,1,1,400,New,FALSE,Furnished,5.5570305,-0.1762717,Osu,Greater Accra
29/11/2023,9000,Flats,2,2,80,Used,FALSE,Furnished,5.6358281,-0.1613592,East Legon,Greater Accra
24/09/2023,6800,Flats,1,1,112,New,FALSE,Furnished,5.6376136,-0.1266064,Spintex,Greater Accra
18/07/2025,22000,Flats,2,2,120,Used,FALSE,Furnished,5.6358281,-0.1613592,East Legon,Greater Accra
4/10/2025,6000,Flats,2,2,900,Used,FALSE,Furnished,5.6376136,-0.1266064,Spintex,Greater Accra
28/07/2025,700,Flats,2,1,200,Used,FALSE,Furnished,5.5344155,-0.4252737,Kasoa,Greater Accra
1/3/2025,42000,Flats,3,3,150,Used,FALSE,Furnished,5.6358281,-0.1613592,East Legon,Greater Accra
28/08/2025,29000,Detached,8,10,120,Used,FALSE,Furnished,5.6495001,-0.2100343,West Legon,Greater Accra
17/08/2023,36160,Detached,4,5,100,New,FALSE,Furnished,5.64174,-0.1517108,East Legon,Greater Accra
28/10/2024,20000,Detached,5,5,15,New,FALSE,Furnished,6.6932173,-1.627507,Kumasi Metropolitan,Ashanti
16/06/2023,40000,Flats,4,4,215,Used,FALSE,Furnished,5.6061047,-0.1860362,Airport Residential Area,Greater Accra
13/06/2025,15600,Flats,2,2,600,New,FALSE,Furnished,5.5570305,-0.1762717,Osu,Greater Accra
22/05/2023,40000,Detached,4,4,750,New,FALSE,Furnished,5.6358281,-0.1613592,East Legon,Greater Accra
30/06/2024,20700,Detached,4,5,100,New,FALSE,Furnished,5.6694251,-0.203367,Haatso,Greater Accra
6/2/2023,25602,Flats,3,3,200,Used,FALSE,Furnished,5.6141232,-0.1956471,Dzorwulu,Greater Accra
27/07/2025,14000,Flats,3,3,600,Used,FALSE,Furnished,5.6825806,-0.1916501,North Legon,Greater Accra
24/07/2023,34100,Flats,2,2,145,Used,FALSE,Furnished,5.6358281,-0.1613592,East Legon,Greater Accra
4/6/2024,8000,Detached,2,3,250,Used,FALSE,Furnished,5.7556353,-0.1738945,Oyarifa,Greater Accra
1/1/2024,15007,Flats,2,2,200,New,FALSE,Furnished,5.6563118,-0.0093266,Tema Metropolitan,Greater Accra
19/04/2024,16000,Duplex,4,5,250,Used,FALSE,Furnished,6.6932173,-1.627507,Kumasi Metropolitan,Ashanti
29/12/2025,30750,Townhouse,3,3,195,New,FALSE,Furnished,5.6141232,-0.1956471,Dzorwulu,Greater Accra
5/1/2023,20000,Duplex,4,4,126,New,FALSE,Furnished,5.6385083,-0.1250963,Spintex,Greater Accra
14/09/2023,6000,Flats,1,1,17,Used,FALSE,Furnished,5.5831665,-0.1046082,Teshie,Greater Accra
18/09/2023,30000,Detached,5,5,1000,Used,FALSE,Furnished,5.6510376,-0.1354586,Adjiriganor,Greater Accra
4/8/2023,22600,Flats,2,2,100,Used,FALSE,Furnished,5.6358281,-0.1613592,East Legon,Greater Accra
20/09/2024,14385,Townhouse,3,4,124,New,FALSE,Furnished,5.6376136,-0.1266064,Spintex,Greater Accra
27/01/2025,21000,Flats,2,2,150,New,FALSE,Furnished,5.6563118,-0.0093266,Tema Metropolitan,Greater Accra
20/07/2025,16000,Flats,2,2,100,New,FALSE,Furnished,5.6802129,-0.1372479,Ashaley Botwe,Greater Accra
20/08/2023,14320,Flats,2,3,156,New,FALSE,Furnished,5.5459415,-0.2103988,Accra Metropolitan,Greater Accra
5/2/2023,11000,Detached,4,5,100,New,FALSE,Furnished,5.6220478,-0.2997482,Anyaa,Greater Accra
20/08/2023,600,Flats,1,1,100,New,FALSE,Furnished,5.5344155,-0.4252737,Kasoa,Greater Accra
7/11/2024,21600,Detached,4,6,990,New,FALSE,Furnished,5.6095075,-0.2507539,Lapaz,Greater Accra
20/02/2025,25000,Flats,2,3,1000,New,FALSE,Furnished,5.6358281,-0.1613592,East Legon,Greater Accra
10/12/2024,38500,Townhouse,3,4,80,New,FALSE,Furnished,5.5682665,-0.1717396,Labone,Greater Accra
25/07/2023,18828,Duplex,5,4,800,Used,FALSE,Furnished,5.6563118,-0.0093266,Tema Metropolitan,Greater Accra
19/09/2025,33900,Detached,4,5,100,New,FALSE,Furnished,5.6619606,-0.1290806,Adjiriganor,Greater Accra
25/02/2023,24675,Flats,2,3,190,Used,FALSE,Furnished,5.6376136,-0.1266064,Spintex,Greater Accra
9/2/2025,20000,Townhouse,3,3,20,Used,FALSE,Furnished,5.6358281,-0.1613592,East Legon,Greater Accra
25/02/2024,16000,Flats,2,3,55,Used,FALSE,Furnished,5.6358281,-0.1613592,East Legon,Greater Accra
25/03/2024,1500,Flats,2,2,400,New,FALSE,Furnished,5.5344155,-0.4252737,Kasoa,Greater Accra
31/12/2025,6000,Flats,1,1,100,Used,FALSE,Furnished,5.6385083,-0.1250963,Spintex,Greater Accra
23/12/2025,20000,Flats,2,2,80,New,FALSE,Furnished,6.6932173,-1.627507,Kumasi Metropolitan,Ashanti
2/10/2024,24000,Duplex,4,4,1000,New,FALSE,Furnished,5.6802129,-0.1372479,Ashaley Botwe,Greater Accra
24/02/2023,500,Flats,2,1,600,New,FALSE,Furnished,6.6932173,-1.627507,Kumasi Metropolitan,Ashanti
21/12/2024,18000,Flats,2,2,210,New,FALSE,Furnished,5.6376136,-0.1266064,Spintex,Greater Accra
6/3/2024,46650,Detached,5,6,140,Used,FALSE,Furnished,5.6358281,-0.1613592,East Legon,Greater Accra
21/10/2023,1684,Detached,3,3,67,New,FALSE,Furnished,5.6418074,-0.2279838,Dome,Greater Accra
30/11/2024,15000,Flats,1,1,145,Used,FALSE,Furnished,5.6376136,-0.1266064,Spintex,Greater Accra
2/4/2023,23000,Flats,1,1,800,New,FALSE,Furnished,5.5682665,-0.1717396,Labone,Greater Accra
30/01/2024,600,Detached,1,1,285,New,FALSE,Furnished,6.6932173,-1.627507,Kumasi Metropolitan,Ashanti
3/11/2025,12600,Flats,1,1,900,New,FALSE,Furnished,5.5459415,-0.2103988,Accra Metropolitan,Greater Accra
12/8/2023,27000,Flats,2,2,100,Used,FALSE,Furnished,5.5794797,-0.1706227,Cantonments,Greater Accra
23/06/2024,6000,Flats,2,2,800,New,FALSE,Furnished,5.6944159,-0.2021951,Agbogba,Greater Accra
15/01/2025,13000,Flats,2,3,150,New,FALSE,Furnished,5.6495001,-0.2100343,West Legon,Greater Accra
20/10/2023,52800,Flats,3,3,230,Used,FALSE,Furnished,5.5767652,-0.1784836,Cantonments,Greater Accra
7/10/2025,8000,Flats,3,3,200,New,FALSE,Furnished,5.6510376,-0.1354586,Adjiriganor,Greater Accra
23/09/2025,35000,Detached,7,5,100,New,FALSE,Furnished,5.6802129,-0.1372479,Ashaley Botwe,Greater Accra
23/08/2024,6000,Flats,1,1,256,New,FALSE,Furnished,5.6376136,-0.1266064,Spintex,Greater Accra
16/11/2025,55000,Detached,4,5,100,Used,FALSE,Furnished,5.6061047,-0.1860362,Airport Residential Area,Greater Accra
22/02/2025,8000,Flats,1,1,300,New,FALSE,Furnished,5.6439894,-0.1485298,East Legon,Greater Accra
8/7/2024,12100,Flats,2,3,100,Used,FALSE,Furnished,5.5459415,-0.2103988,Accra Metropolitan,Greater Accra
27/01/2025,24000,Flats,3,3,203,Used,FALSE,Furnished,5.6385083,-0.1250963,Spintex,Greater Accra
4/8/2023,23700,Flats,3,3,1000,New,FALSE,Furnished,5.5767652,-0.1784836,Cantonments,Greater Accra
11/2/2024,23800,Detached,4,4,100,Used,FALSE,Furnished,5.6061047,-0.1860362,Airport Residential Area,Greater Accra
9/10/2023,4000,Flats,1,1,70,New,FALSE,Furnished,5.6376136,-0.1266064,Spintex,Greater Accra
14/02/2025,1700,Flats,3,3,10,Used,FALSE,Furnished,5.7062137,-0.3019281,Ga West Municipal,Greater Accra
3/10/2024,16500,Flats,3,3,100,Used,FALSE,Furnished,5.6358281,-0.1613592,East Legon,Greater Accra
24/09/2023,22000,Flats,3,3,800,New,FALSE,Furnished,5.6358281,-0.1613592,East Legon,Greater Accra
9/4/2023,3000,Flats,1,1,100,Used,FALSE,Furnished,9.4109994,-0.7152749,Tamale Municipal,Northern Region
4/7/2023,35000,Flats,3,3,100,Used,FALSE,Furnished,5.6061047,-0.1860362,Airport Residential Area,Greater Accra
11/12/2025,16000,Flats,3,2,120,Used,FALSE,Furnished,5.6087022,-0.2164185,Abelemkpe,Greater Accra
25/05/2023,26300,Detached,4,5,300,New,FALSE,Furnished,5.6358281,-0.1613592,East Legon,Greater Accra
20/12/2025,24000,Flats,4,4,500,Used,FALSE,Furnished,5.6086972,-0.2271274,Tesano,Greater Accra
19/06/2025,8250,Flats,2,2,100,Renovated,FALSE,Furnished,5.6141232,-0.1956471,Dzorwulu,Greater Accra
31/03/2023,6840,Flats,2,2,100,New,FALSE,Furnished,6.6932173,-1.627507,Kumasi Metropolitan,Ashanti
18/02/2024,10200,Flats,1,1,100,New,FALSE,Furnished,5.5862504,-0.1394584,Teshie,Greater Accra
7/10/2023,1100,Flats,2,2,200,Used,FALSE,Furnished,5.5344155,-0.4252737,Kasoa,Greater Accra
20/08/2024,31000,Flats,1,1,100,New,FALSE,Furnished,5.6358281,-0.1613592,East Legon,Greater Accra
7/5/2024,15442,Flats,2,3,121,Used,FALSE,Furnished,5.5862504,-0.1394584,Teshie,Greater Accra
2/3/2023,47950,Townhouse,3,2,198,Used,FALSE,Furnished,5.5767652,-0.1784836,Cantonments,Greater Accra
2/3/2023,12323,Flats,1,1,12,Used,FALSE,Furnished,5.6731273,-0.1663851,Madina,Greater Accra
20/01/2023,13500,Duplex,3,3,361,New,FALSE,Furnished,5.6495001,-0.2100343,West Legon,Greater Accra
21/12/2023,29317,Detached,3,3,150,Used,FALSE,Furnished,5.6358281,-0.1613592,East Legon,Greater Accra
9/12/2024,24000,Townhouse,4,2,900,Used,FALSE,Furnished,5.5459415,-0.2103988,Accra Metropolitan,Greater Accra
2/9/2023,42000,Flats,4,4,100,Used,FALSE,Furnished,5.6358281,-0.1613592,East Legon,Greater Accra
27/11/2023,30000,Flats,2,2,125,New,FALSE,Furnished,5.5570305,-0.1762717,Osu,Greater Accra
14/04/2025,3000,Semi-Detached,3,2,90,Used,FALSE,Furnished,5.6563118,-0.0093266,Tema Metropolitan,Greater Accra
14/12/2023,9750,Flats,2,2,100,Renovated,FALSE,Furnished,5.6141232,-0.1956471,Dzorwulu,Greater Accra
27/03/2023,5000,Detached,3,3,50,New,FALSE,Furnished,9.4109994,-0.7152749,Tamale Municipal,Northern Region
5/6/2023,20574,Detached,3,3,100,Used,FALSE,Furnished,5.6061047,-0.1860362,Airport Residential Area,Greater Accra
1/11/2024,45000,Flats,3,3,200,Used,FALSE,Furnished,5.6141232,-0.1956471,Dworwulu,Greater Accra
27/02/2024,3400,Flats,2,2,55,Used,FALSE,Furnished,5.5511744,-0.2526163,Ablekuma,Greater Accra
3/8/2023,1200,Flats,2,2,1000,New,FALSE,Furnished,6.6932173,-1.627507,Kumasi Metropolitan,Ashanti
1/7/2024,20000,Duplex,3,3,500,New,FALSE,Furnished,5.6825806,-0.1916501,North Legon,Greater Accra
21/09/2024,16861,Detached,4,4,190,Used,FALSE,Furnished,5.6847539,-0.0379152,Ashaiman Municipal,Greater Accra
3/7/2023,33600,Flats,3,3,1000,Used,FALSE,Furnished,5.8142836,0.0746767,Ridge,Greater Accra
15/09/2023,3500,Flats,1,1,2222,New,FALSE,Furnished,5.5666385,-0.3334578,Weija,Greater Accra
11/8/2023,9200,Flats,1,1,900,New,FALSE,Furnished,5.5459415,-0.2103988,Accra Metropolitan,Greater Accra
7/7/2024,18000,Flats,3,2,800,New,FALSE,Furnished,5.6067104,-0.208384,Abelemkpe,Greater Accra
19/05/2024,20250,Flats,2,2,1000,Used,FALSE,Furnished,5.5646592,-0.1565747,Labadi,Greater Accra
24/07/2025,5000,Flats,1,1,60,Used,FALSE,Furnished,5.5656398,-0.1689987,Osu,Greater Accra
1/8/2025,15007,Flats,2,2,100,Used,FALSE,Furnished,5.6358281,-0.1613592,East Legon,Greater Accra
30/06/2025,15000,Flats,1,1,15,New,FALSE,Furnished,5.6061047,-0.1860362,Airport Residential Area,Greater Accra
3/1/2025,31250,Flats,2,2,232,New,FALSE,Furnished,5.5767652,-0.1784836,Cantonments,Greater Accra
25/12/2024,9000,Flats,2,2,110,Used,FALSE,Furnished,5.5831665,-0.1046082,Teshie,Greater Accra
19/10/2023,15606,Flats,1,1,145,Used,FALSE,Furnished,5.5459415,-0.2103988,Accra Metropolitan,Greater Accra
27/10/2023,30000,Flats,3,3,140,Renovated,FALSE,Furnished,5.6358281,-0.1613592,East Legon,Greater Accra
3/12/2024,48000,Flats,3,3,150,Used,FALSE,Furnished,5.6358281,-0.1613592,East Legon,Greater Accra
15/11/2023,16392,Flats,2,2,786,Used,FALSE,Furnished,5.6312394,-0.1422768,Spintex,Greater Accra
30/05/2024,25600,Detached,4,5,100,Used,FALSE,Furnished,5.6061047,-0.1860362,Airport Residential Area,Greater Accra
10/10/2023,8000,Flats,2,2,156,Used,FALSE,Furnished,5.612781,-0.234345,Achimota,Greater Accra
19/09/2024,14000,Flats,1,1,222,New,FALSE,Furnished,5.6358281,-0.1613592,East Legon,Greater Accra
16/05/2025,54640,Duplex,4,4,867,New,FALSE,Furnished,5.6293106,-0.1643317,East Legon,Greater Accra
12/9/2025,17200,Townhouse,2,2,120,Used,FALSE,Furnished,5.6825806,-0.1916501,North Legon,Greater Accra
11/8/2025,23400,Flats,2,2,100,Used,FALSE,Furnished,5.6358281,-0.1613592,East Legon,Greater Accra
8/6/2025,25000,Detached,10,5,120,New,FALSE,Furnished,4.849041,-2.027319,Ahanta West,Western Region
30/01/2023,11000,Flats,1,1,875,New,FALSE,Furnished,5.5459415,-0.2103988,Accra Metropolitan,Greater Accra
17/11/2023,20000,Flats,2,2,100,Used,FALSE,Furnished,5.6141232,-0.1956471,Dzorwulu,Greater Accra
2/10/2025,17000,Flats,1,1,16,New,FALSE,Furnished,5.6439894,-0.1485298,East Legon,Greater Accra
10/1/2023,16000,Flats,2,2,100,Used,FALSE,Furnished,5.6358281,-0.1613592,East Legon,Greater Accra
4/1/2023,18200,Flats,1,1,200,New,FALSE,Furnished,5.6944159,-0.2021951,Agbogba,Greater Accra
20/11/2025,19000,Flats,3,4,900,Used,FALSE,Furnished,5.5459415,-0.2103988,Accra Metropolitan,Greater Accra
16/12/2025,3500,Detached,5,5,100,Used,FALSE,Furnished,5.6844172,-0.2537157,Ga West Municipal,Greater Accra
29/06/2025,42000,Flats,3,3,100,New,FALSE,Furnished,5.6061047,-0.1860362,Airport Residential Area,Greater Accra
21/11/2025,9000,Detached,4,5,100,New,FALSE,Furnished,5.6619606,-0.1290806,Adjiriganor,Greater Accra
21/09/2023,11250,Flats,2,2,110,New,FALSE,Furnished,5.5862504,-0.1394584,Teshie,Greater Accra
4/3/2025,28080,Detached,4,4,200,Used,FALSE,Furnished,5.6149107,-0.0484066,Tema Metropolitan,Greater Accra
15/02/2023,17000,Flats,3,3,600,Used,FALSE,Furnished,5.7141674,-0.15418,Adenta,Greater Accra
14/09/2024,35000,Detached,3,3,100,Used,FALSE,Furnished,5.6358281,-0.1613592,East Legon,Greater Accra
25/08/2025,10000,Flats,3,3,2500,Used,FALSE,Furnished,5.7556353,-0.1738945,Oyarifa,Greater Accra
22/10/2023,23511,Flats,1,1,100,New,FALSE,Furnished,5.5767652,-0.1784836,Cantonments,Greater Accra
3/8/2024,6000,Mansion,4,4,258,New,FALSE,Furnished,6.6932173,-1.627507,Kumasi Metropolitan,Ashanti
24/05/2024,35000,Mansion,4,5,111,New,FALSE,Furnished,5.6061047,-0.1860362,Airport Residential Area,Greater Accra
10/9/2023,13200,Townhouse,2,3,75,New,FALSE,Furnished,5.5459415,-0.2103988,Accra Metropolitan,Greater Accra
30/11/2023,2600,Flats,1,1,100,New,FALSE,Furnished,5.8142836,0.0746767,Nungua,Greater Accra
2/7/2023,2000,Flats,1,1,31,Used,FALSE,Furnished,5.6694251,-0.203367,Haatso,Greater Accra
18/11/2023,9000,Flats,1,1,200,New,FALSE,Furnished,5.6376136,-0.1266064,Spintex,Greater Accra
18/11/2023,34000,Flats,3,3,150,New,FALSE,Furnished,5.5767652,-0.1784836,Cantonments,Greater Accra
12/4/2025,24750,Flats,2,3,100,New,FALSE,Furnished,5.6376136,-0.1266064,Spintex,Greater Accra
5/5/2024,15000,Flats,3,4,500,Used,FALSE,Furnished,5.7141674,-0.15418,Adenta,Greater Accra
15/07/2023,17000,Flats,3,3,400,Used,FALSE,Furnished,6.6932173,-1.627507,Kumasi Metropolitan,Ashanti
27/04/2023,31920,Detached,4,5,100,Used,FALSE,Furnished,5.6495001,-0.2100343,West Legon,Greater Accra
5/9/2024,8600,Flats,2,3,500,New,FALSE,Furnished,5.6864594,-0.114666,Ashaley Botwe,Greater Accra
12/12/2025,55000,Detached,4,5,290,New,FALSE,Furnished,5.5767652,-0.1784836,Cantonments,Greater Accra
16/08/2025,10000,Flats,2,2,120,New,FALSE,Furnished,6.6932173,-1.627507,Kumasi Metropolitan,Ashanti
3/12/2024,600,Flats,1,1,800,New,FALSE,Furnished,6.6932173,-1.627507,Kumasi Metropolitan,Ashanti
10/1/2025,2000,Flats,2,3,100,New,FALSE,Furnished,5.5666403,-0.3334778,Weija,Greater Accra
24/02/2025,27000,Flats,2,2,1500,New,FALSE,Furnished,5.6731273,-0.1663851,Madina,Greater Accra
15/01/2023,18000,Flats,1,1,2000,Used,FALSE,Furnished,5.6061047,-0.1860362,Airport Residential Area,Greater Accra
7/11/2025,20000,Townhouse,2,2,80,Used,FALSE,Furnished,5.6358281,-0.1613592,East Legon,Greater Accra
8/7/2023,2500,Flats,2,2,200,Used,FALSE,Furnished,5.7141674,-0.15418,Adenta,Greater Accra
4/9/2025,21444,Flats,2,2,560,Used,FALSE,Furnished,5.7141674,-0.15418,Adenta,Greater Accra
16/04/2025,27000,Flats,2,2,10,New,FALSE,Furnished,5.6358281,-0.1613592,East Legon,Greater Accra
26/01/2024,700,Flats,1,1,20,New,FALSE,Furnished,6.6932173,-1.627507,Kumasi Metropolitan,Ashanti
9/6/2025,4000,Flats,1,1,2500,Used,FALSE,Furnished,5.6510376,-0.1354586,Adjiriganor,Greater Accra
10/1/2025,24750,Flats,3,4,126,New,FALSE,Furnished,5.6274508,-0.0872742,Spintex,Greater Accra
14/07/2025,16177,Flats,2,2,100,New,FALSE,Furnished,5.5459415,-0.2103988,Accra Metropolitan,Greater Accra
24/06/2023,25600,Flats,2,3,1888,New,FALSE,Furnished,5.6358281,-0.1613592,East Legon,Greater Accra
23/08/2024,11600,Flats,2,2,900,Used,FALSE,Furnished,5.5459415,-0.2103988,Accra Metropolitan,Greater Accra
25/05/2024,22600,Flats,2,2,1500,New,FALSE,Furnished,5.6439894,-0.1485298,East Legon,Greater Accra
5/6/2023,25500,Flats,3,4,747,Used,FALSE,Furnished,5.6358281,-0.1613592,East Legon,Greater Accra
6/4/2024,50000,Flats,4,4,1000,New,FALSE,Furnished,5.6358281,-0.1613592,East Legon,Greater Accra
19/08/2023,32702,Detached,3,4,120,New,FALSE,Furnished,5.6385083,-0.1250963,Spintex,Greater Accra
12/4/2023,18000,Flats,2,3,100,New,FALSE,Furnished,5.6061047,-0.1860362,Airport Residential Area,Greater Accra
29/04/2024,12000,Detached,4,4,800,Used,FALSE,Furnished,5.6376136,-0.1266064,Spintex,Greater Accra
17/09/2023,15000,Detached,3,3,1240,New,FALSE,Furnished,5.6802129,-0.1372479,Ashaley Botwe,Greater Accra
21/12/2023,10000,Flats,3,2,100,Used,FALSE,Furnished,5.6087022,-0.2164185,Abelemkpe,Greater Accra
9/2/2023,53100,Detached,4,4,210,New,FALSE,Furnished,5.6510376,-0.1354586,Adjiriganor,Greater Accra
14/01/2024,9700,Flats,1,1,50,Used,FALSE,Furnished,5.5554896,-0.1618811,South La,Greater Accra
21/01/2024,2500,Flats,2,2,800,New,FALSE,Furnished,5.6529542,-0.2170221,Dome,Greater Accra
6/3/2024,58500,Detached,5,5,145,Used,FALSE,Furnished,5.5459415,-0.2103988,Accra Metropolitan,Greater Accra
5/7/2025,16100,Detached,3,3,300,Used,FALSE,Furnished,5.7556353,-0.1738945,Oyarifa,Greater Accra
17/04/2023,21000,Flats,3,2,12,Used,FALSE,Furnished,5.6358281,-0.1613592,East Legon,Greater Accra
16/08/2023,3000,Flats,1,1,20,Used,FALSE,Furnished,5.6376136,-0.1266064,Spintex,Greater Accra
21/10/2023,40000,Flats,4,4,220,Used,FALSE,Furnished,5.6563118,-0.0093266,Tema Metropolitan,Greater Accra
1/4/2025,19200,Flats,3,3,100,Used,FALSE,Furnished,5.6495001,-0.2100343,West Legon,Greater Accra
31/08/2023,1900,Flats,2,2,200,New,FALSE,Furnished,5.5666403,-0.3334778,Weija,Greater Accra
26/11/2023,27000,Detached,3,3,100,Used,FALSE,Furnished,5.6358281,-0.1613592,East Legon,Greater Accra
14/09/2025,50400,Detached,3,4,100,New,FALSE,Furnished,5.64174,-0.1517108,East Legon,Greater Accra
8/4/2023,3500,Flats,2,2,50,Used,FALSE,Furnished,9.4109994,-0.7152749,Tamale Municipal,Northern Region
24/08/2024,1200,Detached,3,2,80,Used,FALSE,Furnished,6.5336974,-1.4048249,Atwima Nwabiagya,Ashanti
18/09/2025,1000,Flats,2,2,900,New,FALSE,Furnished,6.6932173,-1.627507,Kumasi Metropolitan,Ashanti
21/06/2024,14760,Flats,2,3,100,Used,FALSE,Furnished,5.5570305,-0.1762717,Osu,Greater Accra
29/04/2024,13900,Flats,2,2,150,New,FALSE,Furnished,5.5679,-0.1925238,Ridge,Greater Accra
10/4/2024,600,Flats,1,1,100,New,FALSE,Furnished,5.5344155,-0.4252737,Kasoa,Greater Accra
9/7/2023,1500,Flats,2,2,100,New,FALSE,Furnished,6.5336974,-1.4048249,Atwima Nwabiagya,Ashanti
30/09/2024,25600,Flats,2,2,2500,New,FALSE,Furnished,5.6510376,-0.1354586,Adjiriganor,Greater Accra
15/01/2025,56000,Townhouse,3,3,215,Used,FALSE,Furnished,5.6358281,-0.1613592,East Legon,Greater Accra
11/10/2023,25000,Flats,2,2,754,New,FALSE,Furnished,5.6358281,-0.1613592,East Legon,Greater Accra
20/01/2023,9000,Flats,1,1,100,Used,FALSE,Furnished,5.6358281,-0.1613592,East Legon,Greater Accra
25/09/2025,28000,Detached,3,4,100,Renovated,FALSE,Furnished,4.9015794,-1.7830973,Takoradi,Western Region
29/06/2023,33008,Flats,2,2,145,Used,FALSE,Furnished,5.6358281,-0.1613592,East Legon,Greater Accra
15/12/2023,28800,Detached,3,3,100,Used,FALSE,Furnished,5.6141232,-0.1956471,Dzorwulu,Greater Accra
24/11/2023,13000,Flats,2,2,1000,Used,FALSE,Furnished,5.6844172,-0.2537157,Ga West Municipal,Greater Accra
6/11/2025,12000,Flats,2,2,450,New,FALSE,Furnished,5.6358281,-0.1613592,East Legon,Greater Accra
16/08/2024,10000,Detached,6,6,14,New,FALSE,Furnished,6.6932173,-1.627507,Kumasi Metropolitan,Ashanti
2/8/2024,12400,Flats,1,1,100,New,FALSE,Furnished,5.6439894,-0.1485298,East Legon,Greater Accra
7/2/2025,18000,Flats,1,1,100,New,FALSE,Furnished,5.6825806,-0.1916501,North Legon,Greater Accra
1/10/2024,29700,Duplex,4,5,900,New,FALSE,Furnished,5.612781,-0.234345,Achimota,Greater Accra
20/05/2024,12000,Semi-Detached,1,1,900,New,FALSE,Furnished,5.5459415,-0.2103988,Accra Metropolitan,Greater Accra
14/08/2023,16000,Flats,2,2,800,Used,FALSE,Furnished,5.6358281,-0.1613592,East Legon,Greater Accra
15/11/2025,25000,Flats,2,3,200,New,FALSE,Furnished,5.6358281,-0.1613592,East Legon,Greater Accra
17/04/2024,3000,Flats,1,1,30,New,FALSE,Furnished,9.4109994,-0.7152749,Tamale Municipal,Northern Region
18/01/2023,29598,Flats,2,3,252,New,FALSE,Furnished,5.5459415,-0.2103988,Accra Metropolitan,Greater Accra
28/09/2023,37000,Detached,20,20,2500,New,FALSE,Furnished,5.6563118,-0.0093266,Tema Metropolitan,Greater Accra
30/08/2023,16500,Townhouse,2,3,900,New,FALSE,Furnished,5.5459415,-0.2103988,Accra Metropolitan,Greater Accra
6/7/2024,10928,Flats,2,2,577,Used,FALSE,Furnished,5.6312394,-0.1422768,Spintex,Greater Accra
22/05/2024,12980,Duplex,4,5,845,New,FALSE,Furnished,5.6439894,-0.1485298,East Legon,Greater Accra
6/7/2025,12000,Detached,4,5,600,New,FALSE,Furnished,5.7556353,-0.1738945,Oyarifa,Greater Accra
11/3/2025,9600,Flats,2,3,100,Used,FALSE,Furnished,5.5427477,-0.2565425,Dansoman,Greater Accra
20/08/2024,40000,Townhouse,2,2,90,New,FALSE,Furnished,5.6358281,-0.1613592,East Legon,Greater Accra
27/12/2025,19500,Duplex,4,4,99,New,FALSE,Furnished,5.6525027,-0.2506834,Taifa-Burkina,Greater Accra
6/7/2025,10325,Flats,1,2,291,New,FALSE,Furnished,5.5767652,-0.1784836,Cantonments,Greater Accra
30/05/2025,23000,Flats,2,3,40,New,FALSE,Furnished,5.6061047,-0.1860362,Airport Residential Area,Greater Accra
13/04/2023,15500,Townhouse,2,2,200,Used,FALSE,Furnished,5.6529542,-0.2170221,Dome,Greater Accra
23/07/2023,1500,Flats,2,3,200,New,FALSE,Furnished,5.5344155,-0.4252737,Kasoa,Greater Accra
26/11/2025,2500,Flats,1,1,11,Used,FALSE,Furnished,5.8142836,0.0746767,Ledzokuku-Krowor,Greater Accra
23/01/2025,22500,Townhouse,3,4,100,New,FALSE,Furnished,5.6825806,-0.1916501,North Legon,Greater Accra
7/6/2024,50806,Flats,2,3,150,New,FALSE,Furnished,5.5767652,-0.1784836,Cantonments,Greater Accra
17/04/2023,1000,Detached,3,1,258,New,FALSE,Furnished,6.6932173,-1.627507,Kumasi Metropolitan,Ashanti
28/09/2024,23500,Flats,3,4,180,New,FALSE,Furnished,5.5862504,-0.1394584,Teshie,Greater Accra
30/10/2025,12500,Flats,3,3,100,Used,FALSE,Furnished,5.7556353,-0.1738945,Oyarifa,Greater Accra
24/01/2023,8500,Flats,2,3,100,New,FALSE,Furnished,5.6376136,-0.1266064,Spintex,Greater Accra
29/05/2023,30500,Flats,3,3,200,Used,FALSE,Furnished,5.5767652,-0.1784836,Cantonments,Greater Accra
15/05/2024,19600,Flats,1,1,100,Used,FALSE,Furnished,5.5459415,-0.2103988,Accra Metropolitan,Greater Accra
8/6/2025,15500,Townhouse,2,2,500,New,FALSE,Furnished,5.6358281,-0.1613592,East Legon,Greater Accra
7/5/2025,31745,Detached,3,3,45,Used,FALSE,Furnished,5.6061047,-0.1860362,Airport Residential Area,Greater Accra
3/12/2025,30000,Townhouse,4,3,100,Used,FALSE,Furnished,5.6358281,-0.1613592,East Legon,Greater Accra
10/8/2024,3000,Flats,3,3,100,Used,FALSE,Furnished,5.7062137,-0.3019281,Ga West Municipal,Greater Accra
14/08/2024,18159,Flats,3,3,17,Used,FALSE,Furnished,5.5862504,-0.1394584,Teshie,Greater Accra
21/03/2023,11500,Flats,2,3,100,New,FALSE,Furnished,5.5831665,-0.1046082,Teshie,Greater Accra
14/07/2023,30000,Flats,3,3,1500,New,FALSE,Furnished,5.6141232,-0.1956471,Dzorwulu,Greater Accra
10/9/2023,29700,Flats,2,2,156,Renovated,FALSE,Furnished,5.6358281,-0.1613592,East Legon,Greater Accra
7/3/2024,16000,Flats,3,3,800,New,FALSE,Furnished,6.6932173,-1.627507,Kumasi Metropolitan,Ashanti
26/07/2025,7500,Flats,2,2,600,Used,FALSE,Furnished,5.5866078,-0.2772644,Awoshie,Greater Accra
10/2/2025,10000,Flats,2,2,200,New,FALSE,Furnished,5.5459415,-0.2103988,Accra Metropolitan,Greater Accra
29/08/2023,4000,Detached,3,3,70,Used,FALSE,Furnished,5.6563118,-0.0093266,Tema Metropolitan,Greater Accra
26/09/2024,2500,Flats,2,1,30,Used,FALSE,Furnished,5.6495001,-0.2100343,West Legon,Greater Accra
3/2/2025,850,Detached,3,1,108,Used,FALSE,Furnished,6.6932173,-1.627507,Kumasi Metropolitan,Ashanti
24/09/2025,37000,Detached,4,4,800,New,FALSE,Furnished,5.5862504,-0.1394584,Teshie,Greater Accra
12/5/2024,5120,Flats,1,1,1332,New,FALSE,Furnished,5.5459415,-0.2103988,Accra Metropolitan,Greater Accra
27/06/2023,6000,Detached,4,5,100,Renovated,FALSE,Furnished,9.4109994,-0.7152749,Tamale Municipal,Northern Region
24/12/2025,14000,Flats,1,1,800,Used,FALSE,Furnished,5.6376136,-0.1266064,Spintex,Greater Accra
24/05/2023,34000,Flats,2,2,205,Used,FALSE,Furnished,5.6061047,-0.1860362,Airport Residential Area,Greater Accra
11/12/2025,17000,Flats,2,2,14,Renovated,FALSE,Furnished,5.6802129,-0.1372479,Ashaley Botwe,Greater Accra
17/08/2023,13000,Flats,2,2,121,New,FALSE,Furnished,5.6376136,-0.1266064,Spintex,Greater Accra
18/10/2024,9600,Flats,2,1,100,New,FALSE,Furnished,5.7141674,-0.15418,Adenta,Greater Accra
21/02/2025,35625,Flats,2,2,100,New,FALSE,Furnished,5.6358281,-0.1613592,East Legon,Greater Accra
2/10/2024,2800,Flats,1,1,35,Used,FALSE,Furnished,5.7141674,-0.15418,Adenta,Greater Accra
31/12/2024,12000,Flats,1,1,400,Used,FALSE,Furnished,5.6731273,-0.1663851,Madina,Greater Accra
10/3/2025,650,Flats,2,2,900,New,FALSE,Furnished,6.5336974,-1.4048249,Atwima Nwabiagya,Ashanti
17/10/2024,48000,Townhouse,4,5,100,New,FALSE,Furnished,5.633333,-0.166667,East Legon,Greater Accra
5/3/2023,11000,Flats,1,1,199,New,FALSE,Furnished,5.6358281,-0.1613592,East Legon,Greater Accra
7/8/2024,14000,Flats,2,2,480,New,FALSE,Furnished,5.6149107,-0.0484066,Tema Metropolitan,Greater Accra
12/3/2025,16000,Flats,2,2,70,New,FALSE,Furnished,5.626295,-0.1339608,Spintex,Greater Accra
21/11/2023,42500,Detached,2,2,100,New,FALSE,Furnished,5.6358281,-0.1613592,East Legon,Greater Accra
18/06/2025,3400,Flats,1,2,111,Used,FALSE,Furnished,5.5572854,-0.1824488,Osu,Greater Accra
13/12/2024,23400,Detached,3,4,5000,Used,FALSE,Furnished,5.6024006,-0.1951648,Roman Ridge,Greater Accra
31/08/2023,30000,Flats,2,3,2000,Used,FALSE,Furnished,5.6061047,-0.1860362,Airport Residential Area,Greater Accra
24/09/2023,48000,Duplex,3,3,10,New,FALSE,Furnished,5.6510376,-0.1354586,Adjiriganor,Greater Accra
15/10/2023,26000,Detached,3,3,800,New,FALSE,Furnished,5.6358281,-0.1613592,East Legon,Greater Accra
2/6/2023,16000,Detached,6,5,863,New,FALSE,Furnished,5.700273,-0.302078,Pokuase,Greater Accra
27/03/2025,22678,Flats,3,4,145,Used,FALSE,Furnished,5.6358281,-0.1613592,East Legon,Greater Accra
14/08/2025,16500,Flats,1,1,100,New,FALSE,Furnished,5.6358281,-0.1613592,East Legon,Greater Accra
7/8/2023,950,Detached,4,4,257,New,FALSE,Furnished,5.5511744,-0.2526163,Ablekuma,Greater Accra
13/02/2024,31000,Flats,2,2,100,Used,FALSE,Furnished,5.6825806,-0.1916501,North Legon,Greater Accra
26/06/2025,35000,Townhouse,3,3,800,Used,FALSE,Furnished,5.6358281,-0.1613592,East Legon,Greater Accra
22/08/2024,13000,Flats,3,4,111,New,FALSE,Furnished,5.6061047,-0.1860362,Airport Residential Area,Greater Accra
15/09/2024,10100,Detached,3,3,900,Used,FALSE,Furnished,5.7556353,-0.1738945,Oyarifa,Greater Accra
3/6/2025,6500,Flats,1,1,600,Used,FALSE,Furnished,5.5609644,-0.1729837,Osu,Greater Accra
11/4/2023,33000,Flats,2,2,150,Used,FALSE,Furnished,5.6358281,-0.1613592,East Legon,Greater Accra
30/11/2025,13000,Flats,1,1,35,Renovated,FALSE,Furnished,5.6358281,-0.1613592,East Legon,Greater Accra
8/7/2023,27940,Detached,3,4,100,Used,FALSE,Furnished,5.6510376,-0.1354586,Adjiriganor,Greater Accra
8/1/2023,4000,Flats,1,1,150,Used,FALSE,Furnished,5.6495001,-0.2100343,West Legon,Greater Accra
15/05/2025,10000,Detached,6,6,100,Renovated,FALSE,Furnished,4.9015794,-1.7830973,Takoradi,Western Region
16/01/2024,8000,Flats,2,2,80,Used,FALSE,Furnished,5.6358281,-0.1613592,East Legon,Greater Accra
21/04/2025,17000,Flats,3,3,888,New,FALSE,Furnished,5.6731273,-0.1663851,Madina,Greater Accra
17/02/2025,54446,Detached,4,4,1000,New,FALSE,Furnished,5.6358281,-0.1613592,East Legon,Greater Accra
10/5/2023,13000,Duplex,4,4,235,New,FALSE,Furnished,5.7141674,-0.15418,Adenta,Greater Accra
29/07/2024,17671,Detached,2,2,140,Used,FALSE,Furnished,5.6376136,-0.1266064,Spintex,Greater Accra
8/2/2023,2850,Flats,1,1,25,New,FALSE,Furnished,5.6772176,-0.1251477,Ashaley Botwe,Greater Accra
23/01/2023,17050,Detached,2,2,100,New,FALSE,Furnished,5.7556353,-0.1738945,Oyarifa,Greater Accra
11/2/2025,8800,Detached,3,4,875,Used,FALSE,Furnished,5.5459415,-0.2103988,Accra Metropolitan,Greater Accra
14/04/2025,39752,Detached,5,5,2000,Used,FALSE,Furnished,5.6510376,-0.1354586,Adjiriganor,Greater Accra
16/03/2023,16010,Flats,1,1,12,Used,FALSE,Furnished,5.6061047,-0.1860362,Airport Residential Area,Greater Accra
14/09/2025,1200,Flats,2,2,900,New,FALSE,Furnished,6.6932173,-1.627507,Kumasi Metropolitan,Ashanti
7/1/2025,26150,Flats,2,2,260,Renovated,FALSE,Furnished,5.5679,-0.1925238,Ridge,Greater Accra
14/12/2023,25000,Flats,2,3,1200,New,FALSE,Furnished,6.6932173,-1.627507,Kumasi Metropolitan,Ashanti
2/12/2024,5000,Flats,2,2,50,New,FALSE,Furnished,9.4109994,-0.7152749,Tamale Municipal,Northern Region
25/10/2025,3500,Detached,3,4,333,Used,FALSE,Furnished,5.5344155,-0.4252737,Kasoa,Greater Accra
21/01/2025,4000,Flats,1,1,20,Used,FALSE,Furnished,5.6346309,-0.2214085,West Legon,Greater Accra
16/01/2024,38000,Townhouse,4,5,900,New,FALSE,Furnished,5.5459415,-0.2103988,Accra Metropolitan,Greater Accra
7/1/2023,26000,Flats,2,2,900,New,FALSE,Furnished,5.5570305,-0.1762717,Osu,Greater Accra
7/5/2025,4500,Flats,3,3,17,Used,FALSE,Furnished,5.5831665,-0.1046082,Teshie,Greater Accra
15/12/2025,24700,Flats,3,2,600,Used,FALSE,Furnished,5.6061047,-0.1860362,Airport Residential Area,Greater Accra
20/04/2025,6000,Duplex,3,2,100,Used,FALSE,Furnished,4.9015794,-1.7830973,Takoradi,Western Region
10/3/2024,16000,Flats,7,5,100,Used,FALSE,Furnished,6.6932173,-1.627507,Kumasi Metropolitan,Ashanti
29/04/2025,18000,Flats,1,1,124,New,FALSE,Furnished,5.6358281,-0.1613592,East Legon,Greater Accra
16/11/2025,48000,Detached,3,3,900,New,FALSE,Furnished,5.5767652,-0.1784836,Cantonments,Greater Accra
2/8/2023,10000,Flats,2,2,80,New,FALSE,Furnished,5.6944159,-0.2021951,Agbogba,Greater Accra
28/10/2025,7000,Flats,2,2,60,Used,FALSE,Furnished,5.612781,-0.234345,Achimota,Greater Accra
20/08/2025,50000,Detached,4,5,100,New,FALSE,Furnished,5.5646592,-0.1565747,Labadi,Greater Accra
17/04/2024,500,Flats,1,1,800,Used,FALSE,Furnished,6.6932173,-1.627507,Kumasi Metropolitan,Ashanti
7/5/2023,14916,Flats,1,2,200,New,FALSE,Furnished,5.6358281,-0.1613592,East Legon,Greater Accra
22/07/2023,9600,Flats,1,1,35,New,FALSE,Furnished,5.6358281,-0.1613592,East Legon,Greater Accra
17/02/2023,5500,Flats,1,1,112,Used,FALSE,Furnished,5.5570305,-0.1762717,Osu,Greater Accra
15/11/2023,7000,Flats,1,1,200,New,FALSE,Furnished,5.6358281,-0.1613592,East Legon,Greater Accra
17/02/2025,32000,Flats,2,2,100,New,FALSE,Furnished,5.6358281,-0.1613592,East Legon,Greater Accra
8/12/2024,26600,Flats,3,3,800,Used,FALSE,Furnished,5.5679,-0.1925238,Ridge,Greater Accra
30/09/2023,8400,Flats,1,1,100,New,FALSE,Furnished,5.6802129,-0.1372479,Ashaley Botwe,Greater Accra
29/01/2023,7000,Flats,1,1,140,New,FALSE,Furnished,5.6510376,-0.1354586,Adjiriganor,Greater Accra
8/7/2024,40000,Townhouse,3,4,14,New,FALSE,Furnished,5.6802129,-0.1372479,Ashaley Botwe,Greater Accra
21/07/2023,12000,Flats,3,3,524,New,FALSE,Furnished,5.612781,-0.234345,Achimota,Greater Accra
27/08/2024,26000,Flats,2,2,115,Used,FALSE,Furnished,5.8142836,0.0746767,Ridge,Greater Accra
13/03/2023,18936,Detached,3,4,150,Used,FALSE,Furnished,5.6358281,-0.1613592,East Legon,Greater Accra
1/9/2024,24800,Flats,3,3,100,Used,FALSE,Furnished,5.6061047,-0.1860362,Airport Residential Area,Greater Accra
16/08/2025,7000,Detached,5,6,250,New,FALSE,Furnished,6.365145,0.1120696,Asuogyaman,Eastern Region
15/03/2023,6500,Flats,1,1,156,Used,FALSE,Furnished,5.6358281,-0.1613592,East Legon,Greater Accra
31/01/2024,12800,Flats,1,1,60,Used,FALSE,Furnished,5.6358281,-0.1613592,East Legon,Greater Accra
20/05/2025,4000,Detached,3,4,2000,New,FALSE,Furnished,5.1816942,-2.027319,Tarkwa Nsuaem,Western Region
21/12/2023,30000,Flats,3,4,200,New,FALSE,Furnished,5.6358281,-0.1613592,East Legon,Greater Accra
2/2/2025,8000,Flats,1,1,110,Used,FALSE,Furnished,5.5570305,-0.1762717,Osu,Greater Accra
27/07/2023,30000,Townhouse,4,5,251,Used,FALSE,Furnished,5.5862504,-0.1394584,Teshie,Greater Accra
19/07/2025,15600,Flats,1,1,600,New,FALSE,Furnished,5.6397935,-0.17815,Okponglo,Greater Accra
19/02/2025,8000,Flats,1,1,900,Used,FALSE,Furnished,5.5570305,-0.1762717,Osu,Greater Accra
5/11/2024,13200,Flats,2,2,75,New,FALSE,Furnished,5.6024006,-0.1951648,Roman Ridge,Greater Accra
23/09/2024,44500,Detached,4,5,963,New,FALSE,Furnished,5.5767652,-0.1784836,Cantonments,Greater Accra
19/03/2025,8450,Flats,1,1,800,Used,FALSE,Furnished,5.6376136,-0.1266064,Spintex,Greater Accra
29/03/2025,15000,Townhouse,2,3,100,New,FALSE,Furnished,5.6358281,-0.1613592,East Legon,Greater Accra
29/10/2023,30000,Flats,2,3,5000,New,FALSE,Furnished,5.6376136,-0.1266064,Spintex,Greater Accra
29/09/2024,15478,Flats,2,3,145,Used,FALSE,Furnished,5.6358281,-0.1613592,East Legon,Greater Accra
3/8/2025,4500,Flats,1,1,350,Used,FALSE,Furnished,5.7252259,-0.1549277,Adenta,Greater Accra
7/7/2023,15000,Townhouse,2,3,50,New,FALSE,Furnished,5.6510376,-0.1354586,Adjiriganor,Greater Accra
25/02/2023,18000,Detached,3,3,900,New,FALSE,Furnished,5.612781,-0.234345,Achimota,Greater Accra
15/07/2023,50000,Flats,3,3,210,Used,FALSE,Furnished,5.6061047,-0.1860362,Airport Residential Area,Greater Accra
28/08/2024,26300,Flats,2,3,140,Used,FALSE,Furnished,5.6358281,-0.1613592,East Legon,Greater Accra
3/2/2023,22000,Flats,2,3,2000,New,FALSE,Furnished,5.6376136,-0.1266064,Spintex,Greater Accra
26/09/2025,46000,Detached,7,8,158,New,FALSE,Furnished,5.6495001,-0.2100343,West Legon,Greater Accra
26/06/2023,1200,Flats,3,2,900,New,FALSE,Furnished,6.5336974,-1.4048249,Atwima Nwabiagya,Ashanti
15/11/2025,600,Flats,1,1,500,Used,FALSE,Furnished,5.7252259,-0.1549277,Adenta,Greater Accra
4/8/2024,12416,Flats,1,1,14,New,FALSE,Furnished,5.6061047,-0.1860362,Airport Residential Area,Greater Accra
27/09/2025,12000,Detached,3,4,4999,New,FALSE,Furnished,5.6376136,-0.1266064,Spintex,Greater Accra
12/1/2023,35000,Flats,2,2,250,New,FALSE,Furnished,5.6510376,-0.1354586,Adjiriganor,Greater Accra
30/04/2025,27000,Flats,2,2,980,New,FALSE,Furnished,5.6376136,-0.1266064,Spintex,Greater Accra
24/09/2023,1200,Flats,2,1,20,Used,FALSE,Furnished,5.5511744,-0.2526163,Ablekuma,Greater Accra
26/12/2023,12000,Flats,2,3,120,New,FALSE,Furnished,6.6932173,-1.627507,Kumasi Metropolitan,Ashanti
1/11/2024,46000,Detached,4,5,1000,New,FALSE,Furnished,5.6358281,-0.1613592,East Legon,Greater Accra
2/10/2025,19478,Flats,2,3,145,New,FALSE,Furnished,5.5682665,-0.1717396,Labone,Greater Accra
14/06/2025,37000,Flats,4,4,200,New,FALSE,Furnished,5.5459415,-0.2103988,Accra Metropolitan,Greater Accra
25/07/2025,24800,Detached,3,3,289,New,FALSE,Furnished,5.612781,-0.234345,Achimota,Greater Accra
10/8/2024,4000,Flats,2,2,200,New,FALSE,Furnished,5.6376136,-0.1266064,Spintex,Greater Accra
10/4/2025,8000,Flats,2,2,1000,Used,FALSE,Furnished,5.6563118,-0.0093266,Tema Metropolitan,Greater Accra
18/05/2024,22200,Duplex,3,4,986,New,FALSE,Furnished,5.6358281,-0.1613592,East Legon,Greater Accra
14/03/2023,12000,Duplex,4,5,261,New,FALSE,Furnished,5.6358281,-0.1613592,East Legon,Greater Accra
14/10/2024,900,Flats,1,1,100,Used,FALSE,Furnished,5.5344155,-0.4252737,Kasoa,Greater Accra
19/03/2024,22500,Flats,1,1,100,Used,FALSE,Furnished,5.5682665,-0.1717396,Labone,Greater Accra
16/12/2024,18000,Flats,1,2,100,New,FALSE,Furnished,5.6802129,-0.1372479,Ashaley Botwe,Greater Accra
10/10/2025,12133,Flats,1,1,100,New,FALSE,Furnished,5.5459415,-0.2103988,Accra Metropolitan,Greater Accra
29/03/2023,10800,Flats,3,4,1332,Used,FALSE,Furnished,5.5459415,-0.2103988,Accra Metropolitan,Greater Accra
15/10/2025,48000,Detached,5,5,15,New,FALSE,Furnished,5.6358281,-0.1613592,East Legon,Greater Accra
24/12/2023,35900,Flats,3,3,522,New,FALSE,Furnished,5.6061047,-0.1860362,Airport Residential Area,Greater Accra
26/02/2025,45000,Mansion,4,4,5000,New,FALSE,Furnished,5.6358281,-0.1613592,East Legon,Greater Accra
6/3/2025,5000,Detached,6,6,300,Used,FALSE,Furnished,5.5666385,-0.3334578,Weija,Greater Accra
27/04/2024,20000,Flats,3,3,900,New,FALSE,Furnished,5.6061047,-0.1860362,Airport Residential Area,Greater Accra
24/02/2024,41800,Flats,2,2,1000,Used,FALSE,Furnished,5.6563118,-0.0093266,Tema Metropolitan,Greater Accra
11/6/2024,56000,Detached,3,3,100,Used,FALSE,Furnished,5.5767652,-0.1784836,Cantonments,Greater Accra
18/07/2024,17600,Flats,1,1,253,New,FALSE,Furnished,5.6265703,-0.1514965,Spintex,Greater Accra
27/11/2023,56700,Duplex,4,4,90,New,FALSE,Furnished,5.6358281,-0.1613592,East Legon,Greater Accra
22/11/2023,15048,Flats,3,4,140,Used,FALSE,Furnished,5.6358281,-0.1613592,East Legon,Greater Accra
6/9/2024,40000,Townhouse,3,3,5000,Used,FALSE,Furnished,5.631629,-0.1524314,East Legon,Greater Accra
24/04/2023,18000,Duplex,4,6,2000,Used,FALSE,Furnished,5.6376136,-0.1266064,Spintex,Greater Accra
28/01/2025,4000,Flats,1,1,75,Used,FALSE,Furnished,5.6358281,-0.1613592,East Legon,Greater Accra
28/03/2025,500,Flats,1,1,20,New,FALSE,Furnished,5.7062137,-0.3019281,Ga West Municipal,Greater Accra
1/8/2025,15000,Townhouse,2,4,90,Used,FALSE,Furnished,5.6825806,-0.1916501,North Legon,Greater Accra
16/06/2023,49527,Townhouse,3,4,150,Used,FALSE,Furnished,5.5682665,-0.1717396,Labone,Greater Accra
14/10/2025,28000,Detached,4,5,80,New,FALSE,Furnished,6.6932173,-1.627507,Kumasi Metropolitan,Ashanti
10/9/2025,25300,Detached,2,2,300,New,FALSE,Furnished,5.7556353,-0.1738945,Oyarifa,Greater Accra
28/03/2025,7200,Flats,3,4,133,New,FALSE,Furnished,5.5459415,-0.2103988,Accra Metropolitan,Greater Accra
9/10/2023,6000,Flats,2,2,605,New,FALSE,Furnished,5.5459415,-0.2103988,Accra Metropolitan,Greater Accra
4/12/2025,12000,Flats,1,1,100,Used,FALSE,Furnished,5.5767652,-0.1784836,Cantonments,Greater Accra
3/12/2025,16817,Detached,3,3,100,New,FALSE,Furnished,5.6376136,-0.1266064,Spintex,Greater Accra
11/12/2023,20000,Flats,2,2,80,Used,FALSE,Furnished,5.5767652,-0.1784836,Cantonments,Greater Accra
19/03/2025,14500,Detached,3,4,80,Used,FALSE,Furnished,5.6358281,-0.1613592,East Legon,Greater Accra
7/4/2025,20000,Flats,3,4,500,Used,FALSE,Furnished,5.6619606,-0.1290806,Adjiriganor,Greater Accra
16/12/2024,45000,Flats,3,3,253,Used,FALSE,Furnished,5.64174,-0.1517108,East Legon,Greater Accra
23/07/2025,5500,Flats,1,2,100,New,FALSE,Furnished,5.6376136,-0.1266064,Spintex,Greater Accra
25/04/2023,21781,Flats,2,2,145,Used,FALSE,Furnished,5.5459415,-0.2103988,Accra Metropolitan,Greater Accra
5/12/2023,13000,Detached,3,3,500,Used,FALSE,Furnished,5.8142836,0.0746767,Abokobi,Greater Accra
2/9/2025,8000,Flats,2,2,14,New,FALSE,Furnished,6.6932173,-1.627507,Kumasi Metropolitan,Ashanti
16/07/2023,22575,Flats,1,1,800,New,FALSE,Furnished,5.5767652,-0.1784836,Cantonments,Greater Accra
8/4/2023,36250,Detached,4,5,100,Used,FALSE,Furnished,5.6358281,-0.1613592,East Legon,Greater Accra
22/01/2023,47950,Flats,3,2,195,New,FALSE,Furnished,5.5767652,-0.1784836,Cantonments,Greater Accra
23/10/2024,30420,Townhouse,3,3,90,Used,FALSE,Furnished,5.6141232,-0.1956471,Dzorwulu,Greater Accra
29/03/2024,15240,Flats,2,2,900,Used,FALSE,Furnished,5.5459415,-0.2103988,Accra Metropolitan,Greater Accra
22/12/2025,23000,Flats,1,1,222,New,FALSE,Furnished,5.6358281,-0.1613592,East Legon,Greater Accra
3/2/2023,9000,Flats,2,3,100,New,FALSE,Furnished,5.6376136,-0.1266064,Spintex,Greater Accra
6/5/2023,3500,Detached,4,5,1000,Used,FALSE,Furnished,6.6932173,-1.627507,Kumasi Metropolitan,Ashanti
19/03/2024,27000,Flats,2,3,10,New,FALSE,Furnished,5.6510376,-0.1354586,Adjiriganor,Greater Accra
8/4/2024,6000,Flats,1,1,111,New,FALSE,Furnished,5.5831665,-0.1046082,Teshie,Greater Accra
26/01/2023,9500,Flats,1,1,90,New,FALSE,Furnished,5.6057034,-0.2353967,Tesano,Greater Accra
11/12/2023,41300,Flats,3,3,195,New,FALSE,Furnished,5.6358281,-0.1613592,East Legon,Greater Accra
5/4/2024,8000,Flats,2,2,100,New,FALSE,Furnished,5.5427477,-0.2565425,Dansoman,Greater Accra
12/6/2023,14400,Flats,3,3,100,New,FALSE,Furnished,5.5862973,-0.2419606,Kaneshie,Greater Accra
4/5/2023,34150,Flats,3,3,678,Used,FALSE,Furnished,5.5646592,-0.1565747,Labadi,Greater Accra
24/02/2024,29200,Flats,2,3,979,New,FALSE,Furnished,5.6358281,-0.1613592,East Legon,Greater Accra
7/3/2023,10000,Duplex,4,5,120,New,FALSE,Furnished,5.5459415,-0.2103988,Accra Metropolitan,Greater Accra
25/04/2024,4500,Flats,1,1,100,Used,FALSE,Furnished,5.6944159,-0.2021951,Agbogba,Greater Accra
1/6/2024,18000,Flats,2,2,14,New,FALSE,Furnished,6.6932173,-1.627507,Kumasi Metropolitan,Ashanti
5/3/2025,10000,Flats,2,3,800,Used,FALSE,Furnished,5.6495001,-0.2100343,West Legon,Greater Accra
7/8/2025,42000,Townhouse,4,5,80,Used,FALSE,Furnished,5.5679,-0.1925238,Ridge,Greater Accra
11/11/2025,16250,Detached,8,5,100,Used,FALSE,Furnished,5.612781,-0.234345,Achimota,Greater Accra
4/2/2024,28050,Flats,2,2,1080,Used,FALSE,Furnished,5.6057034,-0.2353967,Tesano,Greater Accra
20/10/2023,40000,Duplex,4,5,900,New,FALSE,Furnished,5.5459415,-0.2103988,Accra Metropolitan,Greater Accra
15/02/2025,30000,Townhouse,3,3,1472,New,FALSE,Furnished,5.6376136,-0.1266064,Spintex,Greater Accra
4/10/2023,12000,Flats,1,1,100,New,FALSE,Furnished,5.6358281,-0.1613592,East Legon,Greater Accra
3/7/2024,56000,Detached,5,4,550,Used,FALSE,Furnished,5.6495001,-0.2100343,West Legon,Greater Accra
2/8/2025,14400,Flats,1,1,700,New,FALSE,Furnished,5.6439894,-0.1485298,East Legon,Greater Accra
23/07/2023,47250,Detached,2,2,150,New,FALSE,Furnished,5.8142836,0.0746767,Ridge,Greater Accra
27/06/2025,10000,Flats,1,1,700,Used,FALSE,Furnished,5.6358281,-0.1613592,East Legon,Greater Accra
10/8/2023,26400,Flats,1,1,100,New,FALSE,Furnished,5.6358281,-0.1613592,East Legon,Greater Accra
8/5/2024,1000,Flats,2,1,900,New,FALSE,Furnished,6.5336974,-1.4048249,Atwima Nwabiagya,Ashanti
23/10/2023,36000,Duplex,4,3,80,Used,FALSE,Furnished,5.6510376,-0.1354586,Adjiriganor,Greater Accra
10/7/2024,1500,Flats,2,2,200,New,FALSE,Furnished,5.5344155,-0.4252737,Kasoa,Greater Accra
15/05/2023,50000,Flats,1,1,212,New,FALSE,Furnished,5.6358281,-0.1613592,East Legon,Greater Accra
27/02/2024,4000,Flats,2,2,100,New,FALSE,Furnished,5.6563118,-0.0093266,Tema Metropolitan,Greater Accra
5/1/2024,15000,Flats,2,2,111,Used,FALSE,Furnished,5.5831665,-0.1046082,Teshie,Greater Accra
24/07/2023,32000,Flats,1,1,70,New,FALSE,Furnished,5.5459415,-0.2103988,Accra Metropolitan,Greater Accra
1/11/2024,18000,Flats,2,2,100,Used,FALSE,Furnished,5.6057034,-0.2353967,Tesano,Greater Accra
24/11/2025,18600,Flats,3,3,85,Used,FALSE,Furnished,5.6563118,-0.0093266,Tema Metropolitan,Greater Accra
7/6/2023,59200,Flats,2,2,100,New,FALSE,Furnished,5.5794797,-0.1706227,Cantonments,Greater Accra
5/3/2024,15000,Flats,1,1,1000,New,FALSE,Furnished,5.6358281,-0.1613592,East Legon,Greater Accra
23/09/2025,13600,Flats,2,2,100,Used,FALSE,Furnished,5.6358281,-0.1613592,East Legon,Greater Accra
25/12/2023,39200,Mansion,5,5,1200,Used,FALSE,Furnished,5.6358281,-0.1613592,East Legon,Greater Accra
28/11/2023,42000,Flats,2,2,800,New,FALSE,Furnished,5.5767652,-0.1784836,Cantonments,Greater Accra
2/10/2023,1200,Flats,2,2,10,New,FALSE,Furnished,5.7062137,-0.3019281,Ga West Municipal,Greater Accra
23/08/2023,1700,Flats,2,2,100,New,FALSE,Furnished,5.6563118,-0.0093266,Tema Metropolitan,Greater Accra
11/12/2024,32000,Flats,1,1,900,New,FALSE,Furnished,5.6376136,-0.1266064,Spintex,Greater Accra
6/1/2023,15000,Flats,2,2,100,Used,FALSE,Furnished,5.6510376,-0.1354586,Adjiriganor,Greater Accra
27/08/2023,17000,Flats,2,2,23,Used,FALSE,Furnished,5.7556353,-0.1738945,Oyarifa,Greater Accra
16/08/2023,550,Flats,1,1,100,Used,FALSE,Furnished,5.5344155,-0.4252737,Kasoa,Greater Accra
16/04/2024,4500,Flats,2,3,100,New,FALSE,Furnished,5.7880688,-0.129937,Adenta,Greater Accra
7/6/2025,20110,Flats,2,3,100,New,FALSE,Furnished,5.6619606,-0.1290806,Adjiriganor,Greater Accra
25/03/2024,2000,Detached,4,3,950,Used,FALSE,Furnished,6.6932173,-1.627507,Kumasi Metropolitan,Ashanti
5/5/2023,48000,Flats,4,4,100,Used,FALSE,Furnished,5.6358281,-0.1613592,East Legon,Greater Accra
8/11/2024,17000,Flats,2,3,110,Used,FALSE,Furnished,5.5687113,-0.1685011,Labone,Greater Accra
13/05/2023,1800,Flats,3,3,10,New,FALSE,Furnished,5.7062137,-0.3019281,Ga West Municipal,Greater Accra
13/12/2025,7500,Flats,1,1,480,Used,FALSE,Furnished,5.6358281,-0.1613592,East Legon,Greater Accra
28/09/2025,20000,Flats,2,2,100,New,FALSE,Furnished,5.6358281,-0.1613592,East Legon,Greater Accra
12/4/2025,7000,Duplex,4,4,300,New,FALSE,Furnished,5.6358281,-0.1613592,East Legon,Greater Accra
19/06/2024,7000,Flats,2,2,200,New,FALSE,Furnished,5.7141674,-0.15418,Adenta,Greater Accra
18/11/2025,3500,Flats,3,3,100,Used,FALSE,Furnished,9.4109994,-0.7152749,Tamale Municipal,Northern Region
9/6/2023,12000,Detached,5,5,200,Renovated,FALSE,Furnished,5.6887241,-0.2270226,Ashomang Estate,Greater Accra
31/12/2023,500,Flats,1,1,100,New,FALSE,Furnished,5.5344155,-0.4252737,Kasoa,Greater Accra
23/04/2023,30000,Flats,2,2,360,New,FALSE,Furnished,5.6634097,-0.2653998,Ofankor,Greater Accra
8/5/2025,11800,Flats,2,2,601,New,FALSE,Furnished,5.6061047,-0.1860362,Airport Residential Area,Greater Accra
10/10/2024,16000,Flats,2,2,50,Renovated,FALSE,Furnished,5.64174,-0.1517108,East Legon,Greater Accra
27/02/2023,3000,Detached,3,4,300,Used,FALSE,Furnished,5.5344155,-0.4252737,Kasoa,Greater Accra
25/04/2024,24866,Flats,2,2,145,Used,FALSE,Furnished,5.5767652,-0.1784836,Cantonments,Greater Accra
27/12/2024,25600,Flats,2,2,100,New,FALSE,Furnished,5.64174,-0.1517108,East Legon,Greater Accra
5/11/2023,9439,Flats,2,3,145,Used,FALSE,Furnished,5.6358281,-0.1613592,East Legon,Greater Accra
21/11/2024,24000,Duplex,2,3,1980,New,FALSE,Furnished,5.7141674,-0.15418,Adenta,Greater Accra
16/06/2023,11963,Flats,1,1,150,Renovated,FALSE,Furnished,5.6358281,-0.1613592,East Legon,Greater Accra
4/4/2024,7000,Flats,2,2,100,New,FALSE,Furnished,6.1313988,-0.3183792,New-Juaben Municipal,Eastern Region
1/8/2024,6000,Flats,3,3,50,Used,FALSE,Furnished,5.666671,-0.4313729,Ga South Municipal,Greater Accra
2/7/2025,23000,Flats,3,4,150,New,FALSE,Furnished,5.6825806,-0.1916501,North Legon,Greater Accra
1/4/2025,34800,Detached,4,5,100,New,FALSE,Furnished,5.5626718,-0.172695,Labone,Greater Accra
13/03/2024,4000,Flats,2,1,100,Used,FALSE,Furnished,9.4109994,-0.7152749,Tamale Municipal,Northern Region
29/03/2025,37405,Townhouse,4,4,140,New,FALSE,Furnished,5.6358281,-0.1613592,East Legon,Greater Accra
11/7/2023,9000,Flats,1,2,100,New,FALSE,Furnished,5.6510376,-0.1354586,Adjiriganor,Greater Accra
15/11/2023,1500,Flats,2,2,100,New,FALSE,Furnished,9.4109994,-0.7152749,Tamale Municipal,Northern Region
20/01/2023,30000,Flats,2,3,900,New,FALSE,Furnished,5.5459415,-0.2103988,Accra Metropolitan,Greater Accra
3/8/2025,50000,Duplex,5,5,874,New,FALSE,Furnished,5.5459415,-0.2103988,Accra Metropolitan,Greater Accra
31/05/2023,36000,Flats,3,3,195,New,FALSE,Furnished,5.6358281,-0.1613592,East Legon,Greater Accra
17/01/2025,40000,Flats,2,3,16,Used,FALSE,Furnished,5.6358281,-0.1613592,East Legon,Greater Accra
12/1/2025,16500,Detached,3,4,100,Used,FALSE,Furnished,5.7556353,-0.1738945,Oyarifa,Greater Accra
31/12/2023,16500,Flats,1,1,254,New,FALSE,Furnished,5.5570305,-0.1762717,Osu,Greater Accra
12/9/2023,20000,Duplex,2,2,2000,New,FALSE,Furnished,5.7556353,-0.1738945,Oyarifa,Greater Accra
1/5/2024,36600,Flats,2,3,200,New,FALSE,Furnished,5.6061047,-0.1860362,Airport Residential Area,Greater Accra
23/03/2025,20490,Flats,2,2,897,New,FALSE,Furnished,5.5733139,-0.1778093,Cantonments,Greater Accra
5/7/2024,12000,Detached,3,2,100,Used,FALSE,Furnished,5.5459415,-0.2103988,Accra Metropolitan,Greater Accra
12/1/2023,55772,Detached,4,4,900,New,FALSE,Furnished,5.6358281,-0.1613592,East Legon,Greater Accra
10/8/2023,500,Flats,1,1,900,New,FALSE,Furnished,6.5336974,-1.4048249,Atwima Nwabiagya,Ashanti
27/01/2024,9000,Flats,2,2,100,New,FALSE,Furnished,5.6358281,-0.1613592,East Legon,Greater Accra
8/11/2024,12750,Flats,1,1,100,Used,FALSE,Furnished,5.5862504,-0.1394584,Teshie,Greater Accra
31/03/2025,15000,Semi-Detached,3,3,120,New,FALSE,Furnished,6.6932173,-1.627507,Kumasi Metropolitan,Ashanti
22/08/2023,13200,Flats,1,1,50,Used,FALSE,Furnished,5.5862504,-0.1394584,Teshie,Greater Accra
1/12/2024,14000,Flats,1,1,900,Used,FALSE,Furnished,5.6495001,-0.2100343,West Legon,Greater Accra
11/4/2024,11952,Flats,2,2,12,Used,FALSE,Furnished,5.6358281,-0.1613592,East Legon,Greater Accra
27/10/2024,34500,Flats,1,2,400,New,FALSE,Furnished,5.5767652,-0.1784836,Cantonments,Greater Accra
28/09/2023,23400,Flats,2,2,5000,New,FALSE,Furnished,5.6376136,-0.1266064,Spintex,Greater Accra
15/06/2024,13000,Flats,1,1,450,Used,FALSE,Furnished,5.5767652,-0.1784836,Cantonments,Greater Accra
31/07/2025,10000,Flats,2,2,16,Used,FALSE,Furnished,5.5773983,-0.3136781,Gbawe,Greater Accra
29/02/2024,27900,Detached,4,5,100,Used,FALSE,Furnished,5.6562651,-0.2338473,Dome,Greater Accra
18/06/2024,10500,Flats,1,1,400,Used,FALSE,Furnished,5.6731273,-0.1663851,Madina,Greater Accra
20/03/2023,17000,Detached,3,5,3334,New,FALSE,Furnished,5.631629,-0.1524314,East Legon,Greater Accra
10/7/2025,14600,Flats,2,3,10,Used,FALSE,Furnished,5.5459415,-0.2103988,Accra Metropolitan,Greater Accra
27/07/2023,5000,Flats,1,1,100,Used,FALSE,Furnished,5.6376136,-0.1266064,Spintex,Greater Accra
17/10/2025,11000,Townhouse,3,3,299,Used,FALSE,Furnished,5.6358281,-0.1613592,East Legon,Greater Accra
4/6/2024,600,Flats,1,1,800,New,FALSE,Furnished,6.5336974,-1.4048249,Atwima Nwabiagya,Ashanti
6/7/2025,13500,Flats,1,1,200,Used,FALSE,Furnished,5.7141674,-0.15418,Adenta,Greater Accra
21/02/2025,17660,Flats,2,3,130,New,FALSE,Furnished,5.6619606,-0.1290806,Adjiriganor,Greater Accra
17/08/2025,13100,Flats,1,1,90,Used,FALSE,Furnished,5.5682665,-0.1717396,Labone,Greater Accra
5/11/2023,21600,Detached,3,3,600,New,FALSE,Furnished,5.7556353,-0.1738945,Oyarifa,Greater Accra
24/04/2024,20000,Semi-Detached,1,2,600,New,FALSE,Furnished,5.5570305,-0.1762717,Osu,Greater Accra
17/07/2024,13000,Flats,2,1,100,Used,FALSE,Furnished,5.6087022,-0.2164185,Abelemkpe,Greater Accra
31/07/2023,18000,Duplex,4,6,753,Used,FALSE,Furnished,5.5459415,-0.2103988,Accra Metropolitan,Greater Accra
11/11/2023,15000,Flats,1,1,50,New,FALSE,Furnished,5.6358281,-0.1613592,East Legon,Greater Accra
2/12/2024,14000,Flats,3,3,100,Renovated,FALSE,Furnished,4.9015794,-1.7830973,Takoradi,Western Region
20/08/2024,1000,Flats,2,2,800,New,FALSE,Furnished,6.5336974,-1.4048249,Atwima Nwabiagya,Ashanti
17/04/2025,18000,Flats,2,3,10,Used,FALSE,Furnished,5.6358281,-0.1613592,East Legon,Greater Accra
2/5/2023,15000,Duplex,3,3,2000,New,FALSE,Furnished,5.6694251,-0.203367,Haatso,Greater Accra
21/08/2025,3000,Flats,1,1,500,New,FALSE,Furnished,5.7252259,-0.1549277,Adenta,Greater Accra
25/08/2024,1500,Flats,2,2,200,Used,FALSE,Furnished,5.5475455,-0.3808738,Kasoa,Greater Accra
17/02/2025,31200,Detached,3,4,100,New,FALSE,Furnished,5.5862504,-0.1394584,Teshie,Greater Accra
4/1/2025,8500,Flats,2,3,25,New,FALSE,Furnished,5.7141674,-0.15418,Adenta,Greater Accra
10/3/2024,35000,Flats,2,2,900,New,FALSE,Furnished,5.5459415,-0.2103988,Accra Metropolitan,Greater Accra
15/10/2023,25500,Flats,3,2,350,Renovated,FALSE,Furnished,5.5767652,-0.1784836,Cantonments,Greater Accra
23/11/2025,40000,Detached,4,5,900,Used,FALSE,Furnished,5.5459415,-0.2103988,Accra Metropolitan,Greater Accra
29/02/2024,18000,Flats,1,1,100,New,FALSE,Furnished,5.6825806,-0.1916501,North Legon,Greater Accra
8/7/2023,13200,Flats,1,1,61,Used,FALSE,Furnished,5.6141232,-0.1956471,Dzorwulu,Greater Accra
24/08/2025,20000,Flats,2,2,100,Used,FALSE,Furnished,5.6358281,-0.1613592,East Legon,Greater Accra
12/3/2025,6000,Flats,2,3,100,New,FALSE,Furnished,5.8142836,0.0746767,Sowutwuom,Greater Accra
8/11/2023,34000,Flats,3,3,160,Used,FALSE,Furnished,5.6024006,-0.1951648,Roman Ridge,Greater Accra
25/02/2023,1500,Flats,2,2,200,New,FALSE,Furnished,5.5344155,-0.4252737,Kasoa,Greater Accra
9/5/2024,36000,Flats,5,4,100,New,FALSE,Furnished,5.6358281,-0.1613592,East Legon,Greater Accra
2/1/2023,7000,Flats,2,2,240,New,FALSE,Furnished,6.6932173,-1.627507,Kumasi Metropolitan,Ashanti
22/10/2024,1200,Flats,2,2,180,New,FALSE,Furnished,6.6932173,-1.627507,Kumasi Metropolitan,Ashanti
16/04/2025,34250,Townhouse,4,4,250,Used,FALSE,Furnished,5.5862504,-0.1394584,Teshie,Greater Accra
18/09/2024,32000,Mansion,8,8,2000,Used,FALSE,Furnished,5.6825806,-0.1916501,North Legon,Greater Accra
3/7/2025,6000,Flats,2,3,100,New,FALSE,Furnished,9.4109994,-0.7152749,Tamale Municipal,Northern Region
14/11/2024,28500,Flats,2,3,120,New,FALSE,Furnished,5.6510376,-0.1354586,Adjiriganor,Greater Accra
19/08/2023,13000,Detached,3,4,70,Used,FALSE,Furnished,5.612781,-0.234345,Achimota,Greater Accra
19/04/2024,11250,Flats,3,3,100,Used,FALSE,Furnished,5.6802129,-0.1372479,Ashaley Botwe,Greater Accra
22/06/2025,700,Flats,1,1,100,New,FALSE,Furnished,5.5344155,-0.4252737,Kasoa,Greater Accra
16/01/2024,15240,Flats,2,2,900,Used,FALSE,Furnished,5.5459415,-0.2103988,Accra Metropolitan,Greater Accra
6/10/2024,12000,Detached,3,4,18,Used,FALSE,Furnished,5.6358281,-0.1613592,East Legon,Greater Accra
12/1/2025,5000,Detached,4,3,100,New,FALSE,Furnished,6.6932173,-1.627507,Kumasi Metropolitan,Ashanti
23/02/2023,38400,Flats,2,2,80,Used,FALSE,Furnished,5.5767652,-0.1784836,Cantonments,Greater Accra
22/08/2024,36000,Flats,3,2,100,New,FALSE,Furnished,5.6061047,-0.1860362,Airport Residential Area,Greater Accra
5/5/2024,30000,Townhouse,3,3,500,Used,FALSE,Furnished,5.6087022,-0.2164185,Abelemkpe,Greater Accra
14/11/2024,2800,Flats,1,1,60,Used,FALSE,Furnished,5.6376136,-0.1266064,Spintex,Greater Accra
13/06/2025,44139,Duplex,4,5,145,Used,FALSE,Furnished,5.5767652,-0.1784836,Cantonments,Greater Accra
13/02/2023,20000,Flats,1,1,800,New,FALSE,Furnished,5.5570305,-0.1762717,Osu,Greater Accra
29/10/2023,58000,Detached,5,6,372,New,FALSE,Furnished,5.6510376,-0.1354586,Adjiriganor,Greater Accra
3/6/2023,14500,Flats,2,3,100,New,FALSE,Furnished,5.5767652,-0.1784836,Cantonments,Greater Accra
25/03/2024,10000,Detached,3,3,400,Used,FALSE,Furnished,5.6510376,-0.1354586,Adjiriganor,Greater Accra
13/10/2024,40000,Flats,2,3,2222,New,FALSE,Furnished,5.5767652,-0.1784836,Cantonments,Greater Accra
16/12/2023,42000,Detached,4,4,14,New,FALSE,Furnished,6.6932173,-1.627507,Kumasi Metropolitan,Ashanti
17/05/2024,26400,Flats,2,2,100,New,FALSE,Furnished,5.6358281,-0.1613592,East Legon,Greater Accra
3/12/2024,13300,Detached,4,5,100,New,FALSE,Furnished,5.6376136,-0.1266064,Spintex,Greater Accra
18/03/2024,22500,Flats,2,2,894,Used,FALSE,Furnished,5.6772176,-0.1251477,Ashaley Botwe,Greater Accra
14/09/2025,18000,Flats,2,3,200,New,FALSE,Furnished,5.6510376,-0.1354586,Adjiriganor,Greater Accra
26/08/2024,5000,Detached,5,6,70,New,FALSE,Furnished,6.6932173,-1.627507,Kumasi Metropolitan,Ashanti
25/10/2025,1100,Flats,2,2,800,New,FALSE,Furnished,6.6932173,-1.627507,Kumasi Metropolitan,Ashanti
27/12/2023,56700,Detached,4,4,250,New,FALSE,Furnished,5.5862504,-0.1394584,Teshie,Greater Accra
1/8/2024,2000,Detached,4,4,300,New,FALSE,Furnished,5.5344155,-0.4252737,Kasoa,Greater Accra
23/06/2025,22000,Flats,2,2,100,New,FALSE,Furnished,5.6061047,-0.1860362,Airport Residential Area,Greater Accra
8/10/2024,2000,Flats,3,2,120,Used,FALSE,Furnished,6.6932173,-1.627507,Kumasi Metropolitan,Ashanti
1/6/2025,13000,Detached,4,4,800,New,FALSE,Furnished,5.6802129,-0.1372479,Ashaley Botwe,Greater Accra
27/05/2025,24593,Detached,4,4,100,Used,FALSE,Furnished,5.6358281,-0.1613592,East Legon,Greater Accra
6/5/2025,56000,Townhouse,4,4,120,Used,FALSE,Furnished,5.8142836,0.0746767,Ridge,Greater Accra
28/12/2023,7000,Flats,1,1,90,Used,FALSE,Furnished,5.6562651,-0.2338473,Dome,Greater Accra
22/02/2025,5000,Flats,2,3,50,Used,FALSE,Furnished,9.4109994,-0.7152749,Tamale Municipal,Northern Region
4/11/2023,30000,Flats,6,8,16,Used,FALSE,Furnished,5.6061047,-0.1860362,Airport Residential Area,Greater Accra
22/04/2023,800,Detached,3,1,580,New,FALSE,Furnished,6.6932173,-1.627507,Kumasi Metropolitan,Ashanti
3/6/2025,12000,Flats,2,3,612,New,FALSE,Furnished,5.612781,-0.234345,Achimota,Greater Accra
20/05/2023,19500,Flats,2,2,150,Used,FALSE,Furnished,5.7556353,-0.1738945,Oyarifa,Greater Accra
12/1/2025,3000,Flats,1,1,50,Used,FALSE,Furnished,5.5427477,-0.2565425,Dansoman,Greater Accra
27/07/2025,16000,Flats,2,2,852,New,FALSE,Furnished,5.6376136,-0.1266064,Spintex,Greater Accra
18/11/2025,8000,Flats,1,1,10,Used,FALSE,Furnished,5.6802129,-0.1372479,Ashaley Botwe,Greater Accra
23/04/2025,7000,Flats,1,1,13,New,FALSE,Furnished,5.5570305,-0.1762717,Osu,Greater Accra
19/05/2024,1700,Flats,1,1,100,New,FALSE,Furnished,5.6563118,-0.0093266,Tema Metropolitan,Greater Accra
13/10/2023,19500,Flats,2,2,1800,New,FALSE,Furnished,5.6358281,-0.1613592,East Legon,Greater Accra
18/02/2025,8000,Detached,4,5,300,New,FALSE,Furnished,5.5513273,-0.3298248,Weija,Greater Accra
7/6/2024,15000,Detached,3,3,456,New,FALSE,Furnished,5.5459415,-0.2103988,Accra Metropolitan,Greater Accra
11/2/2024,7000,Flats,3,2,120,New,FALSE,Furnished,5.6563118,-0.0093266,Tema Metropolitan,Greater Accra
7/9/2023,600,Flats,1,2,20,New,FALSE,Furnished,5.5511744,-0.2526163,Ablekuma,Greater Accra
8/8/2024,6000,Flats,2,2,100,New,FALSE,Furnished,5.7880688,-0.129937,Adenta,Greater Accra
7/1/2024,24000,Flats,1,1,203,New,FALSE,Furnished,5.6847539,-0.0379152,Ashaiman Municipal,Greater Accra
12/8/2025,40000,Flats,1,1,457,New,FALSE,Furnished,5.6358281,-0.1613592,East Legon,Greater Accra
2/1/2025,12000,Detached,3,4,100,New,FALSE,Furnished,5.6731273,-0.1663851,Madina,Greater Accra
16/12/2024,8000,Flats,1,1,400,Used,FALSE,Furnished,5.6358281,-0.1613592,East Legon,Greater Accra
16/05/2025,10000,Detached,3,3,300,Used,FALSE,Furnished,5.6887241,-0.2270226,Ashomang Estate,Greater Accra
6/7/2024,27000,Flats,2,2,100,Used,FALSE,Furnished,5.5767652,-0.1784836,Cantonments,Greater Accra
2/5/2025,30000,Flats,2,2,121,New,FALSE,Furnished,5.6061047,-0.1860362,Airport Residential Area,Greater Accra
11/4/2024,600,Flats,1,1,100,New,FALSE,Furnished,5.5344155,-0.4252737,Kasoa,Greater Accra
3/5/2023,1400,Flats,1,1,1400,Used,FALSE,Furnished,5.5511744,-0.2526163,Ablekuma,Greater Accra
4/3/2025,24000,Flats,2,2,100,Used,FALSE,Furnished,5.6358281,-0.1613592,East Legon,Greater Accra
7/3/2025,32400,Flats,4,5,100,New,FALSE,Furnished,5.6358281,-0.1613592,East Legon,Greater Accra
2/8/2025,20000,Mansion,5,4,90,New,FALSE,Furnished,6.6932173,-1.627507,Kumasi Metropolitan,Ashanti
4/12/2024,14400,Flats,1,1,2500,Used,FALSE,Furnished,5.6358281,-0.1613592,East Legon,Greater Accra
30/09/2023,800,Flats,1,2,500,New,FALSE,Furnished,6.5336974,-1.4048249,Atwima Nwabiagya,Ashanti
11/3/2024,23000,Flats,1,1,90,New,FALSE,Furnished,5.5570305,-0.1762717,Osu,Greater Accra
23/06/2024,15000,Flats,2,2,140,Used,FALSE,Furnished,5.6619606,-0.1290806,Adjiriganor,Greater Accra
26/01/2024,4000,Flats,3,3,100,New,FALSE,Furnished,5.5773983,-0.3136781,Gbawe,Greater Accra
22/09/2024,4500,Flats,1,1,90,Used,FALSE,Furnished,5.6825806,-0.1916501,North Legon,Greater Accra
18/03/2025,8420,Flats,1,1,12,Used,FALSE,Furnished,5.5646592,-0.1565747,Labadi,Greater Accra
8/6/2025,19000,Flats,1,1,100,Used,FALSE,Furnished,5.5767652,-0.1784836,Cantonments,Greater Accra
17/05/2025,2000,Semi-Detached,1,1,111,Used,FALSE,Furnished,5.576422,-0.1609445,Labadi,Greater Accra
6/8/2025,30975,Flats,1,1,800,New,FALSE,Furnished,5.5767652,-0.1784836,Cantonments,Greater Accra
30/11/2023,36000,Flats,4,4,15,New,FALSE,Furnished,6.6932173,-1.627507,Kumasi Metropolitan,Ashanti
7/6/2023,12000,Flats,1,1,500,Used,FALSE,Furnished,5.5459415,-0.2103988,Accra Metropolitan,Greater Accra
15/02/2023,34200,Townhouse,4,5,200,New,FALSE,Furnished,5.6061047,-0.1860362,Airport Residential Area,Greater Accra
31/10/2024,1500,Flats,2,1,600,New,FALSE,Furnished,6.5336974,-1.4048249,Atwima Nwabiagya,Ashanti
27/12/2024,26500,Detached,4,4,120,Used,FALSE,Furnished,5.6061047,-0.1860362,Airport Residential Area,Greater Accra
7/2/2025,14000,Detached,4,5,800,New,FALSE,Furnished,5.6563118,-0.0093266,Tema Metropolitan,Greater Accra
5/11/2024,43000,Townhouse,3,3,120,Used,FALSE,Furnished,5.6358281,-0.1613592,East Legon,Greater Accra
19/07/2023,55000,Townhouse,3,4,80,Used,FALSE,Furnished,5.5767652,-0.1784836,Cantonments,Greater Accra
3/1/2023,23000,Flats,2,2,500,Used,FALSE,Furnished,5.5862504,-0.1394584,Teshie,Greater Accra
18/08/2025,4500,Flats,1,1,350,Used,FALSE,Furnished,5.7252259,-0.1549277,Adenta,Greater Accra
20/02/2023,4800,Flats,1,1,200,Used,FALSE,Furnished,5.7993966,-0.1222349,Oyibi,Greater Accra
15/09/2023,1200,Flats,3,2,800,Used,FALSE,Furnished,6.6932173,-1.627507,Kumasi Metropolitan,Ashanti
2/5/2025,56967,Townhouse,4,5,150,Used,FALSE,Furnished,5.5767652,-0.1784836,Cantonments,Greater Accra
14/01/2024,24000,Flats,3,2,100,Used,FALSE,Furnished,5.6358281,-0.1613592,East Legon,Greater Accra
9/4/2025,15000,Flats,3,3,900,Used,FALSE,Furnished,5.5862973,-0.2419606,Kaneshie,Greater Accra
2/11/2023,6895,Flats,1,1,87,New,FALSE,Furnished,5.6376136,-0.1266064,Spintex,Greater Accra
11/11/2023,16000,Flats,1,1,132,Used,FALSE,Furnished,5.5609644,-0.1729837,Osu,Greater Accra
14/04/2024,16000,Flats,1,1,100,New,FALSE,Furnished,5.5862504,-0.1394584,Teshie,Greater Accra
14/09/2025,19500,Flats,2,2,800,Used,FALSE,Furnished,5.5687113,-0.1685011,Labone,Greater Accra
13/09/2024,27200,Flats,1,1,100,New,FALSE,Furnished,5.5862504,-0.1394584,Teshie,Greater Accra
5/4/2025,750,Flats,2,1,900,Used,FALSE,Furnished,6.6932173,-1.627507,Kumasi Metropolitan,Ashanti
21/04/2025,11940,Detached,3,3,1110,Used,FALSE,Furnished,5.6376136,-0.1266064,Spintex,Greater Accra
15/06/2024,13500,Detached,3,4,100,Used,FALSE,Furnished,5.612781,-0.234345,Achimota,Greater Accra
31/08/2025,29700,Flats,4,4,800,New,FALSE,Furnished,5.5862504,-0.1394584,Teshie,Greater Accra
23/03/2025,5600,Flats,1,1,32,New,FALSE,Furnished,5.6802129,-0.1372479,Ashaley Botwe,Greater Accra
25/07/2025,27940,Flats,2,3,145,Used,FALSE,Furnished,5.6358281,-0.1613592,East Legon,Greater Accra
17/06/2024,14960,Flats,3,4,1335,Used,FALSE,Furnished,5.5459415,-0.2103988,Accra Metropolitan,Greater Accra
17/02/2024,18404,Detached,3,3,150,Used,FALSE,Furnished,5.6358281,-0.1613592,East Legon,Greater Accra
17/06/2024,30000,Duplex,5,5,35,New,FALSE,Furnished,5.6358281,-0.1613592,East Legon,Greater Accra
22/01/2024,12000,Flats,2,2,900,Used,FALSE,Furnished,5.612781,-0.234345,Achimota,Greater Accra
10/1/2024,52000,Detached,7,7,200,Used,FALSE,Furnished,5.5459415,-0.2103988,Accra Metropolitan,Greater Accra
26/02/2025,15000,Flats,2,3,111,Used,FALSE,Furnished,5.6061047,-0.1860362,Airport Residential Area,Greater Accra
21/02/2025,600,Flats,1,1,100,New,FALSE,Furnished,5.5344155,-0.4252737,Kasoa,Greater Accra
30/12/2023,19500,Flats,1,2,15,Used,FALSE,Furnished,5.7141674,-0.15418,Adenta,Greater Accra
29/03/2024,18000,Flats,2,3,900,Used,FALSE,Furnished,5.5459415,-0.2103988,Accra Metropolitan,Greater Accra
4/4/2025,24157,Flats,2,2,100,Used,FALSE,Furnished,5.6358281,-0.1613592,East Legon,Greater Accra
2/7/2023,7000,Flats,1,1,14,New,FALSE,Furnished,5.5646592,-0.1565747,Labadi,Greater Accra
27/05/2024,19200,Flats,2,2,900,New,FALSE,Furnished,5.6376136,-0.1266064,Spintex,Greater Accra
11/3/2024,22000,Detached,5,5,1300,New,FALSE,Furnished,5.6563118,-0.0093266,Tema Metropolitan,Greater Accra
7/11/2025,42000,Detached,3,3,100,New,FALSE,Furnished,5.6061047,-0.1860362,Airport Residential Area,Greater Accra
6/12/2024,21000,Detached,3,3,800,New,FALSE,Furnished,5.6376136,-0.1266064,Spintex,Greater Accra
1/2/2024,15000,Flats,2,2,600,Used,FALSE,Furnished,5.5554896,-0.1618811,South La,Greater Accra
16/09/2025,16000,Flats,3,3,80,Used,FALSE,Furnished,5.6358281,-0.1613592,East Legon,Greater Accra
1/10/2024,500,Flats,2,1,500,New,FALSE,Furnished,6.5336974,-1.4048249,Atwima Nwabiagya,Ashanti
25/06/2025,12000,Flats,2,3,120,New,FALSE,Furnished,5.6944159,-0.2021951,Agbogba,Greater Accra
8/5/2023,15000,Flats,2,2,700,New,FALSE,Furnished,6.6932173,-1.627507,Kumasi Metropolitan,Ashanti
18/11/2024,500,Flats,2,1,900,New,FALSE,Furnished,6.5336974,-1.4048249,Atwima Nwabiagya,Ashanti
8/6/2025,23400,Flats,2,2,4000,Used,FALSE,Furnished,5.5679,-0.1925238,Ridge,Greater Accra
10/5/2023,23900,Detached,3,4,300,New,FALSE,Furnished,5.6061047,-0.1860362,Airport Residential Area,Greater Accra
18/02/2025,48000,Duplex,4,5,100,New,FALSE,Furnished,5.6510376,-0.1354586,Adjiriganor,Greater Accra
4/12/2025,500,Flats,2,1,600,New,FALSE,Furnished,6.5336974,-1.4048249,Atwima Nwabiagya,Ashanti
23/08/2025,15000,Detached,3,3,900,New,FALSE,Furnished,5.6061047,-0.1860362,Airport Residential Area,Greater Accra
4/3/2023,1800,Duplex,3,3,300,Used,FALSE,Furnished,5.5344155,-0.4252737,Kasoa,Greater Accra
2/12/2024,49527,Detached,5,6,140,Used,FALSE,Furnished,5.6358281,-0.1613592,East Legon,Greater Accra
20/09/2024,18000,Townhouse,3,3,200,New,FALSE,Furnished,5.7556353,-0.1738945,Oyarifa,Greater Accra
12/7/2025,20704,Detached,2,3,140,Used,FALSE,Furnished,5.6358281,-0.1613592,East Legon,Greater Accra
10/8/2023,2200,Flats,3,4,80,New,FALSE,Furnished,5.6563118,-0.0093266,Tema Metropolitan,Greater Accra
1/1/2025,28750,Detached,4,4,500,Used,FALSE,Furnished,5.6358281,-0.1613592,East Legon,Greater Accra
9/12/2025,600,Detached,1,1,285,Renovated,FALSE,Furnished,6.6932173,-1.627507,Kumasi Metropolitan,Ashanti
30/10/2025,23200,Detached,3,3,600,Used,FALSE,Furnished,5.6694251,-0.203367,Haatso,Greater Accra
29/06/2025,1500,Flats,2,2,200,New,FALSE,Furnished,5.5344155,-0.4252737,Kasoa,Greater Accra
21/12/2023,8300,Flats,1,2,2000,New,FALSE,Furnished,5.7556353,-0.1738945,Oyarifa,Greater Accra
18/05/2024,37500,Townhouse,3,3,800,New,FALSE,Furnished,5.582622,-0.1944042,Nima,Greater Accra
20/08/2024,25000,Duplex,4,5,100,Used,FALSE,Furnished,5.6358281,-0.1613592,East Legon,Greater Accra
1/10/2023,28800,Flats,1,1,100,Used,FALSE,Furnished,5.5459415,-0.2103988,Accra Metropolitan,Greater Accra
6/12/2023,25000,Flats,2,2,15,New,FALSE,Furnished,5.6510376,-0.1354586,Adjiriganor,Greater Accra
6/11/2024,13000,Flats,2,2,80,Used,FALSE,Furnished,5.6510376,-0.1354586,Adjiriganor,Greater Accra
27/01/2023,16000,Flats,2,2,14,New,FALSE,Furnished,6.6932173,-1.627507,Kumasi Metropolitan,Ashanti
20/07/2023,25000,Flats,2,3,900,Used,FALSE,Furnished,5.5459415,-0.2103988,Accra Metropolitan,Greater Accra
20/12/2025,1600,Flats,2,2,120,New,FALSE,Furnished,6.6932173,-1.627507,Kumasi Metropolitan,Ashanti
12/11/2023,37182,Flats,3,3,180,Used,FALSE,Furnished,5.5767652,-0.1784836,Cantonments,Greater Accra
13/06/2023,800,Flats,1,1,900,New,FALSE,Furnished,6.5336974,-1.4048249,Atwima Nwabiagya,Ashanti
5/12/2024,1500,Detached,5,3,80,Used,FALSE,Furnished,6.5336974,-1.4048249,Atwima Nwabiagya,Ashanti
11/1/2023,12000,Flats,2,3,1332,Used,FALSE,Furnished,5.5459415,-0.2103988,Accra Metropolitan,Greater Accra
2/12/2025,42000,Flats,3,2,222,New,FALSE,Furnished,5.6358281,-0.1613592,East Legon,Greater Accra
4/3/2024,37500,Flats,3,3,253,New,FALSE,Furnished,5.6376136,-0.1266064,Spintex,Greater Accra
22/01/2023,7475,Flats,1,1,60,Used,FALSE,Furnished,5.5570305,-0.1762717,Osu,Greater Accra
17/09/2023,15000,Flats,5,6,2222,Used,FALSE,Furnished,5.8142836,0.0746767,Abokobi,Greater Accra
15/09/2023,15000,Flats,2,2,800,Used,FALSE,Furnished,5.6141232,-0.1956471,Dworwulu,Greater Accra
13/01/2025,27000,Detached,4,5,10,Used,FALSE,Furnished,5.6376136,-0.1266064,Spintex,Greater Accra
12/9/2024,4000,Flats,1,1,2500,Used,FALSE,Furnished,5.6510376,-0.1354586,Adjiriganor,Greater Accra
1/1/2024,14875,Flats,2,2,200,New,FALSE,Furnished,5.5459415,-0.2103988,Accra Metropolitan,Greater Accra
14/05/2025,2800,Flats,2,3,128,Used,FALSE,Furnished,6.6932173,-1.627507,Kumasi Metropolitan,Ashanti
30/05/2023,2000,Flats,3,2,300,New,FALSE,Furnished,5.5773983,-0.3136781,Gbawe,Greater Accra
9/5/2023,15000,Detached,2,3,100,Used,FALSE,Furnished,5.6358281,-0.1613592,East Legon,Greater Accra
28/05/2025,35000,Detached,4,4,440,Used,FALSE,Furnished,5.6358281,-0.1613592,East Legon,Greater Accra
8/12/2024,22712,Detached,4,5,190,Used,FALSE,Furnished,5.6376136,-0.1266064,Spintex,Greater Accra
3/2/2025,15000,Flats,2,2,100,New,FALSE,Furnished,5.6558867,-0.1214533,Adjiriganor,Greater Accra
30/08/2024,500,Duplex,2,3,200,New,FALSE,Furnished,5.5464341,-0.3102637,Weija,Greater Accra
4/10/2024,46200,Flats,2,2,180,Used,FALSE,Furnished,5.5767652,-0.1784836,Cantonments,Greater Accra
8/5/2023,24000,Flats,2,2,12,New,FALSE,Furnished,5.6358281,-0.1613592,East Legon,Greater Accra
25/04/2023,6000,Flats,2,2,500,Used,FALSE,Furnished,5.5570305,-0.1762717,Osu,Greater Accra
13/03/2025,7000,Semi-Detached,10,5,100,New,FALSE,Furnished,4.9015794,-1.7830973,Takoradi,Western Region
1/6/2025,16000,Flats,2,3,764,Used,FALSE,Furnished,5.5459415,-0.2103988,Accra Metropolitan,Greater Accra
20/12/2023,1600,Detached,5,3,250,Used,FALSE,Furnished,6.5336974,-1.4048249,Bosomtwe,Ashanti
26/02/2025,20000,Duplex,3,3,15,Used,FALSE,Furnished,5.6293106,-0.1643317,East Legon,Greater Accra
20/12/2024,23397,Detached,7,5,150,Used,FALSE,Furnished,5.6358281,-0.1613592,East Legon,Greater Accra
29/05/2025,13000,Flats,2,3,14,New,FALSE,Furnished,6.6932173,-1.627507,Kumasi Metropolitan,Ashanti
24/06/2023,2500,Flats,2,2,120,Used,FALSE,Furnished,5.6887241,-0.2270226,Ashomang Estate,Greater Accra
2/6/2024,25000,Townhouse,4,4,450,Used,FALSE,Furnished,5.6087022,-0.2164185,Abelemkpe,Greater Accra
11/11/2023,8000,Flats,1,1,900,New,FALSE,Furnished,5.6495001,-0.2100343,West Legon,Greater Accra
21/04/2024,11500,Flats,3,4,700,New,FALSE,Furnished,5.7556353,-0.1738945,Oyarifa,Greater Accra
26/04/2025,24000,Mansion,6,6,128,Used,FALSE,Furnished,6.6932173,-1.627507,Kumasi Metropolitan,Ashanti
28/11/2024,3000,Flats,2,2,80,Renovated,FALSE,Furnished,5.6847539,-0.0379152,Ashaiman Municipal,Greater Accra
9/4/2023,9000,Flats,2,2,111,New,FALSE,Furnished,5.6061047,-0.1860362,Airport Residential Area,Greater Accra
13/04/2025,10200,Flats,2,2,1335,Used,FALSE,Furnished,5.5459415,-0.2103988,Accra Metropolitan,Greater Accra
29/12/2025,6000,Flats,3,2,700,Used,FALSE,Furnished,5.660529,-0.1658758,Madina,Greater Accra
7/10/2024,16500,Detached,3,4,863,New,FALSE,Furnished,5.5459415,-0.2103988,Accra Metropolitan,Greater Accra
6/5/2023,15682,Flats,2,3,145,New,FALSE,Furnished,5.5767652,-0.1784836,Cantonments,Greater Accra
19/12/2024,8500,Flats,1,1,600,Used,FALSE,Furnished,5.612781,-0.234345,Achimota,Greater Accra
11/12/2024,21000,Flats,1,1,963,New,FALSE,Furnished,5.6358281,-0.1613592,East Legon,Greater Accra
22/04/2025,10294,Flats,1,1,111,Used,FALSE,Furnished,5.6376136,-0.1266064,Spintex,Greater Accra
22/04/2024,13000,Flats,2,2,16,Used,FALSE,Furnished,5.612781,-0.234345,Achimota,Greater Accra
5/7/2024,8000,Flats,2,3,15,Used,FALSE,Furnished,5.8142836,0.0746767,Ledzokuku-Krowor,Greater Accra
28/01/2023,3500,Flats,1,1,15,Used,FALSE,Furnished,5.5862504,-0.1394584,Teshie,Greater Accra
30/03/2024,600,Flats,1,2,250,New,FALSE,Furnished,5.7141674,-0.15418,Adenta,Greater Accra
31/05/2023,12000,Mansion,4,5,90,Used,FALSE,Furnished,6.6932173,-1.627507,Kumasi Metropolitan,Ashanti
5/12/2023,39000,Townhouse,4,5,100,Used,FALSE,Furnished,5.5767652,-0.1784836,Cantonments,Greater Accra
14/07/2024,19500,Flats,2,2,900,Used,FALSE,Furnished,5.6376136,-0.1266064,Spintex,Greater Accra
24/02/2025,18000,Detached,4,4,200,New,FALSE,Furnished,5.7141674,-0.15418,Adenta,Greater Accra
23/11/2023,2000,Flats,1,1,100,New,FALSE,Furnished,5.5344155,-0.4252737,Kasoa,Greater Accra
29/05/2025,20000,Flats,3,3,500,New,FALSE,Furnished,5.5459415,-0.2103988,Accra Metropolitan,Greater Accra
4/12/2024,9000,Detached,4,4,84,New,FALSE,Furnished,5.6844172,-0.2537157,Ga West Municipal,Greater Accra
20/12/2024,20000,Detached,4,3,100,Used,FALSE,Furnished,5.6376136,-0.1266064,Spintex,Greater Accra
13/06/2024,4000,Flats,1,1,100,New,FALSE,Furnished,5.7993966,-0.1222349,Oyibi,Greater Accra
25/05/2023,6000,Flats,1,1,400,New,FALSE,Furnished,5.5572854,-0.1824488,Osu,Greater Accra
27/09/2024,20000,Mansion,4,5,100,New,FALSE,Furnished,6.6932173,-1.627507,Kumasi Metropolitan,Ashanti
2/4/2025,55000,Duplex,5,9,80,Used,FALSE,Furnished,5.6510376,-0.1354586,Adjiriganor,Greater Accra
30/03/2023,10000,Flats,2,2,80,New,FALSE,Furnished,5.6358281,-0.1613592,East Legon,Greater Accra
26/06/2025,3000,Flats,2,2,100,New,FALSE,Furnished,9.4109994,-0.7152749,Tamale Municipal,Northern Region
24/06/2025,27500,Detached,3,5,3500,Used,FALSE,Furnished,5.6376136,-0.1266064,Spintex,Greater Accra
20/10/2025,23575,Duplex,4,5,150,New,FALSE,Furnished,5.5459415,-0.2103988,Accra Metropolitan,Greater Accra
19/06/2023,32000,Flats,4,4,250,Used,FALSE,Furnished,5.6024006,-0.1951648,Roman Ridge,Greater Accra
14/06/2024,1500,Flats,3,1,500,New,FALSE,Furnished,6.5336974,-1.4048249,Atwima Nwabiagya,Ashanti
8/5/2024,450,Flats,1,1,100,Used,FALSE,Furnished,5.5344155,-0.4252737,Kasoa,Greater Accra
19/03/2025,5000,Flats,2,2,120,New,FALSE,Furnished,5.6563118,-0.0093266,Tema Metropolitan,Greater Accra
7/3/2023,1000,Detached,1,1,986,Used,FALSE,Furnished,5.6376136,-0.1266064,Spintex,Greater Accra
21/10/2024,16003,Flats,2,2,45,Used,FALSE,Furnished,5.6057034,-0.2353967,Tesano,Greater Accra
26/01/2023,11994,Flats,2,2,200,Used,FALSE,Furnished,5.6376136,-0.1266064,Spintex,Greater Accra
8/7/2025,23000,Detached,3,4,5000,New,FALSE,Furnished,5.6376136,-0.1266064,Spintex,Greater Accra
9/5/2024,29000,Flats,3,3,151,Used,FALSE,Furnished,5.6358281,-0.1613592,East Legon,Greater Accra
27/02/2023,28000,Detached,4,5,120,Used,FALSE,Furnished,5.5682665,-0.1717396,Labone,Greater Accra
19/01/2023,13000,Flats,2,2,18,New,FALSE,Furnished,5.6802129,-0.1372479,Ashaley Botwe,Greater Accra
23/01/2024,8000,Flats,3,3,15,New,FALSE,Furnished,6.6932173,-1.627507,Kumasi Metropolitan,Ashanti
9/9/2024,17908,Detached,3,3,100,New,FALSE,Furnished,5.7556353,-0.1738945,Oyarifa,Greater Accra
30/07/2024,20000,Duplex,6,8,875,Used,FALSE,Furnished,5.5459415,-0.2103988,Accra Metropolitan,Greater Accra
11/1/2024,1200,Flats,2,2,764,New,FALSE,Furnished,5.5459415,-0.2103988,Accra Metropolitan,Greater Accra
11/7/2025,6000,Flats,2,2,900,New,FALSE,Furnished,6.6932173,-1.627507,Kumasi Metropolitan,Ashanti
19/07/2023,1000,Flats,2,2,900,New,FALSE,Furnished,6.5336974,-1.4048249,Atwima Nwabiagya,Ashanti
6/1/2025,6000,Flats,1,1,57,Used,FALSE,Furnished,5.7141674,-0.15418,Adenta,Greater Accra
4/1/2024,1500,Detached,3,3,285,New,FALSE,Furnished,6.6932173,-1.627507,Kumasi Metropolitan,Ashanti
30/06/2025,15960,Detached,3,4,100,Used,FALSE,Furnished,5.6358281,-0.1613592,East Legon,Greater Accra
16/12/2024,19000,Flats,2,2,800,New,FALSE,Furnished,5.6358281,-0.1613592,East Legon,Greater Accra
2/10/2023,9000,Flats,1,1,100,Used,FALSE,Furnished,5.6358281,-0.1613592,East Legon,Greater Accra
3/5/2025,16800,Flats,2,3,1000,Used,FALSE,Furnished,5.6563118,-0.0093266,Tema Metropolitan,Greater Accra
16/08/2025,26400,Flats,1,1,100,New,FALSE,Furnished,5.6439894,-0.1485298,East Legon,Greater Accra
20/04/2025,13000,Flats,1,1,900,New,FALSE,Furnished,5.5459415,-0.2103988,Accra Metropolitan,Greater Accra
19/01/2025,18450,Duplex,4,4,450,Used,FALSE,Furnished,5.6358281,-0.1613592,East Legon,Greater Accra
29/01/2024,11300,Flats,2,3,539,New,FALSE,Furnished,5.6095075,-0.2507539,Lapaz,Greater Accra
2/3/2025,7650,Flats,2,2,100,New,FALSE,Furnished,5.6061047,-0.1860362,Airport Residential Area,Greater Accra
6/12/2023,22400,Flats,2,3,852,New,FALSE,Furnished,5.6061047,-0.1860362,Airport Residential Area,Greater Accra
14/01/2023,52500,Flats,3,4,100,New,FALSE,Furnished,5.6061047,-0.1860362,Airport Residential Area,Greater Accra
5/12/2023,16000,Detached,4,4,900,Used,FALSE,Furnished,5.6358281,-0.1613592,East Legon,Greater Accra
29/01/2024,9606,Townhouse,2,2,50,New,FALSE,Furnished,5.6358281,-0.1613592,East Legon,Greater Accra
9/4/2024,8000,Flats,2,2,900,Used,FALSE,Furnished,5.8142836,0.0746767,Abokobi,Greater Accra
25/07/2024,30367,Flats,1,1,140,New,FALSE,Furnished,5.5767652,-0.1784836,Cantonments,Greater Accra
25/02/2024,13000,Flats,2,2,100,Used,FALSE,Furnished,5.6358281,-0.1613592,East Legon,Greater Accra
2/11/2024,3500,Semi-Detached,1,1,111,Used,FALSE,Furnished,5.5570305,-0.1762717,Osu,Greater Accra
6/5/2025,7110,Flats,1,1,82,New,FALSE,Furnished,5.6376136,-0.1266064,Spintex,Greater Accra
15/06/2023,15517,Duplex,4,5,150,New,FALSE,Furnished,5.6358281,-0.1613592,East Legon,Greater Accra
14/05/2024,8000,Flats,3,2,16,Used,FALSE,Furnished,5.6634097,-0.2653998,Ofankor,Greater Accra
19/01/2024,6500,Flats,1,1,22,Used,FALSE,Furnished,5.6358281,-0.1613592,East Legon,Greater Accra
16/01/2024,45600,Detached,5,6,100,New,FALSE,Furnished,5.6510376,-0.1354586,Adjiriganor,Greater Accra
4/3/2023,15000,Detached,4,5,2222,Used,FALSE,Furnished,5.6944159,-0.2021951,Agbogba,Greater Accra
22/05/2024,50000,Detached,4,4,350,New,FALSE,Furnished,5.6358281,-0.1613592,East Legon,Greater Accra
4/1/2024,45000,Duplex,4,4,100,New,FALSE,Furnished,5.6358281,-0.1613592,East Legon,Greater Accra
2/11/2024,20000,Detached,5,5,250,New,FALSE,Furnished,5.6563118,-0.0093266,Tema Metropolitan,Greater Accra
4/11/2025,28000,Duplex,4,4,900,New,FALSE,Furnished,5.6495001,-0.2100343,West Legon,Greater Accra
23/04/2023,24000,Flats,2,2,97,New,FALSE,Furnished,5.5958462,-0.1518394,Burma Camp,Greater Accra
6/11/2025,10620,Detached,3,3,160,Used,FALSE,Furnished,5.6376136,-0.1266064,Spintex,Greater Accra
28/07/2023,32000,Mansion,5,5,100,Used,FALSE,Furnished,6.6932173,-1.627507,Kumasi Metropolitan,Ashanti
29/03/2024,14000,Flats,3,3,500,Used,FALSE,Furnished,5.6358281,-0.1613592,East Legon,Greater Accra
9/8/2023,34000,Flats,2,2,1000,Used,FALSE,Furnished,5.5679,-0.1925238,Ridge,Greater Accra
8/5/2025,700,Flats,1,1,986,Used,FALSE,Furnished,5.6376136,-0.1266064,Spintex,Greater Accra
26/05/2024,600,Flats,1,1,100,New,FALSE,Furnished,5.5344155,-0.4252737,Kasoa,Greater Accra
17/09/2023,9600,Flats,2,2,371,New,FALSE,Furnished,5.6802129,-0.1372479,Ashaley Botwe,Greater Accra
28/05/2023,49000,Detached,4,4,800,Used,FALSE,Furnished,5.6358281,-0.1613592,East Legon,Greater Accra
9/5/2025,24000,Flats,3,4,250,Used,FALSE,Furnished,5.6358281,-0.1613592,East Legon,Greater Accra
16/07/2023,30000,Flats,3,4,100,Used,FALSE,Furnished,5.64174,-0.1517108,East Legon,Greater Accra
19/10/2024,39500,Townhouse,4,5,489,New,FALSE,Furnished,5.5862504,-0.1394584,Teshie,Greater Accra
26/03/2023,24400,Flats,1,2,100,New,FALSE,Furnished,5.6061047,-0.1860362,Airport Residential Area,Greater Accra
26/01/2023,10000,Flats,3,3,120,Used,FALSE,Furnished,5.7556353,-0.1738945,Oyarifa,Greater Accra
24/09/2025,18000,Detached,4,5,100,New,FALSE,Furnished,5.6495001,-0.2100343,West Legon,Greater Accra
28/11/2023,10000,Flats,3,4,110,New,FALSE,Furnished,5.6694251,-0.203367,Haatso,Greater Accra
20/08/2025,18000,Flats,2,2,253,Used,FALSE,Furnished,5.6376136,-0.1266064,Spintex,Greater Accra
17/08/2023,600,Flats,1,1,950,Used,FALSE,Furnished,6.6932173,-1.627507,Kumasi Metropolitan,Ashanti
19/10/2023,12500,Duplex,3,4,350,Used,FALSE,Furnished,5.6731273,-0.1663851,Madina,Greater Accra
27/05/2025,30000,Townhouse,2,2,410,New,FALSE,Furnished,5.6358281,-0.1613592,East Legon,Greater Accra
27/07/2023,16101,Flats,2,2,350,Used,FALSE,Furnished,5.6358281,-0.1613592,East Legon,Greater Accra
1/7/2024,1400,Flats,1,1,25,New,FALSE,Furnished,5.5511744,-0.2526163,Ablekuma,Greater Accra
4/2/2025,3000,Flats,1,1,14,New,FALSE,Furnished,5.5831665,-0.1046082,Teshie,Greater Accra
17/07/2023,11200,Flats,2,2,258,New,FALSE,Furnished,5.6563118,-0.0093266,Tema Metropolitan,Greater Accra
1/7/2023,550,Flats,2,2,800,New,FALSE,Furnished,6.6932173,-1.627507,Kumasi Metropolitan,Ashanti
2/3/2023,32000,Townhouse,4,4,2000,Renovated,FALSE,Furnished,5.5862504,-0.1394584,Teshie,Greater Accra
1/3/2025,15000,Flats,3,3,503,New,FALSE,Furnished,5.7141674,-0.15418,Adenta,Greater Accra
24/08/2023,10900,Flats,1,1,261,New,FALSE,Furnished,5.6397935,-0.17815,Okponglo,Greater Accra
16/02/2025,700,Flats,1,1,100,New,FALSE,Furnished,5.5510647,-0.4408037,Awutu Senya East Municipal,Central Region
25/03/2023,20500,Flats,3,4,4761,New,FALSE,Furnished,5.6376136,-0.1266064,Spintex,Greater Accra
14/06/2025,5500,Flats,1,1,15,Used,FALSE,Furnished,5.6887241,-0.2270226,Ashomang Estate,Greater Accra
23/05/2024,15600,Detached,2,2,90,Used,FALSE,Furnished,5.6358281,-0.1613592,East Legon,Greater Accra
31/03/2023,39568,Townhouse,4,5,160,New,FALSE,Furnished,5.6061047,-0.1860362,Airport Residential Area,Greater Accra
1/2/2024,20000,Duplex,4,5,100,New,FALSE,Furnished,5.6495001,-0.2100343,West Legon,Greater Accra
28/03/2023,30000,Flats,2,2,900,Used,FALSE,Furnished,5.5459415,-0.2103988,Accra Metropolitan,Greater Accra
29/12/2023,58300,Detached,4,5,100,New,FALSE,Furnished,5.5862504,-0.1394584,Teshie,Greater Accra
