Week,Date,Demand,20-MONTH SMA,FORCAST ERROR,30-WEEKS SMA,30-WEEK FORCAST ERROR,40-WEEK SMA,40-WEEK FORCAST ERROR,,
1,01/01/2001,98.42,NIL,NIL,,,,NIL,,
2,08/01/2001,122.81,NIL,NIL,,,,NIL,,#N/A
3,15/01/2001,100.69,NIL,NIL,,,,NIL,,#N/A
4,22/01/2001,100.54,NIL,NIL,,,,NIL,,#N/A
5,29/01/2001,114.69,NIL,NIL,,,,NIL,,#N/A
6,05/02/2001,105.05,NIL,NIL,,,,NIL,,#N/A
7,12/02/2001,102.32,NIL,NIL,,,,NIL,,#N/A
8,19/02/2001,118.37,NIL,NIL,,,,NIL,,#N/A
9,26/02/2001,112.79,NIL,NIL,,,,NIL,,#N/A
10,05/03/2001,115.21,NIL,NIL,,,,NIL,,#N/A
11,12/03/2001,103.94,NIL,NIL,,,,NIL,,#N/A
12,19/03/2001,115.53,NIL,NIL,,,,NIL,,#N/A
13,26/03/2001,116.89,NIL,NIL,,,,NIL,,#N/A
14,02/04/2001,124.53,NIL,NIL,,,,NIL,,#N/A
15,09/04/2001,107.66,NIL,NIL,,,,NIL,,#N/A
16,16/04/2001,132.03,NIL,NIL,,,,NIL,,#N/A
17,23/04/2001,112.48,NIL,NIL,,,,NIL,,#N/A
18,30/04/2001,116.14,NIL,NIL,,,,NIL,,#N/A
19,07/05/2001,103.01,NIL,NIL,,,,NIL,,#N/A
20,14/05/2001,103.26,NIL,NIL,,,,NIL,,#N/A
21,21/05/2001,126.22,111.318,14.902,,,,NIL,,111.318
22,28/05/2001,102.15,112.708,10.558,,,,NIL,,112.708
23,04/06/2001,109.27,111.675,2.405,,,,NIL,,111.675
24,11/06/2001,109.33,112.104,2.774,,,,NIL,,112.104
25,18/06/2001,104.39,112.5435,8.1535,,,,NIL,,112.5435
26,25/06/2001,106.67,112.0285,5.3585,,,,NIL,,112.0285
27,02/07/2001,96.62,112.1095,15.4895,,,,NIL,,112.1095
28,09/07/2001,98.37,111.8245,13.4545,,,,NIL,,111.8245
29,16/07/2001,91.23,110.8245,19.5945,,,,NIL,,110.8245
30,23/07/2001,111.29,109.7465,1.5435,,,,NIL,,109.7465
31,30/07/2001,95.7,109.5505,13.8505,109.3313793,13.63137931,,NIL,,109.5505
32,06/08/2001,95.13,109.1385,14.0085,109.7751724,14.64517241,,NIL,,109.1385
33,13/08/2001,90.74,108.1185,17.3785,108.8403448,18.10034483,,NIL,,108.1185
34,20/08/2001,99.03,106.811,7.781,108.6486207,9.61862069,,NIL,,106.811
35,27/08/2001,101.36,105.536,4.176,108.3106897,6.950689655,,NIL,,105.536
36,03/09/2001,84.3,105.221,20.921,107.7706897,23.47068966,,NIL,,105.221
37,10/09/2001,90.11,102.8345,12.7245,107.6434483,17.53344828,,NIL,,102.8345
38,17/09/2001,80.65,101.716,21.066,107.022069,26.37206897,,NIL,,101.716
39,24/09/2001,94.29,99.9415,5.6515,106.0475862,11.75758621,,NIL,,99.9415
40,01/10/2001,96.89,99.5055,2.6155,104.9393103,8.049310345,,NIL,,99.5055
41,08/10/2001,88.73,99.187,10.457,104.217931,15.48793103,105.2525,16.5225,`,99.187
42,15/10/2001,81.23,97.3125,16.0825,103.9748276,22.74482759,105.01025,23.78025,,97.3125
43,22/10/2001,92.09,96.2665,4.1765,103.0506897,10.96068966,103.97075,11.88075,,96.2665
44,29/10/2001,85.64,95.4075,9.7675,101.8210345,16.18103448,103.75575,18.11575,,95.4075
45,05/11/2001,77.95,94.223,16.273,100.7024138,22.75241379,103.38325,25.43325,,94.223
46,12/11/2001,88.9,92.901,4.001,99.94310345,11.04310345,102.46475,13.56475,,92.901
47,19/11/2001,87.37,92.0125,4.6425,98.07827586,10.70827586,102.061,14.691,,92.0125
48,26/11/2001,97.62,91.55,6.07,97.26517241,0.354827586,101.68725,4.06725,,91.55
49,03/12/2001,99.25,91.5125,7.7375,96.27310345,2.976896552,101.1685,1.9185,,91.5125
50,10/12/2001,103.96,91.9135,12.0465,96.08724138,7.872758621,100.83,3.13,,91.9135
51,17/12/2001,109.16,91.547,17.613,95.94896552,13.21103448,100.54875,8.61125,,91.547
52,24/12/2001,107.58,92.22,15.36,95.18137931,12.39862069,100.67925,6.90075,,92.22
53,31/12/2001,98.06,92.8425,5.2175,95.42310345,2.636896552,100.4805,2.4205,,92.8425
54,07/01/2002,94.64,93.2085,1.4315,95.36482759,0.724827586,100.00975,5.36975,,93.2085
55,14/01/2002,103.47,92.989,10.481,94.9762069,8.493793103,99.2625,4.2075,,92.989
56,21/01/2002,108.95,93.0945,15.8555,94.64,14.31,99.15775,9.79225,,93.0945
57,28/01/2002,133.03,94.327,38.703,94.52965517,38.50034483,98.58075,34.44925,,94.327
58,04/02/2002,107.01,96.473,10.537,94.95482759,12.05517241,99.0945,7.9155,,96.473
59,11/02/2002,116.26,97.791,18.469,96.15,20.11,98.86625,17.39375,,97.791
60,18/02/2002,122.39,98.8895,23.5005,96.69413793,25.69586207,99.1975,23.1925,,98.8895
61,25/02/2002,115.91,100.1645,15.7455,96.86551724,19.04448276,99.67575,16.23425,,100.1645
62,04/03/2002,118.55,101.5235,17.0265,97.78586207,20.76413793,99.418,19.132,,101.5235
63,11/03/2002,111.68,103.3895,8.2905,98.50241379,13.17758621,99.828,11.852,,103.3895
64,18/03/2002,116.19,104.369,11.821,99.46137931,16.72862069,99.88825,16.30175,,104.369
65,25/03/2002,115.2,105.8965,9.3035,99.89758621,15.30241379,100.05975,15.14025,,105.8965
66,01/04/2002,120.15,107.759,12.391,100.4089655,19.74103448,100.33,19.82,,107.759
67,08/04/2002,126.83,109.3215,17.5085,101.4744828,25.35551724,100.667,26.163,,109.3215
68,15/04/2002,128.64,111.2945,17.3455,102.5103448,26.12965517,101.42225,27.21775,,111.2945
69,22/04/2002,119.87,112.8455,7.0245,104.1027586,15.76724138,102.179,17.691,,112.8455
70,29/04/2002,114.41,113.8765,0.5335,105.2872414,9.122758621,102.895,11.515,,113.8765
71,06/05/2002,124.06,114.399,9.661,106.0796552,17.98034483,102.973,21.087,,114.399
72,13/05/2002,141.85,115.144,26.706,106.9651724,34.88482759,103.682,38.168,,115.144
73,20/05/2002,127.03,116.8575,10.1725,108.442069,18.58793103,104.85,22.18,,116.8575
74,27/05/2002,113.31,118.306,4.996,110.157931,3.152068966,105.75725,7.55275,,118.306
75,03/06/2002,120.53,119.2395,1.2905,111.5851724,8.944827586,106.11425,14.41575,,119.2395
76,10/06/2002,110.53,120.0925,9.5625,112.8044828,2.274482759,106.5935,3.9365,,120.0925
77,17/06/2002,110.58,120.1715,9.5915,113.8951724,3.315172414,107.24925,3.33075,,120.1715
78,24/06/2002,106.28,119.049,12.769,114.6937931,8.413793103,107.761,1.481,,119.049
79,01/07/2002,98.59,119.0125,20.4225,115.1406897,16.55068966,108.40175,9.81175,,119.0125
80,08/07/2002,99.11,118.129,19.019,115.3831034,16.27310345,108.50925,9.39925,,118.129
81,15/07/2002,95.27,116.965,21.695,115.197931,19.92793103,108.56475,13.29475,,116.965
82,22/07/2002,105.19,115.933,10.743,114.8513793,9.66137931,108.72825,3.53825,,115.933
83,29/07/2002,104.3,115.265,10.965,114.4268966,10.12689655,109.32725,5.02725,,115.265
84,05/08/2002,104.38,114.896,10.516,114.6727586,10.29275862,109.6325,5.2525,,114.896
85,12/08/2002,105.67,114.3055,8.6355,115.0058621,9.335862069,110.101,4.431,,114.3055
86,19/08/2002,106.48,113.829,7.349,115.0372414,8.557241379,110.794,4.314,,113.829
87,26/08/2002,87.95,113.1455,25.1955,114.9241379,26.97413793,111.2335,23.2835,,113.1455
88,02/09/2002,100.18,111.2015,11.0215,114.0086207,13.82862069,111.248,11.068,,111.2015
89,09/09/2002,101,109.7785,8.7785,113.3513793,12.35137931,111.312,10.312,,109.7785
90,16/09/2002,81.6,108.835,27.235,112.7968966,31.19689655,111.35575,29.75575,,108.835
91,23/09/2002,91.43,107.1945,15.7645,112.0593103,20.62931034,110.79675,19.36675,,107.1945
92,30/09/2002,95.58,105.563,9.983,110.8762069,15.2962069,110.3535,14.7735,,105.563
93,07/10/2002,74.26,103.2495,28.9895,109.9410345,35.68103448,110.0535,35.7935,,103.2495
94,14/10/2002,82.74,100.611,17.871,109.3858621,26.64586207,109.4585,26.7185,,100.611
95,21/10/2002,83.92,99.0825,15.1625,107.94,24.02,109.161,25.241,,99.0825
96,28/10/2002,92,97.252,5.252,106.8206897,14.82068966,108.67225,16.67225,,97.252
97,04/11/2002,83.04,96.3255,13.2855,105.5713793,22.53137931,108.2485,25.2085,,96.3255
98,11/11/2002,79.01,94.9485,15.9385,104.3703448,25.36034483,106.99875,27.98875,,94.9485
99,18/11/2002,119.02,93.585,25.435,102.797931,16.22206897,106.29875,12.72125,,93.585
100,25/11/2002,105.41,94.6065,10.8035,101.3889655,4.021034483,106.36775,0.95775,,94.6065
101,02/12/2002,106.47,94.9215,11.5485,101.547931,4.922068966,105.94325,0.52675,,94.9215
102,09/12/2002,109.97,95.4815,14.4885,100.9048276,9.065172414,105.70725,4.26275,,95.4815
103,16/12/2002,112.69,95.7205,16.9695,99.68482759,13.00517241,105.49275,7.19725,,95.7205
104,23/12/2002,108.71,96.14,12.57,99.09655172,9.613448276,105.518,3.192,,96.14
105,30/12/2002,101.46,96.3565,5.1035,99.07517241,2.384827586,105.331,3.871,,96.3565
106,06/01/2003,112.63,96.146,16.484,98.66758621,13.96241379,104.9875,7.6425,,96.146
107,13/01/2003,103.44,96.4535,6.9865,98.35482759,5.085172414,104.7995,1.3595,,96.4535
108,20/01/2003,123.14,97.228,25.912,98.42551724,24.71448276,104.21475,18.92525,,97.228
109,27/01/2003,128.8,98.376,30.424,98.32758621,30.47241379,104.07725,24.72275,,98.376
110,03/02/2003,121.06,99.766,21.294,99.17413793,21.88586207,104.3005,16.7595,,99.766
111,10/02/2003,107.8,101.739,6.061,100.197931,7.602068966,104.46675,3.33325,,101.739
112,17/02/2003,121.75,102.5575,19.1925,101.0872414,20.66275862,104.06025,17.68975,,102.5575
113,24/02/2003,132.21,103.866,28.344,101.1772414,31.03275862,103.55775,28.65225,,103.866
114,03/03/2003,119.39,106.7635,12.6265,101.7789655,17.61103448,103.68725,15.70275,,106.7635
115,10/03/2003,125.25,108.596,16.654,102.7386207,22.51137931,103.83925,21.41075,,108.596
116,17/03/2003,111.8,110.6625,1.1375,103.2117241,8.588275862,103.95725,7.84275,,110.6625
117,24/03/2003,128.05,111.6525,16.3975,103.8589655,24.19103448,103.989,24.061,,111.6525
118,31/03/2003,129.11,113.903,15.207,104.6813793,24.42862069,104.42575,24.68425,,113.903
119,07/04/2003,128.14,116.408,11.732,105.6424138,22.49758621,104.9965,23.1435,,116.408
120,14/04/2003,132.18,116.864,15.316,106.6117241,25.56827586,105.73525,26.44475,,116.864
121,21/04/2003,133.12,118.2025,14.9175,108.2165517,24.90344828,106.562,26.558,,118.2025
122,28/04/2003,114.98,119.535,4.555,109.6217241,5.358275862,107.50825,7.47175,,119.535
123,05/05/2003,122.24,119.7855,2.4545,110.9162069,11.3237931,107.753,14.487,,119.7855
124,12/05/2003,109.46,120.263,10.803,112.3203448,2.860344828,108.2015,1.2585,,120.263
125,19/05/2003,133.3,120.3005,12.9995,113.6824138,19.61758621,108.3285,24.9715,,120.3005
126,26/05/2003,117.09,121.8925,4.8025,114.5631034,2.526896552,109.01925,8.07075,,121.8925
127,02/06/2003,114.42,122.1155,7.6955,115.9872414,1.567241379,109.2845,5.1355,,122.1155
128,09/06/2003,111.95,122.6645,10.7145,117.1613793,5.21137931,109.94625,2.00375,,122.6645
129,16/06/2003,101.73,122.105,20.375,118.3824138,16.65241379,110.2405,8.5105,,122.105
130,23/06/2003,125.57,120.7515,4.8185,118.1386207,7.43137931,110.25875,15.31125,,120.7515
131,30/06/2003,111.49,120.977,9.487,118.0117241,6.521724138,111.358,0.132,,120.977
132,07/07/2003,109.8,121.1615,11.3615,118.6703448,8.870344828,111.8595,2.0595,,121.1615
133,14/07/2003,107.8,120.564,12.764,118.7227586,10.92275862,112.215,4.415,,120.564
134,21/07/2003,120.51,119.3435,1.1665,118.6231034,1.886896552,113.0535,7.4565,,119.3435
135,28/07/2003,113.64,119.3995,5.7595,118.5917241,4.951724138,113.99775,0.35775,,119.3995
136,04/08/2003,103.86,118.819,14.959,119.2486207,15.38862069,114.74075,10.88075,,118.819
137,11/08/2003,95.41,118.422,23.012,119.2834483,23.87344828,115.03725,19.62725,,118.422
138,18/08/2003,99.88,116.79,16.91,119.297931,19.41793103,115.3465,15.4665,,116.79
139,25/08/2003,86.64,115.3285,28.6885,118.3417241,31.70172414,115.86825,29.22825,,115.3285
140,01/09/2003,95.6,113.2535,17.6535,117.3444828,21.74448276,115.05875,19.45875,,113.2535
141,08/09/2003,97.62,111.4245,13.8045,116.1575862,18.53758621,114.8135,17.1935,,111.4245
142,15/09/2003,94.33,109.6495,15.3195,115.7368966,21.40689655,114.59225,20.26225,,109.6495
143,22/09/2003,96.93,108.617,11.687,114.9048276,17.97482759,114.20125,17.27125,,108.617
144,29/09/2003,108.05,107.3515,0.6985,113.5986207,5.54862069,113.80725,5.75725,,107.3515
145,06/10/2003,95.17,107.281,12.111,112.8241379,17.65413793,113.79075,18.62075,,107.281
146,13/10/2003,99.19,105.3745,6.1845,112.2310345,13.04103448,113.6335,14.4435,,105.3745
147,20/10/2003,102.12,104.4795,2.3595,111.6575862,9.537586207,113.2975,11.1775,,104.4795
148,27/10/2003,104.62,103.8645,0.7555,110.6624138,6.042413793,113.2645,8.6445,,103.8645
149,03/11/2003,107.82,103.498,4.322,109.7317241,1.911724138,112.8015,4.9815,,103.498
150,10/11/2003,108.1,103.8025,4.2975,108.9206897,0.820689655,112.277,4.177,,103.8025
151,17/11/2003,102.98,102.929,0.051,108.0806897,5.100689655,111.953,8.973,,102.929
152,24/11/2003,102.71,102.5035,0.2065,107.217931,4.507931034,111.8325,9.1225,,102.5035
153,01/12/2003,100.42,102.149,1.729,106.8041379,6.384137931,111.3565,10.9365,,102.149
154,08/12/2003,120.03,101.78,18.25,106.1306897,13.89931034,110.56175,9.46825,,101.78
155,15/12/2003,111.7,101.756,9.944,105.8189655,5.881034483,110.57775,1.12225,,101.756
156,22/12/2003,113.88,101.659,12.221,105.3613793,8.51862069,110.239,3.641,,101.659
157,29/12/2003,116.83,102.16,14.67,105.1755172,11.65448276,110.291,6.539,,102.16
158,05/01/2004,113.86,103.231,10.629,105.1568966,8.703103448,110.0105,3.8495,,103.231
159,12/01/2004,104.21,103.93,0.28,105.3251724,1.115172414,109.62925,5.41925,,103.93
160,19/01/2004,135.2,104.8085,30.3915,105.7434483,29.45655172,109.031,26.169,,104.8085
161,26/01/2004,123.05,106.7885,16.2615,105.0068966,18.04310345,109.1065,13.9435,,106.7885
162,02/02/2004,129.66,108.06,21.6,105.8244828,23.83551724,108.85475,20.80525,,108.06
163,09/02/2004,129.51,109.8265,19.6835,106.2813793,23.22862069,109.22175,20.28825,,109.8265
164,16/02/2004,135.66,111.4555,24.2045,107.0351724,28.62482759,109.4035,26.2565,,111.4555
165,23/02/2004,131.9,112.836,19.064,107.3455172,24.55448276,110.0585,21.8415,,112.836
166,01/03/2004,135.8,114.6725,21.1275,108.1048276,27.69517241,110.0235,25.7765,,114.6725
167,08/03/2004,132.28,116.503,15.777,109.0717241,23.20827586,110.49125,21.78875,,116.503
168,15/03/2004,136.36,118.011,18.349,110.4644828,25.89551724,110.93775,25.42225,,118.011
169,22/03/2004,138.15,119.598,18.552,111.5817241,26.56827586,111.548,26.602,,119.598
170,29/03/2004,132.3,121.1145,11.1855,113.2962069,19.0037931,112.4585,19.8415,,121.1145
171,05/04/2004,125.07,122.3245,2.7455,114.7634483,10.30655172,112.62675,12.44325,,122.3245
172,12/04/2004,123.89,123.429,0.461,115.9593103,7.930689655,112.96625,10.92375,,123.429
173,19/04/2004,137.92,124.488,13.432,117.0193103,20.90068966,113.3185,24.6015,,124.488
174,26/04/2004,136.84,126.363,10.477,117.9489655,18.89103448,114.0715,22.7685,,126.363
175,03/05/2004,140.85,127.2035,13.6465,118.9789655,21.87103448,114.47975,26.37025,,127.2035
176,10/05/2004,134.03,128.661,5.369,120.4158621,13.61413793,115.16,18.87,,128.661
177,17/05/2004,117.03,129.6685,12.6385,121.8524138,4.822413793,115.91425,1.11575,,129.6685
178,24/05/2004,130.85,129.6785,1.1715,122.9527586,7.897241379,116.45475,14.39525,,129.6785
179,31/05/2004,119.56,130.528,10.968,123.3806897,3.820689655,117.229,2.331,,130.528
180,07/06/2004,130.7,131.2955,0.5955,124.1748276,6.525172414,118.052,12.648,,131.2955
181,14/06/2004,118.47,131.0705,12.6005,124.57,6.1,118.9295,0.4595,,131.0705
182,21/06/2004,132.87,130.8415,2.0285,125.5258621,7.344137931,119.45075,13.41925,,130.8415
183,28/06/2004,119.02,131.002,11.982,126.0693103,7.049310345,120.41425,1.39425,,131.002
184,05/07/2004,104.51,130.4775,25.9675,127.1882759,22.67827586,120.9665,16.4565,,130.4775
185,12/07/2004,111.28,128.92,17.64,127.1534483,15.87344828,120.878,9.598,,128.92
186,19/07/2004,116.9,127.889,10.989,126.9055172,10.00551724,121.28075,4.38075,,127.889
187,26/07/2004,115.66,126.944,11.284,126.8158621,11.15586207,121.7235,6.0635,,126.944
188,02/08/2004,119.09,126.113,7.023,126.8182759,7.728275862,122.062,2.972,,126.113
189,09/08/2004,110.25,125.2495,14.9995,126.8803448,16.63034483,122.42375,12.17375,,125.2495
190,16/08/2004,98.35,123.8545,25.5045,127.3934483,29.04344828,122.4845,24.1345,,123.8545
191,23/08/2004,105.14,122.157,17.017,126.5331034,21.39310345,122.24075,17.10075,,122.157
192,30/08/2004,102.27,121.1605,18.8905,125.6813793,23.41137931,122.29475,20.02475,,121.1605
193,06/09/2004,101.1,120.0795,18.9795,124.8358621,23.73586207,122.28375,21.18375,,120.0795
194,13/09/2004,101.56,118.2385,16.6785,123.8965517,22.33655172,122.30075,20.74075,,118.2385
195,20/09/2004,99.52,116.4745,16.9545,122.7048276,23.18482759,121.839,22.319,,116.4745
196,27/09/2004,103.78,114.408,10.628,121.6586207,17.87862069,121.5345,17.7545,,114.408
197,04/10/2004,120.26,112.8955,7.3645,120.4075862,0.147586207,121.282,1.022,,112.8955
198,11/10/2004,110.58,113.057,2.477,119.4248276,8.844827586,121.36775,10.78775,,113.057
199,18/10/2004,103.08,112.0435,8.9635,118.8696552,15.78965517,121.28575,18.20575,,112.0435
200,25/10/2004,115.75,111.2195,4.5305,117.9189655,2.168965517,121.2575,5.5075,,111.2195
201,01/11/2004,120.05,110.472,9.578,116.9113793,3.13862069,120.77125,0.72125,,110.472
202,08/11/2004,123.59,110.551,13.039,116.59,7,120.69625,2.89375,,110.551
203,15/11/2004,110.93,110.087,0.843,116.4575862,5.527586207,120.5445,9.6145,,110.087
204,22/11/2004,113.06,109.6825,3.3775,115.9634483,2.903448276,120.08,7.02,,109.6825
205,29/11/2004,115.59,110.11,5.48,115.07,0.52,119.515,3.925,,110.11
206,06/12/2004,114.97,110.3255,4.6445,114.1117241,0.858275862,119.10725,4.13725,,110.3255
207,13/12/2004,124.69,110.229,14.461,113.4758621,11.21413793,118.5865,6.1035,,110.229
208,20/12/2004,109.39,110.6805,1.2905,113.4048276,4.014827586,118.39675,9.00675,,110.6805
209,27/12/2004,115.83,110.1955,5.6345,113.1924138,2.637586207,117.7225,1.8925,,110.1955
210,03/01/2005,131.5,110.4745,21.0255,112.8417241,18.65827586,117.1645,14.3355,,110.4745
211,10/01/2005,120.88,112.132,8.748,112.3289655,8.551034483,117.1445,3.7355,,112.132
212,17/01/2005,122.84,112.919,9.921,112.7782759,10.06172414,117.03975,5.80025,,112.919
213,24/01/2005,120.8,113.9475,6.8525,112.3648276,8.435172414,117.0135,3.7865,,113.9475
214,31/01/2005,131.79,114.9325,16.8575,112.4965517,19.29344828,116.5855,15.2045,,114.9325
215,07/02/2005,139.95,116.444,23.506,113.0582759,26.89172414,116.45925,23.49075,,116.444
216,14/02/2005,138.02,118.4655,19.5545,113.7655172,24.25448276,116.43675,21.58325,,118.4655
217,21/02/2005,131.19,120.1775,11.0125,114.5603448,16.62965517,116.5365,14.6535,,120.1775
218,28/02/2005,127.83,120.724,7.106,115.3313793,12.49862069,116.8905,10.9395,,120.724
219,07/03/2005,148.81,121.5865,27.2235,115.7486207,33.06137931,116.815,31.995,,121.5865
220,14/03/2005,134.07,123.873,10.197,116.3548276,17.71517241,117.54625,16.52375,,123.873
221,21/03/2005,135.98,124.789,11.191,118.0948276,17.88517241,117.6305,18.3495,,124.789
222,28/03/2005,134.88,125.5855,9.2945,119.0924138,15.78758621,118.06825,16.81175,,125.5855
223,04/04/2005,142.4,126.15,16.25,120.2548276,22.14517241,118.1185,24.2815,,126.15
224,11/04/2005,147.8,127.7235,20.0765,121.4196552,26.38034483,118.703,29.097,,127.7235
225,18/04/2005,147.22,129.4605,17.7595,122.827931,24.39206897,119.78525,27.43475,,129.4605
226,25/04/2005,138,131.042,6.958,124.4927586,13.50724138,120.68375,17.31625,,131.042
227,02/05/2005,135.01,132.1935,2.8165,125.9906897,9.019310345,121.21125,13.79875,,132.1935
228,09/05/2005,123.08,132.7095,9.6295,126.6024138,3.522413793,121.695,1.385,,132.7095
229,16/05/2005,125.33,133.394,8.064,127.4448276,2.114827586,121.79475,3.53525,,133.394
230,23/05/2005,136.21,133.869,2.341,128.1344828,8.075517241,122.17175,14.03825,,133.869
231,30/05/2005,137.88,134.1045,3.7755,128.4648276,9.415172414,123.11825,14.76175,,134.1045
232,06/06/2005,128.99,134.9545,5.9645,129.022069,0.032068966,123.93675,5.05325,,134.9545
233,13/06/2005,129.32,135.262,5.942,129.5148276,0.194827586,124.60475,4.71525,,135.262
234,20/06/2005,127.3,135.688,8.388,130.1375862,2.837586207,125.31025,1.98975,,135.688
235,27/06/2005,112.09,135.4635,23.3735,130.6982759,18.60827586,125.95375,13.86375,,135.4635
236,04/07/2005,127.46,134.0705,6.6105,131.102069,3.642068966,126.268,1.192,,134.0705
237,11/07/2005,121.31,133.5425,12.2325,131.0027586,9.692758621,126.86,5.55,,133.5425
238,18/07/2005,130.79,133.0485,2.2585,131.0982759,0.308275862,126.88625,3.90375,,133.0485
239,25/07/2005,115.18,133.1965,18.0165,131.5093103,16.32931034,127.3915,12.2115,,133.1965
240,01/08/2005,117.11,131.515,14.405,132.0251724,14.91517241,127.694,10.584,,131.515
241,08/08/2005,112.13,130.667,18.537,131.4624138,19.33241379,127.728,15.598,,130.667
242,15/08/2005,108.15,129.4745,21.3245,131.3324138,23.18241379,127.53,19.38,,129.4745
243,22/08/2005,124.12,128.138,4.018,130.9631034,6.843103448,127.144,3.024,,128.138
244,29/08/2005,99.41,127.224,27.814,130.5268966,31.11689655,127.47375,28.06375,,127.224
245,05/09/2005,122.72,124.8045,2.0845,130.2624138,7.542413793,127.1325,4.4125,,124.8045
246,12/09/2005,111.81,123.5795,11.7695,128.8644828,17.05448276,127.31075,15.50075,,123.5795
247,19/09/2005,119.69,122.27,2.58,128.3368966,8.646896552,127.23175,7.54175,,122.27
248,26/09/2005,111.19,121.504,10.314,127.6686207,16.47862069,127.10675,15.91675,,121.504
249,03/10/2005,115.52,120.9095,5.3895,127.387931,11.86793103,127.15175,11.63175,,120.9095
250,10/10/2005,112.35,120.419,8.069,126.0906897,13.74068966,127.144,14.794,,120.419
251,17/10/2005,105.41,119.226,13.816,125.4510345,20.04103448,126.66525,21.25525,,119.226
252,24/10/2005,105.72,117.6025,11.8825,124.6362069,18.9162069,126.2785,20.5585,,117.6025
253,31/10/2005,107.44,116.439,8.999,123.62,16.18,125.8505,18.4105,,116.439
254,07/11/2005,115.98,115.345,0.635,122.3551724,6.375172414,125.5165,9.5365,,115.345
255,14/11/2005,122.22,114.779,7.441,120.9634483,1.256551724,125.12125,2.90125,,114.779
256,21/11/2005,120.89,115.2855,5.6045,119.8862069,1.003793103,124.678,3.788,,115.2855
257,28/11/2005,121.39,114.957,6.433,119.342069,2.047931034,124.24975,2.85975,,114.957
258,05/12/2005,124.52,114.961,9.559,118.8551724,5.664827586,124.00475,0.51525,,114.961
259,12/12/2005,120.1,114.6475,5.4525,118.7968966,1.303103448,123.922,3.822,,114.6475
260,19/12/2005,115.51,114.8935,0.6165,118.7689655,3.258965517,123.20425,7.69425,,114.8935
261,26/12/2005,131.91,114.8135,17.0965,118.2134483,13.69655172,122.74025,9.16975,,114.8135
262,02/01/2006,140.07,115.8025,24.2675,117.442069,22.62793103,122.6385,17.4315,,115.8025
263,09/01/2006,140.72,117.3985,23.3215,117.5427586,23.17724138,122.76825,17.95175,,117.3985
264,16/01/2006,117.84,118.2285,0.3885,117.9134483,0.073448276,122.72625,4.88625,,118.2285
265,23/01/2006,119.64,119.15,0.49,118.3762069,1.263793103,121.97725,2.33725,,119.15
266,30/01/2006,120.76,118.996,1.764,118.5744828,2.185517241,121.28775,0.52775,,118.996
267,06/02/2006,153.52,119.4435,34.0765,118.3048276,35.21517241,120.85675,32.66325,,119.4435
268,13/02/2006,136.38,121.135,15.245,118.2858621,18.09413793,121.3195,15.0605,,121.135
269,20/02/2006,134.54,122.3945,12.1455,119.0696552,15.47034483,121.652,12.888,,122.3945
270,27/02/2006,140.11,123.3455,16.7645,119.8006897,20.30931034,121.88225,18.22775,,123.3455
271,06/03/2006,156.72,124.7335,31.9865,120.4017241,36.31827586,121.97975,34.74025,,124.7335
272,13/03/2006,146.33,127.299,19.031,121.3665517,24.96344828,122.45075,23.87925,,127.299
273,20/03/2006,134.89,129.3295,5.5605,123.0413793,11.84862069,122.88425,12.00575,,129.3295
274,27/03/2006,142.56,130.702,11.858,123.8072414,18.75275862,123.0235,19.5365,,130.702
275,03/04/2006,140.08,132.031,8.049,125.0306897,15.04931034,123.405,16.675,,132.031
276,10/04/2006,130.88,132.924,2.044,125.7148276,5.165172414,124.10475,6.77525,,132.924
277,17/04/2006,147.68,133.4235,14.2565,126.6896552,20.99034483,124.19025,23.48975,,133.4235
278,24/04/2006,141.3,134.738,6.562,127.0755172,14.22448276,124.8495,16.4505,,134.738
279,01/05/2006,133.49,135.577,2.087,128.3337931,5.156206897,125.11225,8.37775,,135.577
280,08/05/2006,145.11,136.2465,8.8635,129.2227586,15.88724138,125.57,19.54,,136.2465
281,15/05/2006,131.35,137.7265,6.3765,129.9517241,1.398275862,126.27,5.08,,137.7265
282,22/05/2006,137.72,137.6985,0.0215,131.3206897,6.399310345,126.7505,10.9695,,137.6985
283,29/05/2006,133.29,137.581,4.291,132.2044828,1.085517241,127.48975,5.80025,,137.581
284,05/06/2006,129.86,137.2095,7.3495,133.2486207,3.38862069,127.719,2.141,,137.2095
285,12/06/2006,133.33,137.8105,4.4805,133.8455172,0.515517241,128.48025,4.84975,,137.8105
286,19/06/2006,142.21,138.495,3.715,134.1089655,8.101034483,128.7455,13.4645,,138.495
287,26/06/2006,116.52,139.5675,23.0475,134.537931,18.01793103,129.5055,12.9855,,139.5675
288,03/07/2006,124.93,137.7175,12.7875,135.2558621,10.32586207,129.42625,4.49625,,137.7175
289,10/07/2006,120.55,137.145,16.595,134.98,14.43,129.76975,9.21975,,137.145
290,17/07/2006,124.76,136.4455,11.6855,135.1465517,10.38655172,129.8955,5.1355,,136.4455
291,24/07/2006,120.2,135.678,15.478,135.3203448,15.12034483,130.20575,10.00575,,135.678
292,31/07/2006,116.75,133.852,17.102,135.0737931,18.3237931,130.5755,13.8255,,133.852
293,07/08/2006,135.45,132.373,3.077,134.3886207,1.06137931,130.85125,4.59875,,132.373
294,14/08/2006,112.97,132.401,19.431,133.562069,20.59206897,131.5515,18.5815,,132.401
295,21/08/2006,117.41,130.9215,13.5115,134.1693103,16.75931034,131.47625,14.06625,,130.9215
296,28/08/2006,121.34,129.788,8.448,133.9393103,12.59931034,131.356,10.016,,129.788
297,04/09/2006,117.55,129.311,11.761,133.8237931,16.2737931,131.36725,13.81725,,129.311
298,11/09/2006,119.61,127.8045,8.1945,132.7141379,13.10413793,131.27125,11.66125,,127.8045
299,18/09/2006,120.22,126.72,6.5,132.0648276,11.84482759,131.1485,10.9285,,126.72
300,25/09/2006,122.76,126.0565,3.2965,131.55,8.79,131.1515,8.3915,,126.0565
301,02/10/2006,119.82,124.939,5.119,130.8641379,11.04413793,131.33275,11.51275,,124.939
302,09/10/2006,116.44,124.3625,7.9225,129.6931034,13.25310345,131.0305,14.5905,,124.3625
303,16/10/2006,119.42,123.2985,3.8785,128.7789655,9.358965517,130.43975,11.01975,,123.2985
304,23/10/2006,115.6,122.605,7.005,128.1427586,12.54275862,129.90725,14.30725,,122.605
305,30/10/2006,107.92,121.892,13.972,127.3448276,19.42482759,129.85125,21.93125,,121.892
306,06/11/2006,134.01,120.6215,13.3885,126.5006897,7.509310345,129.55825,4.45175,,120.6215
307,13/11/2006,121.09,120.2115,0.8785,125.7089655,4.618965517,129.8895,8.7995,,120.2115
308,20/11/2006,122.24,120.44,1.8,125.2375862,2.997586207,129.07875,6.83875,,120.44
309,27/11/2006,132.77,120.3055,12.4645,124.5406897,8.229310345,128.72525,4.04475,,120.3055
310,04/12/2006,116.58,120.9165,4.3365,124.1527586,7.572758621,128.681,12.101,,120.9165
311,11/12/2006,118.26,120.5075,2.2475,123.7272414,5.467241379,128.09275,9.83275,,120.5075
312,18/12/2006,132.25,120.4105,11.8395,123.217931,9.032068966,127.13125,5.11875,,120.4105
313,25/12/2006,119.89,121.1855,1.2955,122.5468966,2.656896552,126.77925,6.88925,,121.1855
314,01/01/2007,143.63,120.4075,23.2225,122.5110345,21.11896552,126.40425,17.22575,,120.4075
315,08/01/2007,133.72,121.9405,11.7795,122.1672414,11.55275862,126.431,7.289,,121.9405
316,15/01/2007,134.02,122.756,11.264,122.5224138,11.49758621,126.272,7.748,,122.756
317,22/01/2007,128.11,123.39,4.72,122.2296552,5.880344828,126.3505,1.7595,,123.39
318,29/01/2007,128.3,123.918,4.382,122.8331034,5.466896552,125.86125,2.43875,,123.918
319,05/02/2007,162.21,124.3525,37.8575,122.9427586,39.26724138,125.53625,36.67375,,124.3525
320,12/02/2007,145.7,126.452,19.248,123.21,22.49,126.25425,19.44575,,126.452
321,19/02/2007,142.27,127.599,14.671,124.5013793,17.76862069,126.269,16.001,,127.599
322,26/02/2007,162.14,128.7215,33.4185,125.3806897,36.75931034,126.542,35.598,,128.7215
323,05/03/2007,143.86,131.0065,12.8535,126.2606897,17.59931034,127.1525,16.7075,,131.0065
324,12/03/2007,148.98,132.2285,16.7515,127.1810345,21.79896552,127.41675,21.56325,,132.2285
325,19/03/2007,148.49,133.8975,14.5925,128.2462069,20.2437931,127.89475,20.59525,,133.8975
326,26/03/2007,143.42,135.926,7.494,129.3348276,14.08517241,128.27375,15.14625,,135.926
327,02/04/2007,150.53,136.3965,14.1335,130.2710345,20.25896552,128.304,22.226,,136.3965
328,09/04/2007,143.14,137.8685,5.2715,131.1631034,11.97689655,129.15425,13.98575,,137.8685
329,16/04/2007,146.89,138.9135,7.9765,132.2293103,14.66068966,129.6095,17.2805,,138.9135
330,23/04/2007,152.22,139.6195,12.6005,133.0196552,19.20034483,130.268,21.952,,139.6195
331,30/04/2007,157.4,141.4015,15.9985,133.8517241,23.54827586,130.9545,26.4455,,141.4015
332,07/05/2007,152.61,143.3585,9.2515,134.9689655,17.64103448,131.8845,20.7255,,143.3585
333,14/05/2007,157.24,144.3765,12.8635,136.3813793,20.85862069,132.781,24.459,,144.3765
334,21/05/2007,145.44,146.244,0.804,137.5258621,7.914137931,133.32575,12.11425,,146.244
335,28/05/2007,137.32,146.3345,9.0145,138.9617241,1.641724138,134.1375,3.1825,,146.3345
336,04/06/2007,145.29,146.5145,1.2245,140.2555172,5.034482759,134.63525,10.65475,,146.5145
337,11/06/2007,134.59,147.078,12.488,140.3696552,5.779655172,135.234,0.644,,147.078
338,18/06/2007,140.65,147.402,6.752,141.2041379,0.554137931,135.66,4.99,,147.402
339,25/06/2007,138.22,148.0195,9.7995,141.63,3.41,136.186,2.034,,148.0195
340,02/07/2007,119.43,146.82,27.39,141.9017241,22.47172414,136.636,17.206,,146.82
341,09/07/2007,122.79,145.5065,22.7165,142.647931,19.85793103,136.55275,13.76275,,145.5065
342,16/07/2007,140.98,144.5325,3.5525,142.6882759,1.708275862,136.627,4.353,,144.5325
343,23/07/2007,116.95,143.4745,26.5245,142.362069,25.41206897,137.2405,20.2905,,143.4745
344,30/07/2007,127.09,142.129,15.039,143.0893103,15.99931034,137.17875,10.08875,,142.129
345,06/08/2007,134.26,141.0345,6.7745,142.1693103,7.909310345,137.466,3.206,,141.0345
346,13/08/2007,128.63,140.323,11.693,141.9406897,13.31068966,138.1245,9.4945,,140.323
347,20/08/2007,114.19,139.5835,25.3935,141.9489655,27.75896552,137.99,23.8,,139.5835
348,27/08/2007,126.31,137.7665,11.4565,141.9668966,15.65689655,137.8175,11.5075,,137.7665
349,03/09/2007,112.51,136.925,24.415,141.4803448,28.97034483,137.91925,25.40925,,136.925
350,10/09/2007,112.85,135.206,22.356,140.2424138,27.39241379,137.41275,24.56275,,135.206
351,17/09/2007,123.91,133.2375,9.3275,139.097931,15.18793103,137.3195,13.4095,,133.2375
352,24/09/2007,115.56,131.563,16.003,138.0834483,22.52344828,137.46075,21.90075,,131.563
353,01/10/2007,115.26,129.7105,14.4505,136.7651724,21.50517241,137.0435,21.7835,,129.7105
354,08/10/2007,121.44,127.6115,6.1715,135.7893103,14.34931034,136.92775,15.48775,,127.6115
355,15/10/2007,122.59,126.4115,3.8215,134.6265517,12.03655172,136.373,13.783,,126.4115
356,22/10/2007,131.29,125.675,5.615,133.6937931,2.403793103,136.09475,4.80475,,125.675
357,29/10/2007,127.55,124.975,2.575,132.9755172,5.425517241,136.0265,8.4765,,124.975
358,05/11/2007,124.81,124.623,0.187,132.312069,7.502068966,136.0125,11.2025,,124.623
359,12/11/2007,113.98,123.831,9.851,131.7744828,17.79448276,135.92525,21.94525,,123.831
360,19/11/2007,137.57,122.619,14.951,131.0131034,6.556896552,134.7195,2.8505,,122.619
361,26/11/2007,134.39,123.526,10.864,129.6944828,4.695517241,134.51625,0.12625,,123.526
362,03/12/2007,127.4,124.106,3.294,129.0106897,1.610689655,134.31925,6.91925,,124.106
363,10/12/2007,129.73,123.427,6.303,128.3824138,1.347586207,133.45075,3.72075,,123.427
364,17/12/2007,138.22,124.066,14.154,127.3534483,10.86655172,133.0975,5.1225,,124.066
365,24/12/2007,144.39,124.6225,19.7675,126.8117241,17.57827586,132.8285,11.5615,,124.6225
366,31/12/2007,139.78,125.129,14.651,126.8427586,12.93724138,132.726,7.054,,125.129
367,07/01/2008,139.03,125.6865,13.3435,126.8117241,12.21827586,132.635,6.395,,125.6865
368,14/01/2008,144.18,126.9285,17.2515,126.9906897,17.18931034,132.3475,11.8325,,126.9285
369,21/01/2008,143.53,127.822,15.708,126.9348276,16.59517241,132.3735,11.1565,,127.822
370,28/01/2008,157.2,129.373,27.827,127.1403448,30.05965517,132.2895,24.9105,,129.373
371,04/02/2008,151.51,131.5905,19.9195,127.9713793,23.53862069,132.414,19.096,,131.5905
372,11/02/2008,139.76,132.9705,6.7895,129.157931,10.60206897,132.26675,7.49325,,132.9705
373,18/02/2008,145.65,134.1805,11.4695,129.5210345,16.12896552,131.9455,13.7045,,134.1805
374,25/02/2008,150.38,135.7,14.68,130.3075862,20.07241379,131.65575,18.72425,,135.7
375,03/03/2008,144.5,137.147,7.353,130.9475862,13.55241379,131.77925,12.72075,,137.147
376,10/03/2008,146.4,138.2425,8.1575,131.5034483,14.89655172,131.95875,14.44125,,138.2425
377,17/03/2008,152.49,138.998,13.492,132.0506897,20.43931034,131.9865,20.5035,,138.998
378,24/03/2008,161.27,140.245,21.025,133.1613793,28.10862069,132.434,28.836,,140.245
379,31/03/2008,162.9,142.068,20.832,134.0641379,28.83586207,132.9495,29.9505,,142.068
380,07/04/2008,140.52,144.514,3.994,135.7455172,4.774482759,133.5665,6.9535,,144.514
381,14/04/2008,143.09,144.6615,1.5715,137.4713793,5.61862069,134.09375,8.99625,,144.6615
382,21/04/2008,148.97,145.0965,3.8735,138.0441379,10.92586207,134.60125,14.36875,,145.0965
383,28/04/2008,152.73,146.175,6.555,138.9934483,13.73655172,134.801,17.929,,146.175
384,05/05/2008,154.98,147.325,7.655,140.1558621,14.82413793,135.6955,19.2845,,147.325
385,12/05/2008,149.95,148.163,1.787,141.2348276,8.715172414,136.39275,13.55725,,148.163
386,19/05/2008,152.29,148.441,3.849,142.3517241,9.938275862,136.785,15.505,,148.441
387,26/05/2008,155.82,149.0665,6.7535,142.9951724,12.82482759,137.3765,18.4435,,149.0665
388,02/06/2008,143.79,149.906,6.116,143.8482759,0.058275862,138.41725,5.37275,,149.906
389,09/06/2008,137.44,149.8865,12.4465,144.9175862,7.477586207,138.85425,1.41425,,149.8865
390,16/06/2008,121.31,149.582,28.272,145.9455172,24.63551724,139.4775,18.1675,,149.582
391,23/06/2008,143.45,147.7875,4.3375,145.9410345,2.491034483,139.689,3.761,,147.7875
392,30/06/2008,155.33,147.3845,7.9455,145.49,9.84,140.1775,15.1525,,147.3845
393,07/07/2008,126.68,148.163,21.483,146.0434483,19.36344828,141.17175,14.49175,,148.163
394,14/07/2008,138.73,147.2145,8.4845,146.9262069,8.196206897,141.45725,2.72725,,147.2145
395,21/07/2008,139.89,146.632,6.742,146.5282759,6.638275862,141.8895,1.9995,,146.632
396,28/07/2008,134.27,146.4015,12.1315,146.3331034,12.06310345,142.322,8.052,,146.4015
397,04/08/2008,141.96,145.795,3.835,146.3368966,4.376896552,142.3965,0.4365,,145.795
398,11/08/2008,126.35,145.2685,18.9185,146.1727586,19.82275862,142.75675,16.40675,,145.2685
399,18/08/2008,131.38,143.5225,12.1425,146.0962069,14.7162069,142.79525,11.41525,,143.5225
400,25/08/2008,126.77,141.9465,15.1765,145.5037931,18.7337931,143.23025,16.46025,,141.9465
401,01/09/2008,127.56,141.259,13.699,144.6134483,17.05344828,142.96025,15.40025,,141.259
402,08/09/2008,127.01,140.4825,13.4725,143.7603448,16.75034483,142.7895,15.7795,,140.4825
403,15/09/2008,121.22,139.3845,18.1645,143.3396552,22.11965517,142.77975,21.55975,,139.3845
404,22/09/2008,118.11,137.809,19.699,142.6968966,24.58689655,142.567,24.457,,137.809
405,29/09/2008,126.17,135.9655,9.7955,141.6913793,15.52137931,142.06425,15.89425,,135.9655
406,06/10/2008,134.24,134.7765,0.5365,140.7813793,6.54137931,141.60875,7.36875,,134.7765
407,13/10/2008,124.31,133.874,9.564,140.0837931,15.7737931,141.47025,17.16025,,133.874
408,20/10/2008,129.31,132.2985,2.9885,139.4544828,10.14448276,141.10225,11.79225,,132.2985
409,27/10/2008,126.87,131.5745,4.7045,138.18,11.31,140.7305,13.8605,,131.5745
410,03/11/2008,124.71,131.046,6.336,137.0217241,12.31172414,140.314,15.604,,131.046
411,10/11/2008,123.19,131.216,8.026,136.5510345,13.36103448,139.50175,16.31175,,131.216
412,17/11/2008,138.76,130.203,8.557,135.9172414,2.842758621,138.79375,0.03375,,130.203
413,24/11/2008,150.98,129.3745,21.6055,135.0282759,15.95172414,138.76875,12.21125,,129.3745
414,01/12/2008,138.75,130.5895,8.1605,134.5465517,4.203448276,138.902,0.152,,130.5895
415,08/12/2008,146.63,130.5905,16.0395,134.4086207,12.22137931,138.61125,8.01875,,130.5905
416,15/12/2008,145.82,130.9275,14.8925,134.0224138,11.79758621,138.6645,7.1555,,130.9275
417,22/12/2008,144.69,131.505,13.185,133.8272414,10.86275862,138.65,6.04,,131.505
418,29/12/2008,146.95,131.6415,15.3085,133.4824138,13.46758621,138.455,8.495,,131.6415
419,05/01/2009,151.03,132.6715,18.3585,133.5134483,17.51655172,138.097,12.933,,132.6715
420,12/01/2009,140.56,133.654,6.906,133.8413793,6.71862069,137.80025,2.75975,,133.654
421,19/01/2009,149.03,134.3435,14.6865,134.8662069,14.1637931,137.80125,11.22875,,134.3435
422,26/01/2009,161.2,135.417,25.783,134.7665517,26.43344828,137.94975,23.25025,,135.417
423,02/02/2009,157.26,137.1265,20.1335,134.5493103,22.71068966,138.2555,19.0045,,137.1265
424,09/02/2009,145.61,138.9285,6.6815,135.7396552,9.870344828,138.36875,7.24125,,138.9285
425,16/02/2009,151.07,140.3035,10.7665,136.3786207,14.69137931,138.1345,12.9355,,140.3035
426,23/02/2009,161.16,141.5485,19.6115,136.5758621,24.58413793,138.1625,22.9975,,141.5485
427,02/03/2009,159.16,142.8945,16.2655,137.1551724,22.00482759,138.38425,20.77575,,142.8945
428,09/03/2009,152.06,144.637,7.423,137.8172414,14.24275862,138.46775,13.59225,,144.637
429,16/03/2009,149.07,145.7745,3.2955,138.9486207,10.12137931,138.6745,10.3955,,145.7745
430,23/03/2009,150.57,146.8845,3.6855,139.6617241,10.90827586,138.96525,11.60475,,146.8845
431,30/03/2009,160.13,148.1775,11.9525,140.4306897,19.69931034,139.69675,20.43325,,148.1775
432,06/04/2009,165.46,150.0245,15.4355,141.2241379,24.23586207,140.11375,25.34625,,150.0245
433,13/04/2009,155.74,151.3595,4.3805,142.3662069,13.3737931,140.367,15.373,,151.3595
434,20/04/2009,138.99,151.5975,12.6075,143.8917241,4.901724138,141.0935,2.1035,,151.5975
435,27/04/2009,151.83,151.6095,0.2205,145.1893103,6.640689655,141.1,10.73,,151.6095
436,04/05/2009,156.04,151.8695,4.1705,145.6313793,10.40862069,141.3985,14.6415,,151.8695
437,11/05/2009,150.11,152.3805,2.2705,146.237931,3.872068966,141.94275,8.16725,,152.3805
438,18/05/2009,147.94,152.6515,4.7115,147.332069,0.607931034,142.1465,5.7935,,152.6515
439,25/05/2009,144.37,152.701,8.331,148.0493103,3.679310345,142.68625,1.68375,,152.701
440,01/06/2009,142.15,152.368,10.218,148.7758621,6.625862069,143.011,0.861,,152.368
441,08/06/2009,135.62,152.4475,16.8275,149.4537931,13.8337931,143.3955,7.7755,,152.4475
442,15/06/2009,136.11,151.777,15.667,150.1075862,13.99758621,143.597,7.487,,151.777
443,22/06/2009,144.7,150.5225,5.8225,149.9993103,5.299310345,143.8245,0.8755,,150.5225
444,29/06/2009,155.87,149.8945,5.9755,149.4865517,6.383448276,144.4115,11.4585,,149.8945
445,06/07/2009,153.74,150.4075,3.3325,149.6917241,4.048275862,145.3555,8.3845,,150.4075
446,13/07/2009,135.45,150.541,15.091,150.0103448,14.56034483,146.04475,10.59475,,150.541
447,20/07/2009,133.89,149.2555,15.3655,150.2834483,16.39344828,146.075,12.185,,149.2555
448,27/07/2009,132.99,147.992,15.002,149.9648276,16.97482759,146.3145,13.3245,,147.992
449,03/08/2009,138.96,147.0385,8.0785,149.5144828,10.55448276,146.4065,7.4465,,147.0385
450,10/08/2009,136.23,146.533,10.303,148.8924138,12.66241379,146.70875,10.47875,,146.533
451,17/08/2009,127.99,145.816,17.826,148.8372414,20.84724138,146.99675,19.00675,,145.816
452,24/08/2009,131.94,144.209,12.269,148.3958621,16.45586207,147.11675,15.17675,,144.209
453,31/08/2009,127.53,142.533,15.003,147.2506897,19.72068966,146.94625,19.41625,,142.533
454,07/09/2009,133.94,141.1225,7.1825,146.3775862,12.43758621,146.36,12.42,,141.1225
455,14/09/2009,132.34,140.87,8.53,145.7541379,13.41413793,146.23975,13.89975,,140.87
456,21/09/2009,128.81,139.8955,11.0855,145.1634483,16.35344828,145.8825,17.0725,,139.8955
457,28/09/2009,131.87,138.534,6.664,144.1696552,12.29965517,145.45725,13.58725,,138.534
458,05/10/2009,138.91,137.622,1.288,143.1231034,4.213103448,145.13675,6.22675,,137.622
459,12/10/2009,125.89,137.1705,11.2805,142.4268966,16.53689655,144.93575,19.04575,,137.1705
460,19/10/2009,123.81,136.2465,12.4365,142.0765517,18.26655172,144.30725,20.49725,,136.2465
461,26/10/2009,144.2,135.3295,8.8705,141.2255172,2.974482759,143.8885,0.3115,,135.3295
462,02/11/2009,145.79,135.7585,10.0315,139.9731034,5.816896552,143.76775,2.02225,,135.7585
463,09/11/2009,133.69,136.2425,2.5525,139.24,5.55,143.3825,9.6925,,136.2425
464,16/11/2009,129.5,135.692,6.192,138.8968966,9.396896552,142.79325,13.29325,,135.692
465,23/11/2009,142.13,134.3735,7.7565,138.7141379,3.415862069,142.3905,0.2605,,134.3735
466,30/11/2009,132.15,133.793,1.643,137.9441379,5.794137931,142.167,10.017,,133.793
467,07/12/2009,155.9,133.628,22.272,137.4644828,18.43551724,141.44175,14.45825,,133.628
468,14/12/2009,140.87,134.7285,6.1415,136.8451724,4.024827586,141.36025,0.49025,,134.7285
469,21/12/2009,152.47,135.1225,17.3475,137.1196552,15.35034483,141.0805,11.3895,,135.1225
470,28/12/2009,153.42,135.798,17.622,136.9989655,16.42103448,141.1655,12.2545,,135.798
471,04/01/2010,153.23,136.6575,16.5725,137.3548276,15.87517241,141.23675,11.99325,,136.6575
472,11/01/2010,142.2,137.9195,4.2805,137.9686207,4.23137931,141.06425,1.13575,,137.9195
473,18/01/2010,139.52,138.4325,1.0875,138.5589655,0.961034483,140.48275,0.96275,,138.4325
474,25/01/2010,159.55,139.032,20.518,138.4727586,21.07724138,140.07725,19.47275,,139.032
475,01/02/2010,152.5,140.3125,12.1875,137.9089655,14.59103448,140.59125,11.90875,,140.3125
476,08/02/2010,145.46,141.3205,4.1395,138.1093103,7.350689655,140.608,4.852,,141.3205
477,15/02/2010,153.27,142.153,11.117,138.6972414,14.57275862,140.3435,12.9265,,142.153
478,22/02/2010,168.14,143.223,24.917,139.0962069,29.0437931,140.4225,27.7175,,143.223
479,01/03/2010,167.28,144.6845,22.5955,139.7955172,27.48448276,140.9275,26.3525,,144.6845
480,08/03/2010,165.06,146.754,18.306,140.8017241,24.25827586,141.50025,23.55975,,146.754
481,15/03/2010,155.15,148.8165,6.3335,141.8724138,13.27758621,142.073,13.077,,148.8165
482,22/03/2010,170.93,149.364,21.566,143.1506897,27.77931034,142.56125,28.36875,,149.364
483,29/03/2010,145.47,150.621,5.151,143.9510345,1.518965517,143.43175,2.03825,,150.621
484,05/04/2010,154.51,151.21,3.3,145.4475862,9.062413793,143.451,11.059,,151.21
485,12/04/2010,164.66,152.4605,12.1995,145.8451724,18.81482759,143.417,21.243,,152.4605
486,19/04/2010,156.68,153.587,3.093,146.6096552,10.07034483,143.69,12.99,,153.587
487,26/04/2010,170.96,154.8135,16.1465,147.8458621,23.11413793,144.22075,26.73925,,154.8135
488,03/05/2010,161.2,155.5665,5.6335,148.7013793,12.49862069,145.1475,16.0525,,155.5665
489,10/05/2010,165.15,156.583,8.567,149.8065517,15.34344828,145.85275,19.29725,,156.583
490,17/05/2010,159.06,157.217,1.843,151.0241379,8.035862069,146.5075,12.5525,,157.217
491,24/05/2010,151.76,157.499,5.739,152.4496552,0.689655172,147.07825,4.68175,,157.499
492,31/05/2010,144.18,157.4255,13.2455,152.962069,8.782068966,147.6725,3.4925,,157.4255
493,07/06/2010,140.39,157.5245,17.1345,153.167931,12.77793103,147.9785,7.5885,,157.5245
494,14/06/2010,154.87,157.568,2.698,153.5296552,1.340344828,148.3,6.57,,157.568
495,21/06/2010,141.78,157.334,15.554,153.9051724,12.12517241,148.82325,7.04325,,157.334
496,28/06/2010,144.57,156.798,12.228,154.3444828,9.774482759,149.05925,4.48925,,156.798
497,05/07/2010,156.54,156.7535,0.2135,154.6765517,1.863448276,149.45325,7.08675,,156.7535
498,12/07/2010,143.15,156.917,13.767,154.2858621,11.13586207,150.07,6.92,,156.917
499,19/07/2010,142.75,155.6675,12.9175,154.8262069,12.0762069,150.176,7.426,,155.6675
500,26/07/2010,133.47,154.441,20.971,154.5048276,21.03482759,150.5975,17.1275,,154.441
501,02/08/2010,136.58,152.8615,16.2815,154.1368966,17.55689655,150.839,14.259,,152.8615
502,09/08/2010,138.22,151.933,13.713,153.4555172,15.23551724,150.6485,12.4285,,151.933
503,16/08/2010,150.2,150.2975,0.0975,153.2617241,3.061724138,150.45925,0.25925,,150.2975
504,23/08/2010,126.9,150.534,23.634,153.2168966,26.31689655,150.872,23.972,,150.534
505,30/08/2010,143.63,149.1535,5.5235,152.8944828,9.264482759,150.807,7.177,,149.1535
506,06/09/2010,133.38,148.102,14.722,152.0117241,18.63172414,150.8445,17.4645,,148.102
507,13/09/2010,148.35,146.937,1.413,151.9486207,3.59862069,150.87525,2.52525,,146.937
508,20/09/2010,138.17,145.8065,7.6365,151.2627586,13.09275862,150.6865,12.5165,,145.8065
509,27/09/2010,131.43,144.655,13.225,150.5803448,19.15034483,150.619,19.189,,144.655
510,04/10/2010,132.49,142.969,10.479,149.5765517,17.08655172,150.093,17.603,,142.969
511,11/10/2010,138.2,141.6405,3.4405,148.4168966,10.21689655,149.56975,11.36975,,141.6405
512,18/10/2010,141.02,140.9625,0.0575,147.6355172,6.615517241,149.194,8.174,,140.9625
513,25/10/2010,140.01,140.8045,0.7945,146.5068966,6.496896552,149.1645,9.1545,,140.8045
514,01/11/2010,134.99,140.7855,5.7955,146.3534483,11.36344828,149.17675,14.18675,,140.7855
515,08/11/2010,147.06,139.7915,7.2685,145.8534483,1.206551724,148.56275,1.50275,,139.7915
516,15/11/2010,147.46,140.0555,7.4045,144.8303448,2.629655172,148.42675,0.96675,,140.0555
517,22/11/2010,127.42,140.2,12.78,144.4986207,17.07862069,148.47675,21.05675,,140.2
518,29/11/2010,158.63,138.744,19.886,143.6882759,14.94172414,147.8305,10.7995,,138.744
519,06/12/2010,137.6,139.518,1.918,142.5234483,4.923448276,147.59275,9.99275,,139.518
520,13/12/2010,137.82,139.2605,1.4405,142.2986207,4.47862069,146.85075,9.03075,,139.2605
521,20/12/2010,139.69,139.478,0.212,141.5586207,1.86862069,146.16975,6.47975,,139.478
522,27/12/2010,157.69,139.6335,18.0565,141.077931,16.61206897,145.78325,11.90675,,139.6335
523,03/01/2011,150.01,140.607,9.403,140.9231034,9.086896552,145.45225,4.55775,,140.607
524,10/01/2011,158.41,140.5975,17.8125,141.5196552,16.89034483,145.56575,12.84425,,140.5975
525,17/01/2011,153.56,142.173,11.387,141.352069,12.20793103,145.66325,7.89675,,142.173
526,24/01/2011,156.87,142.6695,14.2005,141.9255172,14.94448276,145.38575,11.48425,,142.6695
527,31/01/2011,164.47,143.844,20.626,142.2355172,22.23448276,145.3905,19.0795,,143.844
528,07/02/2011,159.75,144.65,15.1,142.2468966,17.50310345,145.22825,14.52175,,144.65
529,14/02/2011,167.67,145.729,21.941,142.982069,24.68793103,145.192,22.478,,145.729
530,21/02/2011,166.05,147.541,18.509,143.5682759,22.48172414,145.255,20.795,,147.541
531,28/02/2011,169.28,149.219,20.061,144.7475862,24.53241379,145.42975,23.85025,,149.219
532,07/03/2011,177.4,150.773,26.627,145.7637931,31.6362069,145.86775,31.53225,,150.773
533,14/03/2011,167.83,152.592,15.238,146.8348276,20.99517241,146.69825,21.13175,,152.592
534,21/03/2011,174.66,153.983,20.677,147.7727586,26.88724138,147.38425,27.27575,,153.983
535,28/03/2011,175.42,155.9665,19.4535,149.1841379,26.23586207,147.879,27.541,,155.9665
536,04/04/2011,182.29,157.3845,24.9055,150.2541379,32.03586207,148.72,33.57,,157.3845
537,11/04/2011,183.02,159.126,23.894,151.7037931,31.3162069,149.663,33.357,,159.126
538,18/04/2011,166.89,161.906,4.984,152.8741379,14.01586207,150.325,16.565,,161.906
539,25/04/2011,142.75,162.319,19.569,154.4206897,11.67068966,150.9185,8.1685,,162.319
540,02/05/2011,176.17,162.5765,13.5935,155.6434483,20.52655172,150.9185,25.2515,,162.5765
541,09/05/2011,174.01,164.494,9.516,155.9972414,18.01275862,151.986,22.024,,164.494
542,16/05/2011,157.71,166.21,8.5,157.3065517,0.403448276,152.92175,4.78825,,166.21
543,23/05/2011,164.66,166.211,1.551,158.4441379,6.215862069,153.409,11.251,,166.211
544,30/05/2011,162.82,166.9435,4.1235,159.0544828,3.765517241,153.7705,9.0495,,166.9435
545,06/06/2011,166.16,167.164,1.004,160.0775862,6.082413793,154.6685,11.4915,,167.164
546,13/06/2011,146.21,167.794,21.584,160.6210345,14.41103448,155.23175,9.02175,,167.794
547,20/06/2011,160.29,167.261,6.971,161.2658621,0.975862069,155.5525,4.7375,,167.261
548,27/06/2011,144.47,167.052,22.582,161.9137931,17.4437931,155.851,11.381,,167.052
549,04/07/2011,159.4,166.288,6.888,161.9710345,2.571034483,156.0085,3.3915,,166.288
550,11/07/2011,156.17,165.8745,9.7045,162.207931,6.037931034,156.70775,0.53775,,165.8745
551,18/07/2011,148.18,165.3805,17.2005,162.952069,14.77206897,157.29975,9.11975,,165.3805
552,25/07/2011,136.33,164.3255,27.9955,163.5203448,27.19034483,157.54925,21.21925,,164.3255
553,01/08/2011,148.9,162.272,13.372,163.1924138,14.29241379,157.432,8.532,,162.272
554,08/08/2011,135.53,161.3255,25.7955,162.7206897,27.19068966,157.65425,22.12425,,161.3255
555,15/08/2011,146.52,159.369,12.849,162.3927586,15.87275862,157.66775,11.14775,,159.369
556,22/08/2011,139.01,157.924,18.914,161.7710345,22.76103448,157.65425,18.64425,,157.924
557,29/08/2011,146.73,155.76,9.03,161.4141379,14.68413793,157.443,10.713,,155.76
558,05/09/2011,156.45,153.9455,2.5045,160.5362069,4.086206897,157.92575,1.47575,,153.9455
559,12/09/2011,144.76,153.4235,8.6635,160.0872414,15.32724138,157.87125,13.11125,,153.4235
560,19/09/2011,134.11,153.524,19.414,159.7003448,25.59034483,158.05025,23.94025,,153.524
561,26/09/2011,136.44,151.421,14.981,158.9662069,22.5262069,157.9575,21.5175,,151.421
562,03/10/2011,149.03,149.5425,0.5125,157.7534483,8.723448276,157.87625,8.84625,,149.5425
563,10/10/2011,131.78,149.1085,17.3285,156.3410345,24.56103448,157.65975,25.87975,,149.1085
564,17/10/2011,143.77,147.4645,3.6945,155.6927586,11.92275862,157.204,13.434,,147.4645
565,24/10/2011,138.2,146.512,8.312,154.2141379,16.01413793,156.838,18.638,,146.512
566,31/10/2011,140.95,145.114,4.164,153.1227586,12.17275862,156.454,15.504,,145.114
567,07/11/2011,133.18,144.851,11.671,151.6024138,18.42241379,156.056,22.876,,144.851
568,14/11/2011,139.21,143.4955,4.2855,150.1517241,10.94172414,155.27375,16.06375,,143.4955
569,21/11/2011,150.24,143.2325,7.0075,148.9893103,1.250689655,154.76025,4.52025,,143.2325
570,28/11/2011,153.35,142.7745,10.5755,148.8672414,4.482758621,154.3245,0.9745,,142.7745
571,05/12/2011,147.78,142.6335,5.1465,147.9731034,0.193103448,154.007,6.227,,142.6335
572,12/12/2011,156.17,142.6135,13.5565,147.2606897,8.909310345,153.4695,2.7005,,142.6135
573,19/12/2011,159.3,143.6055,15.6945,146.9182759,12.38172414,152.93875,6.36125,,143.6055
574,26/12/2011,155.24,144.1255,11.1145,146.6255172,8.614482759,152.7255,2.5145,,144.1255
575,02/01/2012,174.37,145.111,29.259,146.5041379,27.86586207,152.24,22.13,,145.111
576,09/01/2012,170.19,146.5035,23.6865,146.1275862,24.06241379,152.21375,17.97625,,146.5035
577,16/01/2012,159.8,148.0625,11.7375,147.0986207,12.70137931,151.91125,7.88875,,148.0625
578,23/01/2012,160.99,148.716,12.274,147.44,13.55,151.33075,9.65925,,148.716
579,30/01/2012,162.36,148.943,13.417,147.9686207,14.39137931,151.18325,11.17675,,148.943
580,06/02/2012,159.38,149.823,9.557,148.0234483,11.35655172,151.6735,7.7065,,149.823
581,13/02/2012,159.6,151.0865,8.5135,148.2368966,11.36310345,151.25375,8.34625,,151.0865
582,20/02/2012,178.35,152.2445,26.1055,148.6231034,29.72689655,150.8935,27.4565,,152.2445
583,27/02/2012,165.04,153.7105,11.3295,149.4255172,15.61448276,151.4095,13.6305,,153.7105
584,05/03/2012,180.24,155.3735,24.8665,150.4410345,29.79896552,151.419,28.821,,155.3735
585,12/03/2012,179.26,157.197,22.063,151.4586207,27.80137931,151.8545,27.4055,,157.197
586,19/03/2012,178.33,159.25,19.08,152.6213793,25.70862069,152.182,26.148,,159.25
587,26/03/2012,179.14,161.119,18.021,154.0093103,25.13068966,152.985,26.155,,161.119
588,02/04/2012,181.38,163.417,17.963,155.0989655,26.28103448,153.45625,27.92375,,163.417
589,09/04/2012,170.91,165.5255,5.3845,155.8813793,15.02862069,154.379,16.531,,165.5255
590,16/04/2012,169.86,166.559,3.301,157.1441379,12.71586207,154.66675,15.19325,,166.559
591,23/04/2012,171.12,167.3845,3.7355,158.4131034,12.70689655,155.009,16.111,,167.3845
592,30/04/2012,161.83,168.5515,6.7215,159.5655172,2.264482759,155.5825,6.2475,,168.5515
593,07/05/2012,160.83,168.8345,8.0045,160.3272414,0.502758621,156.22,4.61,,168.8345
594,14/05/2012,166.27,168.911,2.641,161.3634483,4.906551724,156.51825,9.75175,,168.911
595,21/05/2012,165.08,169.4625,4.3825,161.9517241,3.128275862,157.28675,7.79325,,169.4625
596,28/05/2012,169.03,168.998,0.032,162.9196552,6.110344828,157.75075,11.27925,,168.998
597,04/06/2012,170.7,168.94,1.76,163.7517241,6.948275862,158.50125,12.19875,,168.94
598,11/06/2012,164.19,169.485,5.295,164.987931,0.797931034,159.1005,5.0895,,169.485
599,18/06/2012,155.09,169.645,14.555,166.0737931,10.9837931,159.294,4.204,,169.645
600,25/06/2012,146.31,169.2815,22.9715,166.5548276,20.24482759,159.55225,13.24225,,169.2815
601,02/07/2012,161.45,168.628,7.178,166.6148276,5.164827586,159.85725,1.59275,,168.628
602,09/07/2012,143.48,168.7205,25.2405,166.5641379,23.08413793,160.4825,17.0025,,168.7205
603,16/07/2012,170.14,166.977,3.163,166.7462069,3.393793103,160.34375,9.79625,,166.977
604,23/07/2012,149.59,167.232,17.642,166.2006897,16.61068966,161.30275,11.71275,,167.232
605,30/07/2012,144.96,165.6995,20.7395,166.7144828,21.75448276,161.44825,16.48825,,165.6995
606,06/08/2012,142.85,163.9845,21.1345,165.86,23.01,161.61725,18.76725,,163.9845
607,13/08/2012,149.72,162.2105,12.4905,164.99,15.27,161.66475,11.94475,,162.2105
608,20/08/2012,135.75,160.7395,24.9895,164.4055172,28.65551724,162.07825,26.32825,,160.7395
609,27/08/2012,142.07,158.458,16.388,164.0168966,21.94689655,161.99175,19.92175,,158.458
610,03/09/2012,136.6,157.016,20.416,163.0993103,26.49931034,161.7875,25.1875,,157.016
611,10/09/2012,145.75,155.353,9.603,162.5024138,16.75241379,161.36875,15.61875,,155.353
612,17/09/2012,131.08,154.0845,23.0045,161.7093103,30.62931034,161.318,30.238,,154.0845
613,24/09/2012,149.99,152.547,2.557,160.5851724,10.59517241,160.69075,10.70075,,152.547
614,01/10/2012,142.82,152.005,9.185,159.4141379,16.59413793,160.458,17.638,,152.005
615,08/10/2012,142.43,150.8325,8.4025,158.3710345,15.94103448,160.1475,17.7175,,150.8325
616,15/10/2012,155.78,149.7,6.08,157.1144828,1.334482759,159.349,3.569,,149.7
617,22/10/2012,144.64,149.0375,4.3975,155.8765517,11.23655172,158.98875,14.34875,,149.0375
618,29/10/2012,148.67,147.7345,0.9355,155.0710345,6.401034483,158.60975,9.93975,,147.7345
619,05/11/2012,157.64,146.9585,10.6815,153.8041379,3.835862069,158.30175,0.66175,,146.9585
620,12/11/2012,164.41,147.086,17.324,153.0372414,11.37275862,158.18375,6.22625,,147.086
621,19/11/2012,145.49,147.991,2.501,152.6158621,7.125862069,158.3095,12.8195,,147.991
622,26/11/2012,147.63,147.193,0.437,152.3844828,4.754482759,157.95675,10.32675,,147.193
623,03/12/2012,156.18,147.4005,8.7795,151.8210345,4.358965517,157.18875,1.00875,,147.4005
624,10/12/2012,162.28,146.7025,15.5775,151.3658621,10.91413793,156.96725,5.31275,,146.7025
625,17/12/2012,164.67,147.337,17.333,151.017931,13.65206897,156.51825,8.15175,,147.337
626,24/12/2012,169.31,148.3225,20.9875,150.9213793,18.38862069,156.1535,13.1565,,148.3225
627,31/12/2012,183.74,149.6455,34.0945,150.7710345,32.96896552,155.928,27.812,,149.6455
628,07/01/2013,167.41,151.3465,16.0635,150.7231034,16.68689655,156.043,11.367,,151.3465
629,14/01/2013,175.78,152.9295,22.8505,151.3972414,24.38275862,155.69375,20.08625,,152.9295
630,21/01/2013,172.65,154.615,18.035,151.822069,20.82793103,155.8155,16.8345,,154.615
631,28/01/2013,174.56,156.4175,18.1425,152.8382759,21.72172414,155.88525,18.67475,,156.4175
632,04/02/2013,178.37,157.858,20.512,153.2244828,25.14551724,155.97125,22.39875,,157.858
633,11/02/2013,190.46,160.2225,30.2375,154.2962069,36.1637931,156.38475,34.07525,,160.2225
634,18/02/2013,183.25,162.246,21.004,154.58,28.67,157.1255,26.1245,,162.246
635,25/02/2013,182.06,164.2675,17.7925,155.9893103,26.07068966,157.55,24.51,,164.2675
636,04/03/2013,166.55,166.249,0.301,157.3096552,9.240344828,157.9745,8.5755,,166.249
637,11/03/2013,169.8,166.7875,3.0125,158.6617241,11.13827586,157.9125,11.8875,,166.7875
638,18/03/2013,172.35,168.0455,4.3045,159.242069,13.10793103,157.89,14.46,,168.0455
639,25/03/2013,181.42,169.2295,12.1905,160.4162069,21.0037931,158.094,23.326,,169.2295
640,01/04/2013,168.43,170.4185,1.9885,161.4603448,6.969655172,158.75225,9.67775,,170.4185
641,08/04/2013,170.96,170.6195,0.3405,163.0058621,7.954137931,159.30525,11.65475,,170.6195
642,15/04/2013,185.86,171.893,13.967,163.787931,22.07206897,159.543,26.317,,171.893
643,22/04/2013,170.56,173.8045,3.2445,165.1631034,5.396896552,160.6025,9.9575,,173.8045
644,29/04/2013,181.5,174.5235,6.9765,166.4,15.1,160.613,20.887,,174.5235
645,06/05/2013,176.69,175.4845,1.2055,167.3565517,9.333448276,161.41075,15.27925,,175.4845
646,13/05/2013,191.63,176.0855,15.5445,168.7037931,22.9262069,162.204,29.426,,176.0855
647,20/05/2013,168.63,177.2015,8.5715,169.4248276,0.794827586,163.4235,5.2065,,177.2015
648,27/05/2013,153.83,176.446,22.616,171.0451724,17.21517241,163.89625,10.06625,,176.446
649,03/06/2013,170.27,175.767,5.497,171.7334483,1.463448276,164.34825,5.92175,,175.767
650,10/06/2013,167.18,175.4915,8.3115,171.602069,4.422068966,165.05325,2.12675,,175.4915
651,17/06/2013,155.98,175.218,19.238,171.8041379,15.82413793,165.81775,9.83775,,175.218
652,24/06/2013,168.62,174.289,5.669,172.552069,3.932068966,166.0735,2.5465,,174.289
653,01/07/2013,163.24,173.8015,10.5615,172.84,9.6,167.012,3.772,,173.8015
654,08/07/2013,161.61,172.4405,10.8305,173.2689655,11.65896552,167.34325,5.73325,,172.4405
655,15/07/2013,146.62,171.3585,24.7385,173.302069,26.68206897,167.813,21.193,,171.3585
656,22/07/2013,179.41,169.5865,9.8235,173.1965517,6.213448276,167.91775,11.49225,,169.5865
657,29/07/2013,150.36,170.2295,19.8695,172.4141379,22.05413793,168.5085,18.1485,,170.2295
658,05/08/2013,158.71,169.2575,10.5475,172.2648276,13.55482759,168.6515,9.9415,,169.2575
659,12/08/2013,141.33,168.5755,27.2455,171.6768966,30.34689655,168.9025,27.5725,,168.5755
660,19/08/2013,155.14,166.571,11.431,171.0882759,15.94827586,168.49475,13.35475,,166.571
661,26/08/2013,147.62,165.9065,18.2865,170.0082759,22.38827586,168.263,20.643,,165.9065
662,02/09/2013,150.58,164.7395,14.1595,169.3386207,18.75862069,168.31625,17.73625,,164.7395
663,09/09/2013,145.51,162.9755,17.4655,168.2782759,22.76827586,168.39,22.88,,162.9755
664,16/09/2013,146.69,161.723,15.033,166.9031034,20.21310345,168.12325,21.43325,,161.723
665,23/09/2013,138.25,159.9825,21.7325,165.6017241,27.35172414,167.7335,29.4835,,159.9825
666,30/09/2013,151.42,158.0605,6.6405,164.382069,12.96206897,167.073,15.653,,158.0605
667,07/10/2013,155.94,156.05,0.11,163.4062069,7.466206897,166.62575,10.68575,,156.05
668,14/10/2013,149.92,155.4155,5.4955,162.7724138,12.85241379,165.93075,16.01075,,155.4155
669,21/10/2013,150.98,155.22,4.24,162.2065517,11.22655172,165.4935,14.5135,,155.22
670,28/10/2013,148.69,154.2555,5.5655,161.1203448,12.43034483,164.8735,16.1835,,154.2555
671,04/11/2013,160.27,153.331,6.939,160.5186207,0.24862069,164.2745,4.0045,,153.331
672,11/11/2013,166.5,153.5455,12.9545,159.7506897,6.749310345,163.91725,2.58275,,153.5455
673,18/11/2013,165.2,153.4395,11.7605,158.8682759,6.331724138,163.6205,1.5795,,153.4395
674,25/11/2013,158.3,153.5375,4.7625,158.7282759,0.428275862,162.989,4.689,,153.5375
675,02/12/2013,166.64,153.372,13.268,158.1662069,8.473793103,162.36525,4.27475,,153.372
676,09/12/2013,168.63,154.373,14.257,157.532069,11.09793103,161.97975,6.65025,,154.373
677,16/12/2013,157.71,153.834,3.876,156.6703448,1.039655172,162.03175,4.32175,,153.834
678,23/12/2013,189.26,154.2015,35.0585,156.6703448,32.58965517,161.7295,27.5305,,154.2015
679,30/12/2013,171.18,155.729,15.451,156.8041379,14.37586207,162.15225,9.02775,,155.729
680,06/01/2014,183.67,157.2215,26.4485,157.4589655,26.21103448,161.89625,21.77375,,157.2215
681,13/01/2014,184.14,158.648,25.492,157.5968966,26.54310345,162.27725,21.86275,,158.648
682,20/01/2014,177.17,160.474,16.696,158.5517241,18.61827586,162.60675,14.56325,,160.474
683,27/01/2014,166.12,161.8035,4.3165,159.0868966,7.033103448,162.3895,3.7305,,161.8035
684,03/02/2014,178.77,162.834,15.936,159.5672414,19.20275862,162.2785,16.4915,,162.834
685,10/02/2014,177.07,164.438,12.632,159.7227586,17.34724138,162.21025,14.85975,,164.438
686,17/02/2014,184.56,166.379,18.181,160.8313793,23.72862069,162.21975,22.34025,,166.379
687,24/02/2014,170.45,168.036,2.414,160.7506897,9.699310345,162.043,8.407,,168.036
688,03/03/2014,174.13,168.7615,5.3685,161.93,12.2,162.0885,12.0415,,168.7615
689,10/03/2014,175.32,169.972,5.348,162.3348276,12.98517241,162.596,12.724,,169.972
690,17/03/2014,192.76,171.189,21.571,163.4658621,29.29413793,162.72225,30.03775,,171.189
691,24/03/2014,175.91,173.3925,2.5175,164.1617241,11.74827586,163.36175,12.54825,,173.3925
692,31/03/2014,187.95,174.1745,13.7755,165.7182759,22.23172414,163.86,24.09,,174.1745
693,07/04/2014,179.51,175.247,4.263,166.5917241,12.91827586,164.34325,15.16675,,175.247
694,14/04/2014,171.58,175.9625,4.3825,168.0551724,3.524827586,164.75,6.83,,175.9625
695,21/04/2014,189.98,176.6265,13.3535,169.1868966,20.79310345,164.99925,24.98075,,176.6265
696,28/04/2014,162.05,177.7935,15.7435,170.3362069,8.286206897,166.08325,4.03325,,177.7935
697,05/05/2014,179.25,177.4645,1.7855,171.6658621,7.584137931,165.64925,13.60075,,177.4645
698,12/05/2014,178.07,178.5415,0.4715,171.8765517,6.193448276,166.3715,11.6985,,178.5415
699,19/05/2014,159.2,177.982,18.782,172.887931,13.68793103,166.8555,7.6555,,177.982
700,26/05/2014,182.79,177.383,5.407,173.822069,8.967931034,167.30225,15.48775,,177.383
701,02/06/2014,182.12,177.339,4.781,174.1844828,7.935517241,167.9935,14.1265,,177.339
702,09/06/2014,183.14,177.238,5.902,174.9610345,8.178965517,168.856,14.284,,177.238
703,16/06/2014,173.33,177.5365,4.2065,175.4996552,2.169655172,169.67,3.66,,177.5365
704,23/06/2014,161.58,177.897,16.317,176.1182759,14.53827586,170.3655,8.7855,,177.897
705,30/06/2014,168.77,177.0375,8.2675,176.6365517,7.866551724,170.73775,1.96775,,177.0375
706,07/07/2014,175.08,176.6225,1.5425,176.462069,1.382068966,171.50075,3.57925,,176.6225
707,14/07/2014,152.23,176.1485,23.9185,176.4668966,24.23689655,172.09225,19.86225,,176.1485
708,21/07/2014,168.86,175.2375,6.3775,177.0658621,8.205862069,171.9995,3.1395,,175.2375
709,28/07/2014,158.38,174.974,16.594,175.7889655,17.40896552,172.473,14.093,,174.974
710,04/08/2014,152.71,174.127,21.417,175.7089655,22.99896552,172.658,19.948,,174.127
711,11/08/2014,158.24,172.1245,13.8845,174.8368966,16.59689655,172.7585,14.5185,,172.1245
712,18/08/2014,148.82,171.241,22.421,173.7531034,24.93310345,172.70775,23.88775,,171.241
713,25/08/2014,165.31,169.2845,3.9745,173.1003448,7.790344828,172.26575,6.95575,,169.2845
714,01/09/2014,153.95,168.5745,14.6245,172.5037931,18.5537931,172.2685,18.3185,,168.5745
715,08/09/2014,169.37,167.693,1.677,172.0396552,2.669655172,172.15975,2.78975,,167.693
716,15/09/2014,152.48,166.6625,14.1825,171.2424138,18.76241379,172.228,19.748,,166.6625
717,22/09/2014,166.28,166.184,0.096,170.7186207,4.43862069,171.82425,5.54425,,166.184
718,29/09/2014,151.76,165.5355,13.7755,170.0989655,18.33896552,172.0385,20.2785,,165.5355
719,06/10/2014,171.29,164.22,7.07,169.8282759,1.461724138,171.101,0.189,,164.22
720,13/10/2014,159.87,164.8245,4.9545,169.0158621,9.145862069,171.10375,11.23375,,164.8245
721,20/10/2014,154.08,163.6785,9.5985,168.2755172,14.19551724,170.50875,16.42875,,163.6785
722,27/10/2014,155.21,162.2765,7.0665,167.7224138,12.51241379,169.75725,14.54725,,162.2765
723,03/11/2014,162.57,160.88,1.69,166.5544828,3.984482759,169.20825,6.63825,,160.88
724,10/11/2014,166.96,160.342,6.618,165.7165517,1.243448276,169.1195,2.1595,,160.342
725,17/11/2014,154.2,160.611,6.411,165.4058621,11.20586207,168.82425,14.62425,,160.611
726,24/11/2014,178.85,159.8825,18.9675,164.612069,14.23793103,168.2525,10.5975,,159.8825
727,01/12/2014,174.46,160.071,14.389,164.3413793,10.11862069,168.10975,6.35025,,160.071
728,08/12/2014,174.98,161.1825,13.7975,164.3275862,10.65241379,168.21,6.77,,161.1825
729,15/12/2014,166.34,161.4885,4.8515,164.2031034,2.136896552,168.23125,1.89125,,161.4885
730,22/12/2014,181.23,161.8865,19.3435,164.7472414,16.48275862,168.00675,13.22325,,161.8865
731,29/12/2014,180.88,163.3125,17.5675,164.18,16.7,167.7185,13.1615,,163.3125
732,05/01/2015,190.6,164.4445,26.1555,164.1493103,26.45068966,167.84275,22.75725,,164.4445
733,12/01/2015,193.64,166.5335,27.1065,164.0713793,29.56862069,167.909,25.731,,166.5335
734,19/01/2015,171.05,167.95,3.1,164.6668966,6.383103448,168.26225,2.78775,,167.95
735,26/01/2015,193.83,168.805,25.025,165.7724138,28.05758621,168.249,25.581,,168.805
736,02/02/2015,191.74,170.028,21.712,165.8510345,25.88896552,168.34525,23.39475,,170.028
737,09/02/2015,185.76,171.991,13.769,166.4975862,19.26241379,169.0875,16.6725,,171.991
738,16/02/2015,191.61,172.965,18.645,167.86,23.75,169.25025,22.35975,,172.965
739,23/02/2015,198.67,174.9575,23.7125,168.4427586,30.22724138,169.58875,29.08125,,174.9575
740,02/03/2015,200.86,176.3265,24.5335,169.5886207,31.27137931,170.5755,30.2845,,176.3265
741,09/03/2015,188.05,178.376,9.674,171.1734483,16.87655172,171.02725,17.02275,,178.376
742,16/03/2015,197.32,180.0745,17.2455,172.6431034,24.67689655,171.1755,26.1445,,180.0745
743,23/03/2015,188.5,182.18,6.32,173.9958621,14.50413793,171.53,16.97,,182.18
744,30/03/2015,196.13,183.4765,12.6535,175.0996552,21.03034483,171.90925,24.22075,,183.4765
745,06/04/2015,189.72,184.935,4.785,176.2910345,13.42896552,172.773,16.947,,184.935
746,13/04/2015,195.8,186.711,9.089,177.2137931,18.5862069,173.29675,22.50325,,186.711
747,20/04/2015,200.96,187.5585,13.4015,178.497931,22.46206897,173.81475,27.14525,,187.5585
748,27/04/2015,176.54,188.8835,12.3435,179.5158621,2.975862069,175.033,1.507,,188.8835
749,04/05/2015,185.16,188.9615,3.8015,181.2124138,3.947586207,175.225,9.935,,188.9615
750,11/05/2015,182.98,189.9025,6.9225,181.3934483,1.586551724,175.8945,7.0855,,189.9025
751,18/05/2015,169.56,189.99,20.43,182.2655172,12.70551724,176.65125,7.09125,,189.99
752,25/05/2015,184.85,189.424,4.574,183.262069,1.587931034,176.93425,7.91575,,189.424
753,01/06/2015,187.85,189.1365,1.2865,183.7568966,4.093103448,177.835,10.015,,189.1365
754,08/06/2015,173.78,188.847,15.067,184.5251724,10.74517241,178.3985,4.6185,,188.847
755,15/06/2015,177.76,188.9835,11.2235,185.2455172,7.485517241,178.89425,1.13425,,188.9835
756,22/06/2015,180.39,188.18,7.79,185.9206897,5.530689655,179.104,1.286,,188.18
757,29/06/2015,172.77,187.6125,14.8425,185.8831034,13.11310345,179.80175,7.03175,,187.6125
758,06/07/2015,179.35,186.963,7.613,186.0875862,6.737586207,179.964,0.614,,186.963
759,13/07/2015,161.18,186.35,25.17,186.0113793,24.83137931,180.65375,19.47375,,186.35
760,20/07/2015,172.09,184.4755,12.3855,186.46,14.37,180.401,8.311,,184.4755
761,27/07/2015,172.22,183.037,10.817,185.7686207,13.54862069,180.7065,8.4865,,183.037
762,03/08/2015,163.12,182.2455,19.1255,185.4655172,22.34551724,181.16,18.04,,182.2455
763,10/08/2015,173.17,180.5355,7.3655,184.8317241,11.66172414,181.35775,8.18775,,180.5355
764,17/08/2015,166.43,179.769,13.339,183.7793103,17.34931034,181.62275,15.19275,,179.769
765,24/08/2015,156.71,178.284,21.574,183.8524138,27.14241379,181.6095,24.8995,,178.284
766,31/08/2015,170.1,176.6335,6.5335,182.9075862,12.80758621,181.67225,11.57225,,176.6335
767,07/09/2015,151.58,175.3485,23.7685,181.6996552,30.11965517,181.4535,29.8735,,175.3485
768,14/09/2015,171.19,172.8795,1.6895,181.1596552,9.969655172,180.8815,9.6915,,172.8795
769,21/09/2015,160.13,172.612,12.482,179.7793103,19.64931034,180.78675,20.65675,,172.612
770,28/09/2015,160.97,171.3605,10.3905,178.8317241,17.86172414,180.6315,19.6615,,171.3605
771,05/10/2015,175.08,170.26,4.82,177.4272414,2.347241379,180.125,5.045,,170.26
772,12/10/2015,157.46,170.536,13.076,176.4934483,19.03344828,179.98,22.52,,170.536
773,19/10/2015,156.74,169.1665,12.4265,175.7265517,18.98655172,179.1515,22.4115,,169.1665
774,26/10/2015,175.27,167.611,7.659,174.6562069,0.613793103,178.229,2.959,,167.611
775,02/11/2015,179.5,167.6855,11.8145,173.297931,6.202068966,178.3345,1.1655,,167.6855
776,09/11/2015,162.62,167.7725,5.1525,172.7996552,10.17965517,177.97625,15.35625,,167.7725
777,16/11/2015,160.37,166.884,6.514,172.2375862,11.86758621,177.24825,16.87825,,166.884
778,23/11/2015,167.59,166.264,1.326,170.9155172,3.325517241,176.6135,9.0235,,166.264
779,30/11/2015,187.07,165.676,21.394,170.357931,16.71206897,176.013,11.057,,165.676
780,07/12/2015,179.84,166.9705,12.8695,169.752069,10.08793103,175.723,4.117,,166.9705
781,14/12/2015,184.94,167.358,17.582,169.8931034,15.04689655,175.1975,9.7425,,167.358
782,21/12/2015,185.78,167.994,17.786,170.2475862,15.53241379,175.11975,10.66025,,167.994
783,28/12/2015,186.35,169.127,17.223,170.2506897,16.09931034,174.83125,11.51875,,169.127
784,04/01/2016,187.38,169.786,17.594,170.1793103,17.20068966,174.7775,12.6025,,169.786
785,11/01/2016,193.2,170.8335,22.3665,170.6127586,22.58724138,174.55875,18.64125,,170.8335
786,18/01/2016,187.52,172.658,14.862,170.9444828,16.57551724,174.64575,12.87425,,172.658
787,25/01/2016,200.49,173.529,26.961,171.3862069,29.1037931,174.43875,26.05125,,173.529
788,01/02/2016,194.21,175.9745,18.2355,171.8948276,22.31517241,174.427,19.783,,175.9745
789,08/02/2016,190.58,177.1255,13.4545,172.6237931,17.9562069,174.86875,15.71125,,177.1255
790,15/02/2016,189.67,178.648,11.022,173.7627586,15.90724138,175.00425,14.66575,,178.648
791,22/02/2016,199.74,180.083,19.657,174.4003448,25.33965517,175.1715,24.5685,,180.083
792,29/02/2016,184.71,181.316,3.394,175.002069,9.707931034,175.926,8.784,,181.316
793,07/03/2016,182.75,182.6785,0.0715,176.2648276,6.485172414,175.9225,6.8275,,182.6785
794,14/03/2016,185.76,183.979,1.781,176.6627586,9.097241379,175.795,9.965,,183.979
795,21/03/2016,191.86,184.5035,7.3565,177.2255172,14.63448276,176.0945,15.7655,,184.5035
796,28/03/2016,194.25,185.1215,9.1285,178.2272414,16.02275862,176.447,17.803,,185.1215
797,04/04/2016,191.51,186.703,4.807,178.9775862,12.53241379,176.7935,14.7165,,186.703
798,11/04/2016,189.37,188.26,1.11,180.4489655,8.921034483,177.262,12.108,,188.26
799,18/04/2016,172.1,189.349,17.249,181.1496552,9.049655172,177.5125,5.4125,,189.349
800,25/04/2016,184.91,188.6005,3.6905,182.157931,2.752068966,177.7855,7.1245,,188.6005
801,02/05/2016,182.1,188.854,6.754,182.5417241,0.441724138,178.106,3.994,,188.854
802,09/05/2016,200.32,188.712,11.608,182.8806897,17.43931034,178.353,21.967,,188.712
803,16/05/2016,190.72,189.439,1.281,183.7303448,6.989655172,179.283,11.437,,189.439
804,23/05/2016,187.14,189.6575,2.5175,185.2331034,1.906896552,179.72175,7.41825,,189.6575
805,30/05/2016,191.25,189.6455,1.6045,185.7658621,5.484137931,180.2395,11.0105,,189.6455
806,06/06/2016,182.25,189.548,7.298,186.0293103,3.779310345,181.103,1.147,,189.548
807,13/06/2016,186.6,189.2845,2.6845,187.0165517,0.416551724,181.40675,5.19325,,189.2845
808,20/06/2016,160.42,188.59,28.17,187.7710345,27.35103448,182.28225,21.86225,,188.59
809,27/06/2016,190.73,186.9005,3.8295,188.4265517,2.303448276,182.013,8.717,,186.9005
810,04/07/2016,167.66,186.908,19.248,187.5075862,19.84758621,182.778,15.118,,186.908
811,11/07/2016,177.53,185.8075,8.2775,187.8831034,10.35310345,182.94525,5.41525,,185.8075
812,18/07/2016,190.6,184.697,5.903,187.2872414,3.312758621,183.0065,7.5935,,184.697
813,25/07/2016,165.6,184.9915,19.3915,187.0027586,21.40275862,183.835,18.235,,184.9915
814,01/08/2016,152.21,184.134,31.924,187.1493103,34.93931034,184.0565,31.8465,,184.134
815,08/08/2016,181.77,182.4565,0.6865,186.3982759,4.628275862,183.48,1.71,,182.4565
816,15/08/2016,175.28,181.952,6.672,184.9848276,9.704827586,183.53675,8.25675,,181.952
817,22/08/2016,166.34,181.0035,14.6635,184.7865517,18.44655172,183.85325,17.51325,,181.0035
818,29/08/2016,165.73,179.745,14.015,183.9172414,18.18724138,184.0025,18.2725,,179.745
819,05/09/2016,153.37,178.563,25.193,182.9562069,29.5862069,183.956,30.586,,178.563
820,12/09/2016,163.44,177.6265,14.1865,182.0993103,18.65931034,183.1135,19.6735,,177.6265
821,19/09/2016,177.61,176.553,1.057,180.8475862,3.237586207,182.7035,5.0935,,176.553
822,26/09/2016,170.13,176.3285,6.1985,179.5958621,9.465862069,182.52025,12.39025,,176.3285
823,03/10/2016,160.42,174.819,14.399,179.3510345,18.93103448,182.129,21.709,,174.819
824,10/10/2016,166.84,173.304,6.464,178.9158621,12.07586207,181.48075,14.64075,,173.304
825,17/10/2016,177.86,172.289,5.571,178.042069,0.182068966,180.96725,3.10725,,172.289
826,24/10/2016,181.5,171.6195,9.8805,177.1793103,4.320689655,180.58375,0.91625,,171.6195
827,31/10/2016,172.71,171.582,1.128,176.6141379,3.904137931,180.43325,7.72325,,171.582
828,07/11/2016,170.99,170.8875,0.1025,176.2689655,5.278965517,179.73875,8.74875,,170.8875
829,14/11/2016,176.72,171.416,5.304,175.6944828,1.025517241,179.15825,2.43825,,171.416
830,21/11/2016,190.38,170.7155,19.6645,175.6562069,14.7237931,178.81175,11.56825,,170.7155
831,28/11/2016,178.64,171.8515,6.7885,175.3737931,3.266206897,178.8295,0.1895,,171.8515
832,05/12/2016,177.28,171.907,5.373,175.6593103,1.620689655,178.302,1.022,,171.907
833,12/12/2016,177.59,171.241,6.349,174.9117241,2.678275862,178.11625,0.52625,,171.241
834,19/12/2016,195.44,171.8405,23.5995,174.4482759,20.99172414,177.98725,17.45275,,171.8405
835,26/12/2016,189.56,174.002,15.558,174.1189655,15.44103448,178.22925,11.33075,,174.002
836,02/01/2017,179.3,174.3915,4.9085,174.2634483,5.036551724,178.17175,1.12825,,174.3915
837,09/01/2017,189.84,174.5925,15.2475,174.5155172,15.32448276,177.798,12.042,,174.5925
838,16/01/2017,193.27,175.7675,17.5025,174.2637931,19.0062069,177.75625,15.51375,,175.7675
839,23/01/2017,201.77,177.1445,24.6255,175.2782759,26.49172414,177.85375,23.91625,,177.1445
840,30/01/2017,193.24,179.5645,13.6755,175.3658621,17.87413793,178.5955,14.6445,,179.5645
841,06/02/2017,198.64,181.0545,17.5855,176.542069,22.09793103,178.80375,19.83625,,181.0545
842,13/02/2017,187.58,182.106,5.474,177.0837931,10.4962069,179.21725,8.36275,,182.106
843,20/02/2017,208.47,182.9785,25.4915,177.3610345,31.10896552,178.89875,29.57125,,182.9785
844,27/02/2017,186.48,185.381,1.099,178.1189655,8.361034483,179.3425,7.1375,,185.381
845,06/03/2017,196.35,186.363,9.987,180.0589655,16.29103448,179.326,17.024,,186.363
846,13/03/2017,205.97,187.2875,18.6825,180.2213793,25.74862069,179.4535,26.5165,,187.2875
847,20/03/2017,214.58,188.511,26.069,180.947931,33.63206897,180.0465,34.5335,,188.511
848,27/03/2017,187.69,190.6045,2.9145,182.3144828,5.375517241,180.746,6.944,,190.6045
849,03/04/2017,206.74,191.4395,15.3005,183.9989655,22.74103448,181.42775,25.31225,,191.4395
850,10/04/2017,205.14,192.9405,12.1995,185.1824138,19.95758621,181.828,23.312,,192.9405
851,17/04/2017,202.81,193.6785,9.1315,186.6755172,16.13448276,182.765,20.045,,193.6785
852,24/04/2017,186.43,194.887,8.457,187.6248276,1.194827586,183.397,3.033,,194.887
853,01/05/2017,198.07,195.3445,2.7255,188.7517241,9.318275862,183.29275,14.77725,,195.3445
854,08/05/2017,194.19,196.3685,2.1785,189.6486207,4.54137931,184.1045,10.0855,,196.3685
855,15/05/2017,187.55,196.306,8.756,190.7255172,3.175517241,185.154,2.396,,196.306
856,22/05/2017,182.24,196.2055,13.9655,191.2886207,9.04862069,185.2985,3.0585,,196.2055
857,29/05/2017,191.03,196.3525,5.3225,191.4972414,0.467241379,185.4725,5.5575,,196.3525
858,05/06/2017,174.5,196.412,21.912,191.8258621,17.32586207,186.08975,11.58975,,196.412
859,12/06/2017,190.27,195.4735,5.2035,192.5168966,2.246896552,186.309,3.961,,195.4735
860,19/06/2017,177.3,194.8985,17.5985,192.4403448,15.14034483,187.2315,9.9315,,194.8985
861,26/06/2017,188.19,194.1015,5.9115,192.4365517,4.246551724,187.578,0.612,,194.1015
862,03/07/2017,182.47,193.579,11.109,192.3903448,9.920344828,187.8425,5.3725,,193.579
863,10/07/2017,184.05,193.3235,9.2735,192.7665517,8.716551724,188.151,4.101,,193.3235
864,17/07/2017,173.9,192.1025,18.2025,192.9348276,19.03482759,188.74175,14.84175,,192.1025
865,24/07/2017,176.16,191.4735,15.3135,192.542069,16.38206897,188.91825,12.75825,,191.4735
866,31/07/2017,177.48,190.464,12.984,192.002069,14.52206897,188.87575,11.39575,,190.464
867,07/08/2017,170.78,189.0395,18.2595,191.8937931,21.1137931,188.77525,17.99525,,189.0395
868,14/08/2017,170.21,186.8495,16.6395,191.4675862,21.25758621,188.727,18.517,,186.8495
869,21/08/2017,162.61,185.9755,23.3655,190.692069,28.08206897,188.7075,26.0975,,185.9755
870,28/08/2017,173.16,183.769,10.609,189.6037931,16.4437931,188.35475,15.19475,,183.769
871,04/09/2017,177.12,182.17,5.05,188.5475862,11.42758621,187.92425,10.80425,,182.17
872,11/09/2017,173.28,180.8855,7.6055,187.6689655,14.38896552,187.88625,14.60625,,180.8855
873,18/09/2017,180.08,180.228,0.148,187.3082759,7.228275862,187.78625,7.70625,,180.228
874,25/09/2017,177.06,179.3285,2.2685,186.0948276,9.034827586,187.8485,10.7885,,179.3285
875,02/10/2017,177.01,178.472,1.462,185.8741379,8.864137931,187.389,10.379,,178.472
876,09/10/2017,172.03,177.945,5.915,185.2089655,13.17896552,187.07525,15.04525,,177.945
877,16/10/2017,173.84,177.4345,3.5945,184.2103448,10.37034483,186.8935,13.0535,,177.4345
878,23/10/2017,166.68,176.575,9.895,182.7431034,16.06310345,186.4935,19.8135,,176.575
879,30/10/2017,174.68,176.184,1.504,182.2655172,7.585517241,185.82875,11.14875,,176.184
880,06/11/2017,181.02,175.4045,5.6155,180.8841379,0.135862069,185.1515,4.1315,,175.4045
881,13/11/2017,173.9,175.5905,1.6905,179.8337931,5.933793103,184.846,10.946,,175.5905
882,20/11/2017,173.65,174.876,1.226,179.0824138,5.432413793,184.2275,10.5775,,174.876
883,27/11/2017,177.82,174.435,3.385,178.6503448,0.830344828,183.87925,6.05925,,174.435
884,04/12/2017,180.88,174.1235,6.7565,177.8082759,3.071724138,183.113,2.233,,174.1235
885,11/12/2017,187.87,174.4725,13.3975,177.2437931,10.6262069,182.973,4.897,,174.4725
886,18/12/2017,188.96,175.058,13.902,177.0137931,11.9462069,182.761,6.199,,175.058
887,25/12/2017,190.37,175.632,14.738,177.207931,13.16206897,182.33575,8.03425,,175.632
888,01/01/2018,197.31,176.6115,20.6985,177.1365517,20.17344828,181.7305,15.5795,,176.6115
889,08/01/2018,200.7,177.9665,22.7335,177.6837931,23.0162069,181.971,18.729,,177.9665
890,15/01/2018,197.46,179.871,17.589,177.9265517,19.53344828,181.82,15.64,,179.871
891,22/01/2018,190.28,181.086,9.194,178.7334483,11.54655172,181.628,8.652,,181.086
892,29/01/2018,196.72,181.744,14.976,179.0531034,17.66689655,181.31475,15.40525,,181.744
893,05/02/2018,201.6,182.916,18.684,179.3224138,22.27758621,181.572,20.028,,182.916
894,12/02/2018,196.62,183.992,12.628,179.7593103,16.86068966,181.66025,14.95975,,183.992
895,19/02/2018,198.41,184.97,13.44,180.7144828,17.69551724,181.721,16.689,,184.97
896,26/02/2018,205.85,186.04,19.81,181.42,24.43,181.9925,23.8575,,186.04
897,05/03/2018,201.16,187.731,13.429,182.1417241,19.01827586,182.58275,18.57725,,187.731
898,12/03/2018,208.68,189.097,19.583,183.3510345,25.32896552,182.836,25.844,,189.097
899,19/03/2018,202.59,191.197,11.393,184.4182759,18.17172414,183.6905,18.8995,,191.197
900,26/03/2018,201.04,192.5925,8.4475,186.0068966,15.03310345,183.9985,17.0415,,192.5925
901,02/04/2018,206.03,193.5935,12.4365,187.0217241,19.00827586,184.592,21.438,,193.5935
902,09/04/2018,193.61,195.2,1.59,187.8465517,5.763448276,185.038,8.572,,195.2
903,16/04/2018,207.58,196.198,11.382,188.9758621,18.60413793,185.3165,22.2635,,196.198
904,23/04/2018,202.53,197.686,4.844,189.4424138,13.08758621,185.90475,16.62525,,197.686
905,30/04/2018,199.86,198.7685,1.0915,190.4948276,9.365172414,186.6205,13.2395,,198.7685
906,07/05/2018,212.41,199.368,13.042,191.3748276,21.03517241,187.213,25.197,,199.368
907,14/05/2018,203.17,200.5405,2.6295,192.3344828,10.83551724,188.08625,15.08375,,200.5405
908,21/05/2018,199.8,201.1805,1.3805,193.6644828,6.135517241,188.896,10.904,,201.1805
909,28/05/2018,211.77,201.305,10.465,194.9227586,16.84724138,189.63575,22.13425,,201.305
910,04/06/2018,200.22,201.8585,1.6385,195.7889655,4.431034483,190.86475,9.35525,,201.8585
911,11/06/2018,196.01,201.9965,5.9865,196.8493103,0.839310345,191.54125,4.46875,,201.9965
912,18/06/2018,183.12,202.283,19.163,197.7568966,14.63689655,192.0135,8.8935,,202.283
913,25/06/2018,177.12,201.603,24.483,198.527931,21.40793103,192.2595,15.1395,,201.603
914,02/07/2018,194.3,200.379,6.079,198.7106897,4.410689655,192.1855,2.1145,,200.379
915,09/07/2018,183.47,200.263,16.793,198.5810345,15.11103448,192.6165,9.1465,,200.263
916,16/07/2018,187.63,199.516,11.886,198.8027586,11.17275862,192.778,5.148,,199.516
917,23/07/2018,189.05,198.605,9.555,198.6134483,9.563448276,193.168,4.118,,198.605
918,30/07/2018,175.76,197.9995,22.2395,198.5189655,22.75896552,193.54825,17.78825,,197.9995
919,06/08/2018,166.74,196.3535,29.6135,198.2341379,31.49413793,193.77525,27.03525,,196.3535
920,13/08/2018,184.43,194.561,10.131,197.3741379,12.94413793,193.57675,9.14675,,194.561
921,20/08/2018,181.1,193.7305,12.6305,196.3148276,15.21482759,193.662,12.562,,193.7305
922,27/08/2018,186.43,192.484,6.054,196.1131034,9.683103448,193.842,7.412,,192.484
923,03/09/2018,172.81,192.125,19.315,195.5744828,22.76448276,194.1615,21.3515,,192.125
924,10/09/2018,181.5,190.3865,8.8865,195.0513793,13.55137931,194.03625,12.53625,,190.3865
925,17/09/2018,187.74,189.335,1.595,194.2303448,6.490344828,194.05175,6.31175,,189.335
926,24/09/2018,162.88,188.729,25.849,193.6472414,30.76724138,194.0485,31.1685,,188.729
927,01/10/2018,160.88,186.2525,25.3725,193.0227586,32.14275862,193.3965,32.5165,,186.2525
928,08/10/2018,165.25,184.138,18.888,191.7027586,26.45275862,192.65925,27.40925,,184.138
929,15/10/2018,182.72,182.4105,0.3095,190.0544828,7.334482759,191.85775,9.13775,,182.4105
930,22/10/2018,194.84,180.958,13.882,188.7668966,6.073103448,191.40825,3.43175,,180.958
931,29/10/2018,177.04,180.689,3.649,188.1351724,11.09517241,191.34275,14.30275,,180.689
932,05/11/2018,185.98,179.7405,6.2395,187.7493103,1.769310345,191.01175,5.03175,,179.7405
933,12/11/2018,186.57,179.8835,6.6865,187.177931,0.607931034,190.74325,4.17325,,179.8835
934,19/11/2018,178.37,180.356,1.986,186.4331034,8.063103448,190.3675,11.9975,,180.356
935,26/11/2018,199.63,179.5595,20.0705,185.8827586,13.74724138,189.91125,9.71875,,179.5595
936,03/12/2018,188.7,180.3675,8.3325,185.1417241,3.558275862,189.94175,1.24175,,180.3675
937,10/12/2018,194.63,180.421,14.209,184.7010345,9.928965517,189.513,5.117,,180.421
938,17/12/2018,204.26,180.7,23.56,184.202069,20.05793103,189.34975,14.91025,,180.7
939,24/12/2018,197.82,182.125,15.695,184.0237931,13.7962069,189.23925,8.58075,,182.125
940,31/12/2018,200.72,183.679,17.041,183.7648276,16.95517241,189.12,11.6,,183.679
941,07/01/2019,210.01,184.4935,25.5165,183.682069,26.32793103,189.112,20.898,,184.4935
942,14/01/2019,194.78,185.939,8.841,183.8444828,10.93551724,189.2115,5.5685,,185.939
943,21/01/2019,216.49,186.3565,30.1335,184.7717241,31.71827586,189.24075,27.24925,,186.3565
944,28/01/2019,198.61,188.5405,10.0695,185.3806897,13.22931034,189.4635,9.1465,,188.5405
945,04/02/2019,207.45,189.396,18.054,186.1458621,21.30413793,189.3655,18.0845,,189.396
946,11/02/2019,218.84,190.3815,28.4585,186.667931,32.17206897,189.55525,29.28475,,190.3815
947,18/02/2019,208.14,193.1795,14.9605,187.3513793,20.78862069,189.716,18.424,,193.1795
948,25/02/2019,194.92,195.5425,0.6225,188.3786207,6.54137931,189.84025,5.07975,,195.5425
949,04/03/2019,212.03,197.026,15.004,189.4951724,22.53482759,189.71825,22.31175,,197.026
950,11/03/2019,202.03,198.4915,3.5385,190.4668966,11.56310345,189.72475,12.30525,,198.4915
951,18/03/2019,203.12,198.851,4.269,191.4186207,11.70137931,189.77,13.35,,198.851
952,25/03/2019,215.21,200.155,15.055,192.1403448,23.06965517,189.94775,25.26225,,200.155
953,01/04/2019,200.22,201.6165,1.3965,192.7158621,7.504137931,190.75,9.47,,201.6165
954,08/04/2019,211.98,202.299,9.681,194.177931,17.80206897,191.3275,20.6525,,202.299
955,15/04/2019,218.77,203.9795,14.7905,194.8234483,23.94655172,191.7695,27.0005,,203.9795
956,22/04/2019,216.38,204.9365,11.4435,195.6593103,20.72068966,192.652,23.728,,204.9365
957,29/04/2019,216.81,206.3205,10.4895,197.5865517,19.22344828,193.37075,23.43925,,206.3205
958,06/05/2019,200.97,207.4295,6.4595,199.5003448,1.469655172,194.06475,6.90525,,207.4295
959,13/05/2019,209.81,207.265,2.545,201.2782759,8.531724138,194.695,15.115,,207.265
960,20/05/2019,210.59,207.8645,2.7255,201.9075862,8.682413793,195.77175,14.81825,,207.8645
961,27/05/2019,197.71,208.358,10.648,202.4237931,4.713793103,196.42575,1.28425,,208.358
962,03/06/2019,193.71,207.743,14.033,203.5806897,9.870689655,196.841,3.131,,207.743
963,10/06/2019,188.25,207.6895,19.4395,203.9851724,15.73517241,197.023,8.773,,207.6895
964,17/06/2019,187.56,206.2775,18.7175,204.2313793,16.67137931,197.409,9.849,,206.2775
965,24/06/2019,196.96,205.725,8.765,204.572069,7.612068966,197.5605,0.6005,,205.725
966,01/07/2019,179.4,205.2005,25.8005,204.1558621,24.75586207,197.791,18.391,,205.2005
967,08/07/2019,180.5,203.2285,22.7285,204.4406897,23.94068966,198.204,17.704,,203.2285
968,15/07/2019,189.43,201.8465,12.4165,203.9155172,14.48551724,198.6945,9.2645,,201.8465
969,22/07/2019,174.08,201.572,27.492,203.0962069,29.0162069,199.299,25.219,,201.572
970,29/07/2019,182.79,199.6745,16.8845,202.8068966,20.01689655,199.083,16.293,,199.6745
971,05/08/2019,187.02,198.7125,11.6925,201.8882759,14.86827586,198.78175,11.76175,,198.7125
972,12/08/2019,175.45,197.9075,22.4575,200.9496552,25.49965517,199.03125,23.58125,,197.9075
973,19/08/2019,178.75,195.9195,17.1695,200.682069,21.93206897,198.768,20.018,,195.9195
974,26/08/2019,183.44,194.846,11.406,199.2668966,15.82689655,198.5725,15.1325,,194.846
975,02/09/2019,182.97,193.419,10.449,198.582069,15.61206897,198.69925,15.72925,,193.419
976,09/09/2019,181.73,191.629,9.899,197.7541379,16.02413793,198.28275,16.55275,,191.629
977,16/09/2019,199.71,189.8965,9.8135,196.5172414,3.192758621,198.1085,1.6015,,189.8965
978,23/09/2019,181.7,189.0415,7.3415,195.6065517,13.90655172,198.2355,16.5355,,189.0415
979,30/09/2019,172.55,188.078,15.528,195.7717241,23.22172414,197.6715,25.1215,,188.078
980,07/10/2019,182.98,186.215,3.235,194.7258621,11.74586207,197.03975,14.05975,,186.215
981,14/10/2019,196.77,184.8345,11.9355,193.7093103,3.060689655,196.59625,0.17375,,184.8345
982,21/10/2019,187.08,184.7875,2.2925,193.0148276,5.934827586,196.26525,9.18525,,184.7875
983,28/10/2019,186.16,184.456,1.704,192.3789655,6.218965517,196.07275,9.91275,,184.456
984,04/11/2019,193.93,184.3515,9.5785,191.9258621,2.004137931,195.3145,1.3845,,184.3515
985,11/11/2019,190.25,184.67,5.58,191.0355172,0.785517241,195.1975,4.9475,,184.67
986,18/11/2019,204.84,184.3345,20.5055,190.1789655,14.66103448,194.7675,10.0725,,184.3345
987,25/11/2019,195.63,185.6065,10.0235,189.277931,6.352068966,194.4175,1.2125,,185.6065
988,02/12/2019,194.86,186.363,8.497,188.8651724,5.994827586,194.10475,0.75525,,186.363
989,09/12/2019,182.83,186.6345,3.8045,188.6810345,5.851034483,194.10325,11.27325,,186.6345
990,16/12/2019,204.05,187.072,16.978,188.1655172,15.88448276,193.37325,10.67675,,187.072
991,23/12/2019,207.55,188.135,19.415,187.2082759,20.34172414,193.42375,14.12625,,188.135
992,30/12/2019,195.56,189.1615,6.3985,187.4268966,8.133103448,193.5345,2.0255,,189.1615
993,06/01/2020,192.17,190.167,2.003,187.9041379,4.265862069,193.04325,0.87325,,190.167
994,13/01/2020,197.66,190.838,6.822,188.1562069,9.503793103,192.842,4.818,,190.838
995,20/01/2020,217.86,191.549,26.311,188.3151724,29.54482759,192.484,25.376,,191.549
996,27/01/2020,216.04,193.2935,22.7465,188.3393103,27.70068966,192.46125,23.57875,,193.2935
997,03/02/2020,215.85,195.009,20.841,189.6655172,26.18448276,192.45275,23.39725,,195.009
998,10/02/2020,204.31,195.816,8.494,190.8910345,13.41896552,192.42875,11.88125,,195.816
999,17/02/2020,209.63,196.9465,12.6835,191.802069,17.82793103,192.51225,17.11775,,196.9465
1000,24/02/2020,221.18,198.8005,22.3795,192.8444828,28.33551724,192.50775,28.67225,,198.8005
1001,02/03/2020,210.95,200.7105,10.2395,193.77,17.18,192.7725,18.1775,,200.7105
1002,09/03/2020,221.51,201.4195,20.0905,194.947931,26.56206897,193.1035,28.4065,,201.4195
1003,16/03/2020,193.01,203.141,10.131,196.172069,3.162068966,193.7985,0.7885,,203.141
1004,23/03/2020,223.21,203.4835,19.7265,197.6465517,25.56344828,193.9175,29.2925,,203.4835
1005,30/03/2020,204.69,204.9475,0.2575,197.9765517,6.713448276,194.80875,9.88125,,204.9475
1006,06/04/2020,210,205.6695,4.3305,199.3641379,10.63586207,195.002,14.998,,205.6695
1007,13/04/2020,220.1,205.9275,14.1725,200.1558621,19.94413793,195.767,24.333,,205.9275
1008,20/04/2020,200.03,207.151,7.121,200.5106897,0.480689655,196.757,3.273,,207.151
1009,27/04/2020,200.38,207.4095,7.0295,201.8348276,1.454827586,197.022,3.358,,207.4095
1010,04/05/2020,210.51,208.287,2.223,202.7824138,7.727586207,197.6795,12.8305,,208.287
1011,11/05/2020,211.06,208.61,2.45,203.3824138,7.677586207,198.3725,12.6875,,208.61
1012,18/05/2020,223.37,208.7855,14.5845,203.8562069,19.5137931,198.9735,24.3965,,208.7855
1013,25/05/2020,203.04,210.176,7.136,204.6831034,1.643103448,200.1715,2.8685,,210.176
1014,01/06/2020,201.19,210.7195,9.5295,205.9662069,4.776206897,200.77875,0.41125,,210.7195
1015,08/06/2020,207.62,210.896,3.276,206.2803448,1.339655172,201.2225,6.3975,,210.896
1016,15/06/2020,192.01,210.384,18.374,206.6575862,14.64758621,201.83875,9.82875,,210.384
1017,22/06/2020,192.76,209.1825,16.4225,206.7534483,13.99344828,202.09575,9.33575,,209.1825
1018,29/06/2020,208.59,208.028,0.562,206.6286207,1.96137931,201.922,6.668,,208.028
1019,06/07/2020,205.91,208.242,2.332,206.5562069,0.646206897,202.59425,3.31575,,208.242
1020,13/07/2020,202.99,208.056,5.066,207.4444828,4.454482759,203.42825,0.43825,,208.056
1021,20/07/2020,194.74,207.1465,12.4065,207.5086207,12.76862069,203.9285,9.1885,,207.1465
1022,27/07/2020,185.69,206.336,20.646,207.3513793,21.66137931,203.87775,18.18775,,206.336
1023,03/08/2020,200.05,204.545,4.495,207.3231034,7.273103448,203.843,3.793,,204.545
1024,10/08/2020,182.4,204.897,22.497,207.0996552,24.69965517,204.19025,21.79025,,204.897
1025,17/08/2020,198.56,202.8565,4.2965,207.182069,8.622068966,203.902,5.342,,202.8565
1026,24/08/2020,193.29,202.55,9.26,205.9593103,12.66931034,204.10975,10.81975,,202.55
1027,31/08/2020,189.54,201.7145,12.1745,205.3565517,15.81655172,203.821,14.281,,201.7145
1028,07/09/2020,163.65,200.1865,36.5365,204.5786207,40.92862069,203.66875,40.01875,,200.1865
1029,14/09/2020,201.49,198.3675,3.1225,204.0693103,2.579310345,202.8885,1.3985,,198.3675
1030,21/09/2020,191.86,198.423,6.563,202.4837931,10.6237931,203.355,11.495,,198.423
1031,28/09/2020,183.68,197.4905,13.8105,201.8048276,18.12482759,203.05025,19.37025,,197.4905
1032,05/10/2020,204.88,196.1215,8.7585,201.1465517,3.733448276,202.4535,2.4265,,196.1215
1033,12/10/2020,193.49,195.197,1.707,199.842069,6.352068966,202.6865,9.1965,,195.197
1034,19/10/2020,199.44,194.7195,4.7205,200.2513793,0.81137931,202.7195,3.2795,,194.7195
1035,26/10/2020,193.09,194.632,1.542,199.2265517,6.136551724,202.764,9.674,,194.632
1036,02/11/2020,207.09,193.9055,13.1845,199.0455172,8.044482759,202.14475,4.94525,,193.9055
1037,09/11/2020,195.77,194.6595,1.1105,198.4624138,2.692413793,201.921,6.151,,194.6595
1038,16/11/2020,199.18,194.81,4.37,198.0137931,1.166206897,201.419,2.239,,194.81
1039,23/11/2020,203.42,194.3395,9.0805,197.8668966,5.553103448,201.29075,2.12925,,194.3395
1040,30/11/2020,202.98,194.215,8.765,197.8255172,5.154482759,201.1355,1.8445,,194.215
1041,07/12/2020,198.41,194.2145,4.1955,197.5810345,0.828965517,200.6805,2.2705,,194.2145
1042,14/12/2020,209.72,194.398,15.322,197.3024138,12.41758621,200.367,9.353,,194.398
1043,21/12/2020,206.11,195.5995,10.5105,196.4417241,9.668275862,200.07225,6.03775,,195.5995
1044,28/12/2020,196.27,195.9025,0.3675,196.672069,0.402068966,200.39975,4.12975,,195.9025
1045,04/01/2021,207.59,196.596,10.994,196.8417241,10.74827586,199.72625,7.86375,,196.596
1046,11/01/2021,204.94,197.0475,7.8925,196.4503448,8.489655172,199.79875,5.14125,,197.0475
1047,18/01/2021,212.92,197.63,15.29,196.9875862,15.93241379,199.67225,13.24775,,197.63
1048,25/01/2021,223.12,198.799,24.321,197.4075862,25.71241379,199.49275,23.62725,,198.799
1049,01/02/2021,213.49,201.7725,11.7175,197.5568966,15.93310345,200.07,13.42,,201.7725
1050,08/02/2021,212.03,202.3725,9.6575,198.1503448,13.87965517,200.39775,11.63225,,202.3725
1051,15/02/2021,221.18,203.381,17.799,198.5124138,22.66758621,200.43575,20.74425,,203.381
1052,22/02/2021,204.71,205.256,0.546,199.1086207,5.60137931,200.68875,4.02125,,205.256
1053,01/03/2021,212.39,205.2475,7.1425,200.3324138,12.05758621,200.22225,12.16775,,205.2475
1054,08/03/2021,233.36,206.1925,27.1675,200.4931034,32.86689655,200.456,32.904,,206.1925
1055,15/03/2021,222.74,207.8885,14.8515,201.5272414,21.21275862,201.26025,21.47975,,207.8885
1056,22/03/2021,218.97,209.371,9.599,202.7272414,16.24275862,201.63825,17.33175,,209.371
1057,29/03/2021,227.55,209.965,17.585,203.7427586,23.80724138,202.31225,25.23775,,209.965
1058,05/04/2021,223.29,211.554,11.736,204.7575862,18.53241379,203.182,20.108,,211.554
1059,12/04/2021,221.09,212.7595,8.3305,206.9610345,14.12896552,203.5495,17.5405,,212.7595
1060,19/04/2021,223.23,213.643,9.587,207.7127586,15.51724138,203.929,19.301,,213.643
1061,26/04/2021,220.63,214.6555,5.9745,208.7206897,11.90931034,204.435,16.195,,214.6555
1062,03/05/2021,216.9,215.7665,1.1335,210.0844828,6.815517241,205.08225,11.81775,,215.7665
1063,10/05/2021,224.14,216.1255,8.0145,210.6275862,13.51241379,205.8625,18.2775,,216.1255
1064,17/05/2021,215.34,217.027,1.687,211.4348276,3.905172414,206.46475,8.87525,,217.027
1065,24/05/2021,212.31,217.9805,5.6705,212.2865517,0.023448276,207.28825,5.02175,,217.9805
1066,31/05/2021,202.09,218.2165,16.1265,213.0537931,10.9637931,207.632,5.542,,218.2165
1067,07/06/2021,211.65,218.074,6.424,213.2337931,1.583793103,207.852,3.798,,218.074
1068,14/06/2021,206.45,218.0105,11.5605,213.4517241,7.001724138,208.40475,1.95475,,218.0105
1069,21/06/2021,206.46,217.177,10.717,213.8817241,7.421724138,209.47475,3.01475,,217.177
1070,28/06/2021,195.64,216.8255,21.1855,213.9862069,18.3462069,209.599,13.959,,216.8255
1071,05/07/2021,206.4,216.006,9.606,214.1062069,7.706206897,209.6935,3.2935,,216.006
1072,12/07/2021,193.7,215.267,21.567,214.0106897,20.31068966,210.2615,16.5615,,215.267
1073,19/07/2021,195.63,214.7165,19.0865,213.8962069,18.2662069,209.982,14.352,,214.7165
1074,26/07/2021,183.97,213.8785,29.9085,213.4682759,29.49827586,210.0355,26.0655,,213.8785
1075,02/08/2021,211.27,211.409,0.139,213.4462069,2.176206897,209.64875,1.62125,,211.409
1076,09/08/2021,196.46,210.8355,14.3755,212.6317241,16.17172414,210.10325,13.64325,,210.8355
1077,16/08/2021,196.3,209.71,13.41,212.85,16.55,209.8375,13.5375,,209.71
1078,23/08/2021,197.61,208.1475,10.5375,212.2824138,14.67241379,209.85075,12.24075,,208.1475
1079,30/08/2021,198.84,206.8635,8.0235,211.3575862,12.51758621,209.8115,10.9715,,206.8635
1080,06/09/2021,191.1,205.751,14.651,210.81,19.71,209.697,18.597,,205.751
1081,13/09/2021,198.65,204.1445,5.4945,210.3551724,11.70517241,209.4,10.75,,204.1445
1082,20/09/2021,193.48,203.0455,9.5655,209.317931,15.83793103,209.406,15.926,,203.0455
1083,27/09/2021,198.77,201.8745,3.1045,209.1089655,10.33896552,209,10.23,,201.8745
1084,04/10/2021,190.76,200.606,9.846,208.4568966,17.69689655,208.8165,18.0565,,200.606
1085,11/10/2021,182.94,199.377,16.437,207.2641379,24.32413793,208.67875,25.73875,,199.377
1086,18/10/2021,197.87,197.9085,0.0385,206.1613793,8.29137931,208.0625,10.1925,,197.9085
1087,25/10/2021,184.12,197.6975,13.5775,204.9189655,20.79896552,207.88575,23.76575,,197.6975
1088,01/11/2021,204.36,196.321,8.039,203.8955172,0.464482759,207.16575,2.80575,,196.321
1089,08/11/2021,197.67,196.2165,1.4535,202.5448276,4.874827586,206.69675,9.02675,,196.2165
1090,15/11/2021,189.81,195.777,5.967,201.967931,12.15793103,206.30125,16.49125,,195.777
1091,22/11/2021,204.27,195.4855,8.7845,201.0865517,3.183448276,205.74575,1.47575,,195.4855
1092,29/11/2021,214.96,195.379,19.581,200.0237931,14.9362069,205.323,9.637,,195.379
1093,06/12/2021,204.25,196.442,7.808,199.5882759,4.661724138,205.57925,1.32925,,196.442
1094,13/12/2021,212.41,196.873,15.537,199.2717241,13.13827586,205.37575,7.03425,,196.873
1095,20/12/2021,218.39,198.295,20.095,198.8893103,19.50068966,204.852,13.538,,198.295
1096,27/12/2021,211.81,198.651,13.159,198.8927586,12.91724138,204.74325,7.06675,,198.651
1097,03/01/2022,210.48,199.4185,11.0615,199.4548276,11.02517241,204.56425,5.91575,,199.4185
1098,10/01/2022,223.82,200.1275,23.6925,199.4603448,24.35965517,204.1375,19.6825,,200.1275
1099,17/01/2022,227.66,201.438,26.222,199.5993103,28.06068966,204.15075,23.50925,,201.438
1100,24/01/2022,230.67,202.879,27.791,200.197931,30.47206897,204.315,26.355,,202.879
1101,31/01/2022,233.41,204.8575,28.5525,201.302069,32.10793103,204.501,28.909,,204.8575
1102,07/02/2022,221.75,206.5955,15.1545,202.1389655,19.61103448,204.8205,16.9295,,206.5955
1103,14/02/2022,212.66,208.009,4.651,203.5082759,9.151724138,204.94175,7.71825,,208.009
1104,21/02/2022,224.22,208.7035,15.5165,204.4089655,19.81103448,204.65475,19.56525,,208.7035
1105,28/02/2022,224.72,210.3765,14.3435,205.3982759,19.32172414,204.87675,19.84325,,210.3765
1106,07/03/2022,202.1,212.4655,10.3655,205.8448276,3.744827586,205.187,3.087,,212.4655
1107,14/03/2022,224.23,212.677,11.553,206.8193103,17.41068966,205.18725,19.04275,,212.677
1108,21/03/2022,219.51,214.6825,4.8275,207.0193103,12.49068966,205.50175,14.00825,,214.6825
1109,28/03/2022,221.92,215.44,6.48,207.9372414,13.98275862,205.82825,16.09175,,215.44
1110,04/04/2022,226.18,216.6525,9.5275,208.65,17.53,206.21475,19.96525,,216.6525
1111,11/04/2022,216.28,218.471,2.191,209.7127586,6.567241379,206.97825,9.30175,,218.471
1112,18/04/2022,232.82,219.0715,13.7485,210.662069,22.15793103,207.22525,25.59475,,219.0715
1113,25/04/2022,223.73,219.9645,3.7655,211.4482759,12.28172414,208.20325,15.52675,,219.9645
1114,02/05/2022,225.37,220.9385,4.4315,212.6224138,12.74758621,208.90575,16.46425,,220.9385
1115,09/05/2022,235.98,221.5865,14.3935,213.7593103,22.22068966,209.94075,26.03925,,221.5865
1116,16/05/2022,207.29,222.466,15.176,215.2224138,7.932413793,210.5585,3.2685,,222.466
1117,23/05/2022,211.15,222.24,11.09,216.5365517,5.386551724,210.82925,0.32075,,222.24
1118,30/05/2022,209.94,222.2735,12.3335,217.3355172,7.395517241,211.2005,1.2605,,222.2735
1119,06/06/2022,204.89,221.5795,16.6895,217.5696552,12.67965517,211.50875,6.61875,,221.5795
1120,13/06/2022,206.54,220.441,13.901,217.9927586,11.45275862,211.66,5.12,,220.441
1121,20/06/2022,216.92,219.2345,2.3145,218.5127586,1.592758621,212.046,4.874,,219.2345
1122,27/06/2022,215.32,218.41,3.09,218.5910345,3.271034483,212.50275,2.81725,,218.41
1123,04/07/2022,192.45,218.0885,25.6385,218.6586207,26.20862069,213.04875,20.59875,,218.0885
1124,11/07/2022,194.28,217.078,22.798,219.0403448,24.76034483,212.89075,18.61075,,217.078
1125,18/07/2022,198.72,215.581,16.861,218.352069,19.63206897,212.97875,14.25875,,215.581
1126,25/07/2022,210.8,214.281,3.481,217.5206897,6.720689655,213.37325,2.57325,,214.281
1127,01/08/2022,190.84,214.716,23.876,217.0693103,26.22931034,213.6965,22.8565,,214.716
1128,08/08/2022,209.09,213.0465,3.9565,217.0803448,7.990344828,213.8645,4.7745,,213.0465
1129,15/08/2022,182.36,212.5255,30.1655,215.9431034,33.58310345,213.98275,31.62275,,212.5255
1130,22/08/2022,190.91,210.5475,19.6375,215.3027586,24.39275862,213.6,22.69,,210.5475
1131,29/08/2022,190.93,208.784,17.854,213.6368966,22.70689655,213.6275,22.6975,,208.784
1132,05/09/2022,190.75,207.5165,16.7665,212.1713793,21.42137931,213.294,22.544,,207.5165
1133,12/09/2022,198.13,205.413,7.283,211.1086207,12.97862069,212.68875,14.55875,,205.413
1134,19/09/2022,180.61,204.133,23.523,210.3531034,29.74310345,212.53575,31.92575,,204.133
1135,26/09/2022,197.05,201.895,4.845,209.4534483,12.40344828,211.74075,14.69075,,201.895
1136,03/10/2022,192.7,199.9485,7.2485,207.9324138,15.23241379,211.20725,18.50725,,199.9485
1137,10/10/2022,204.7,199.219,5.481,207.7582759,3.058275862,210.7295,6.0295,,199.219
1138,17/10/2022,185.25,198.8965,13.6465,206.6710345,21.42103448,210.585,25.335,,198.8965
1139,24/10/2022,206.92,197.662,9.258,206.1603448,0.759655172,209.62075,2.70075,,197.662
1140,31/10/2022,202.6,197.7635,4.8365,204.8958621,2.295862069,209.10225,6.50225,,197.7635
1141,07/11/2022,201.99,197.5665,4.4235,204.2317241,2.241724138,208.4005,6.4105,,197.5665
1142,14/11/2022,226.82,196.82,30,203.76,23.06,207.615,19.205,,196.82
1143,21/11/2022,219.56,197.395,22.165,202.6968966,16.86310345,207.74175,11.81825,,197.395
1144,28/11/2022,203.47,198.7505,4.7195,202.8034483,0.666551724,207.91425,4.44425,,198.7505
1145,05/12/2022,210.34,199.21,11.13,202.6031034,7.736896552,207.3955,2.9445,,199.21
1146,12/12/2022,224.17,199.791,24.379,201.482069,22.68793103,207.036,17.134,,199.791
1147,19/12/2022,209.31,200.4595,8.8505,201.5872414,7.722758621,207.58775,1.72225,,200.4595
1148,26/12/2022,228.23,201.383,26.847,202.0362069,26.1937931,207.21475,21.01525,,201.383
1149,02/01/2023,213.83,202.34,11.49,202.0144828,11.81551724,207.43275,6.39725,,202.34
1150,09/01/2023,204.06,203.9135,0.1465,202.8193103,1.240689655,207.2305,3.1705,,203.9135
1151,16/01/2023,234.73,204.571,30.159,203.0706897,31.65931034,206.6775,28.0525,,204.571
1152,23/01/2023,231.55,206.761,24.789,202.6272414,28.92275862,207.13875,24.41125,,206.761
1153,30/01/2023,231.07,208.801,22.269,203.2965517,27.77344828,207.107,23.963,,208.801
1154,06/02/2023,245.53,210.448,35.082,204.6448276,40.88517241,207.2905,38.2395,,210.448
1155,13/02/2023,230.94,213.694,17.246,205.9134483,25.02655172,207.7945,23.1455,,213.694
1156,20/02/2023,230.77,215.3885,15.3815,207.5275862,23.24241379,207.6685,23.1015,,215.3885
1157,27/02/2023,234.9,217.292,17.608,208.222069,26.67793103,208.2555,26.6445,,217.292
1158,06/03/2023,250.58,218.802,31.778,209.5989655,40.98103448,208.84925,41.73075,,218.802
1159,13/03/2023,230.89,222.0685,8.8215,210.4889655,20.40103448,209.86525,21.02475,,222.0685
1160,20/03/2023,251.78,223.267,28.513,212.8413793,38.93862069,210.51525,41.26475,,223.267
1161,27/03/2023,223.38,225.726,2.346,214.22,9.16,211.64625,11.73375,,225.726
1162,03/04/2023,230.86,226.7955,4.0645,216.3182759,14.54172414,211.80775,19.05225,,226.7955
1163,10/04/2023,231.04,226.9975,4.0425,217.4434483,13.59655172,212.19625,18.84375,,226.9975
1164,17/04/2023,241.02,227.5715,13.4485,218.572069,22.44793103,213.161,27.859,,227.5715
1165,24/04/2023,226.98,229.449,2.469,220.3110345,6.668965517,214.3295,12.6505,,229.449
1166,01/05/2023,235.06,230.281,4.779,221.8272414,13.23275862,215.036,20.024,,230.281
1167,08/05/2023,232.53,230.8255,1.7045,223.0093103,9.520689655,215.6425,16.8875,,230.8255
1168,15/05/2023,213.77,231.9865,18.2165,224.0562069,10.2862069,216.68475,2.91475,,231.9865
1169,22/05/2023,209.78,231.2635,21.4835,225.6865517,15.90655172,216.80175,7.02175,,231.2635
1170,29/05/2023,218.47,231.061,12.591,225.9227586,7.452758621,217.48725,0.98275,,231.061
1171,05/06/2023,197.88,231.7815,33.9015,226.1703448,28.29034483,218.17625,20.29625,,231.7815
1172,12/06/2023,214.4,229.939,15.539,226.7386207,12.33862069,218.35,3.95,,229.939
1173,19/06/2023,228.88,229.0815,0.2015,225.7406897,3.139310345,218.94125,9.93875,,229.0815
1174,26/06/2023,214.56,228.972,14.412,225.5627586,11.00275862,219.71,5.15,,228.972
1175,03/07/2023,221.09,227.4235,6.3335,226.4389655,5.348965517,220.55875,0.53125,,227.4235
1176,10/07/2023,218.99,226.931,7.941,226.5844828,7.594482759,221.15975,2.16975,,226.931
1177,17/07/2023,209.36,226.342,16.982,226.4782759,17.11827586,221.817,12.457,,226.342
1178,24/07/2023,200.34,225.065,24.725,226.812069,26.47206897,221.9335,21.5935,,225.065
1179,31/07/2023,196.38,222.553,26.173,226.1613793,29.78137931,222.31075,25.93075,,222.553
1180,07/08/2023,206.8,220.8275,14.0275,225.6962069,18.8962069,222.04725,15.24725,,220.8275
1181,14/08/2023,206.93,218.5785,11.6485,225.4313793,18.50137931,222.15225,15.22225,,218.5785
1182,21/08/2023,189.66,217.756,28.096,224.4682759,34.80827586,222.27575,32.61575,,217.756
1183,28/08/2023,212.7,215.696,2.996,223.6193103,10.91931034,221.34675,8.64675,,215.696
1184,04/09/2023,200.79,214.779,13.989,222.1913793,21.40137931,221.17525,20.38525,,214.779
1185,11/09/2023,202.85,212.7675,9.9175,221.0593103,18.20931034,221.10825,18.25825,,212.7675
1186,18/09/2023,202.35,211.561,9.211,220.0196552,17.66965517,220.921,18.571,,211.561
1187,25/09/2023,211.15,209.9255,1.2245,219.0568966,7.906896552,220.3755,9.2255,,209.9255
1188,02/10/2023,215.34,208.8565,6.4835,217.9344828,2.594482759,220.4215,5.0815,,208.8565
1189,09/10/2023,204.14,208.935,4.795,216.5748276,12.43482759,220.09925,15.95925,,208.935
1190,16/10/2023,214.26,208.653,5.607,216.0386207,1.77862069,219.857,5.597,,208.653
1191,23/10/2023,210.72,208.4425,2.2775,214.3958621,3.675862069,220.112,9.392,,208.4425
1192,30/10/2023,215.55,209.0845,6.4655,214.0813793,1.46862069,219.51175,3.96175,,209.0845
1193,06/11/2023,213.95,209.142,4.808,213.3868966,0.563103448,219.11175,5.16175,,209.142
1194,13/11/2023,224.78,208.3955,16.3845,212.8527586,11.92724138,218.68375,6.09625,,208.3955
1195,20/11/2023,218.98,208.9065,10.0735,211.9193103,7.060689655,218.165,0.815,,208.9065
1196,27/11/2023,215.29,208.801,6.489,211.8434483,3.446551724,217.866,2.576,,208.801
1197,04/12/2023,234.83,208.616,26.214,211.2889655,23.54103448,217.479,17.351,,208.616
1198,11/12/2023,231.84,209.8895,21.9505,210.6944828,21.14551724,217.47725,14.36275,,209.8895
1199,18/12/2023,220.25,211.4645,8.7855,211.4206897,8.829310345,217.00875,3.24125,,211.4645
1200,25/12/2023,229.94,212.658,17.282,212.1813793,17.75862069,216.74275,13.19725,,212.658
1201,01/01/2024,220.77,213.815,6.955,212.2427586,8.527241379,216.19675,4.57325,,213.815
1202,08/01/2024,226.83,214.507,12.323,213.3482759,13.48172414,216.1315,10.6985,,214.507
1203,15/01/2024,228.6,216.3655,12.2345,213.567931,15.03206897,216.03075,12.56925,,216.3655
1204,22/01/2024,228.63,217.1605,11.4695,213.4972414,15.13275862,215.96975,12.66025,,217.1605
1205,29/01/2024,238.59,218.5525,20.0375,213.9813793,24.60862069,215.66,22.93,,218.5525
1206,05/02/2024,247.05,220.3395,26.7105,214.2413793,32.80862069,215.95025,31.09975,,220.3395
1207,12/02/2024,237.08,222.5745,14.5055,214.9172414,22.16275862,216.25,20.83,,222.5745
1208,19/02/2024,243.66,223.871,19.789,216.2168966,27.44310345,216.36375,27.29625,,223.871
1209,26/02/2024,208.63,225.287,16.657,217.4837931,8.853793103,217.111,8.481,,225.287
1210,04/03/2024,228.88,225.5115,3.3685,219.1141379,9.765862069,217.08225,11.79775,,225.5115
1211,11/03/2024,247.5,226.2425,21.2575,219.1772414,28.32275862,217.3425,30.1575,,226.2425
1212,18/03/2024,239.13,228.0815,11.0485,219.9341379,19.19586207,218.583,20.547,,228.0815
1213,25/03/2024,245.33,229.2605,16.0695,221.9286207,23.40137931,219.20125,26.12875,,229.2605
1214,01/04/2024,237.22,230.8295,6.3905,222.84,14.38,219.6125,17.6075,,230.8295
1215,08/04/2024,241.96,231.4515,10.5085,224.3758621,17.58413793,220.179,21.781,,231.4515
1216,15/04/2024,232.01,232.6005,0.5905,225.5610345,6.448965517,220.70075,11.30925,,232.6005
1217,22/04/2024,240.43,233.4365,6.9935,226.9268966,13.50310345,221.02625,19.40375,,233.4365
1218,29/04/2024,236.1,233.7165,2.3835,227.6462069,8.453793103,221.803,14.297,,233.7165
1219,06/05/2024,233.39,233.9295,0.5395,228.5113793,4.87862069,222.697,10.693,,233.9295
1220,13/05/2024,223.32,234.5865,11.2665,229.6134483,6.293448276,223.62225,0.30225,,234.5865
1221,20/05/2024,235.79,234.2555,1.5345,230.2731034,5.516896552,224.03525,11.75475,,234.2555
1222,27/05/2024,234.55,235.0065,0.4565,230.7075862,3.842413793,224.75675,9.79325,,235.0065
1223,03/06/2024,218.92,235.3925,16.4725,231.4055172,12.48551724,225.879,6.959,,235.3925
1224,10/06/2024,214.39,234.9085,20.5185,232.1158621,17.72586207,226.0345,11.6445,,234.9085
1225,17/06/2024,210.97,234.1965,23.2265,231.9137931,20.9437931,226.3745,15.4045,,234.1965
1226,24/06/2024,221.59,232.8155,11.2255,231.7555172,10.16551724,226.5775,4.9875,,232.8155
1227,01/07/2024,212.93,231.5425,18.6125,231.6065517,18.67655172,227.0585,14.1285,,231.5425
1228,08/07/2024,206.04,230.335,24.295,231.15,25.11,227.103,21.063,,230.335
1229,15/07/2024,220.53,228.454,7.924,230.497931,9.967931034,226.8705,6.3405,,228.454
1230,22/07/2024,216.43,229.049,12.619,230.007931,13.57793103,227.28025,10.85025,,229.049
1231,29/07/2024,211.71,228.4265,16.7165,229.6834483,17.97344828,227.3345,15.6245,,228.4265
1232,05/08/2024,201.92,226.637,24.717,229.5337931,27.6137931,227.35925,25.43925,,226.637
1233,12/08/2024,204.88,224.7765,19.8965,229.0124138,24.13241379,227.0185,22.1385,,224.7765
1234,19/08/2024,212.75,222.754,10.004,228.0924138,15.34241379,226.79175,14.04175,,222.754
1235,26/08/2024,211.4,221.5305,10.1305,227.2734483,15.87344828,226.491,15.091,,221.5305
1236,02/09/2024,215.51,220.0025,4.4925,226.3824138,10.87241379,226.3015,10.7915,,220.0025
1237,09/09/2024,206.61,219.1775,12.5675,225.1531034,18.54310345,226.307,19.697,,219.1775
1238,16/09/2024,201.47,217.4865,16.0165,224.4093103,22.93931034,225.6015,24.1315,,217.4865
1239,23/09/2024,220.9,215.755,5.145,223.1317241,2.231724138,224.84225,3.94225,,215.755
1240,30/09/2024,204.55,215.1305,10.5805,222.8848276,18.33482759,224.8585,20.3085,,215.1305
1241,07/10/2024,215.65,214.192,1.458,222.6096552,6.959655172,224.22375,8.57375,,214.192
1242,14/10/2024,214.15,213.185,0.965,221.1286207,6.97862069,224.09575,9.94575,,213.185
1243,21/10/2024,223.71,212.165,11.545,220.3189655,3.391034483,223.77875,0.06875,,212.165
1244,28/10/2024,218.83,212.4045,6.4255,219.2437931,0.413793103,223.6565,4.8265,,212.4045
1245,04/11/2024,222.91,212.6265,10.2835,218.777931,4.132068966,223.4115,0.5015,,212.6265
1246,11/11/2024,209.27,213.2235,3.9535,217.9803448,8.710344828,223.0195,13.7495,,213.2235
1247,18/11/2024,227.06,212.6075,14.4525,217.6665517,9.393448276,222.075,4.985,,212.6075
1248,25/11/2024,220,213.314,6.686,216.592069,3.407931034,221.8245,1.8245,,213.314
1249,02/12/2024,228.86,214.012,14.848,216.2803448,12.57965517,221.233,7.627,,214.012
1250,09/12/2024,231.78,214.4285,17.3515,215.8186207,15.96137931,221.73875,10.04125,,214.4285
1251,16/12/2024,234.73,215.196,19.534,216.0096552,18.72034483,221.81125,12.91875,,215.196
1252,23/12/2024,233.48,216.347,17.133,215.8713793,17.60862069,221.492,11.988,,216.347
1253,30/12/2024,229.25,217.925,11.325,215.8775862,13.37241379,221.35075,7.89925,,217.925
1254,06/01/2025,232.92,219.1435,13.7765,216.3796552,16.54034483,220.94875,11.97125,,219.1435
1255,13/01/2025,233.28,220.152,13.128,216.892069,16.38793103,220.84125,12.43875,,220.152
1256,20/01/2025,234.46,221.246,13.214,217.6489655,16.81103448,220.62425,13.83575,,221.246
1257,27/01/2025,237.85,222.1935,15.6565,218.052069,19.79793103,220.6855,17.1645,,222.1935
1258,03/02/2025,218.46,223.7555,5.2955,218.7944828,0.334482759,220.621,2.161,,223.7555
1259,10/02/2025,249.75,224.605,25.145,219.8913793,29.85862069,220.18,29.57,,224.605
1260,17/02/2025,240.05,226.0475,14.0025,219.82,20.23,220.589,19.461,,226.0475
1261,24/02/2025,248.71,227.8225,20.8875,220.9689655,27.74103448,221.00725,27.70275,,227.8225
1262,03/03/2025,237.35,229.4755,7.8745,221.9462069,15.4037931,221.33025,16.01975,,229.4755
1263,10/03/2025,237.9,230.6355,7.2645,223.5596552,14.34034483,221.40025,16.49975,,230.6355
1264,17/03/2025,247.98,231.345,16.635,224.6793103,23.30068966,221.87475,26.10525,,231.345
1265,24/03/2025,233.67,232.8025,0.8675,225.5465517,8.123448276,222.7145,10.9555,,232.8025
1266,31/03/2025,244.08,233.3405,10.7395,226.807931,17.27206897,223.282,20.798,,233.3405
1267,07/04/2025,231.68,235.081,3.401,227.4341379,4.245862069,223.84425,7.83575,,235.081
1268,14/04/2025,234.42,235.312,0.892,228.7262069,5.693793103,224.313,10.107,,235.312
1269,21/04/2025,255.55,236.033,19.517,229.767931,25.78206897,225.0225,30.5275,,236.033
1270,28/04/2025,221.04,237.3675,16.3275,230.2341379,9.194137931,225.898,4.858,,237.3675
1271,05/05/2025,252.05,236.8305,15.2195,231.9927586,20.05724138,226.01325,26.03675,,236.8305
1272,12/05/2025,224.65,237.6965,13.0465,232.1786207,7.52862069,227.02175,2.37175,,237.6965
1273,19/05/2025,231.65,237.255,5.605,233.4855172,1.835517241,227.59,4.06,,237.255
1274,26/05/2025,228.04,237.375,9.335,233.517931,5.477931034,228.25925,0.21925,,237.375
1275,02/06/2025,231.85,237.131,5.281,233.96,2.11,228.6415,3.2085,,237.131
1276,09/06/2025,232.98,237.0595,4.0795,234.1368966,1.156896552,229.15275,3.82725,,237.0595
1277,16/06/2025,239.75,236.9855,2.7645,234.9155172,4.834482759,229.5895,10.1605,,236.9855
1278,23/06/2025,241.92,237.0805,4.8395,235.1196552,6.800344828,230.418,11.502,,237.0805
1279,30/06/2025,216.69,238.2535,21.5635,235.8006897,19.11068966,231.42925,14.73925,,238.2535
1280,07/07/2025,223.6,236.6005,13.0005,236.2510345,12.65103448,231.324,7.724,,236.6005
1281,14/07/2025,219.95,235.778,15.828,235.7306897,15.78068966,231.80025,11.85025,,235.778
1282,21/07/2025,220.38,234.34,13.96,235.3468966,14.96689655,231.90775,11.52775,,234.34
1283,28/07/2025,221.62,233.4915,11.8715,234.8803448,13.26034483,232.0635,10.4435,,233.4915
1284,04/08/2025,209.7,232.6775,22.9775,234.5744828,24.87448276,232.01125,22.31125,,232.6775
1285,11/08/2025,207.81,230.7635,22.9535,234.1848276,26.37482759,231.783,23.973,,230.7635
1286,18/08/2025,209.95,229.4705,19.5205,233.3717241,23.42172414,231.4055,21.4555,,229.4705
1287,25/08/2025,223.23,227.764,4.534,232.4527586,9.222758621,231.4225,8.1925,,227.764
1288,01/09/2025,211.5,227.3415,15.8415,231.4906897,19.99068966,231.32675,19.82675,,227.3415
1289,08/09/2025,215.08,226.1955,11.1155,231.6551724,16.57517241,231.11425,16.03425,,226.1955
1290,15/09/2025,218.98,224.172,5.192,230.3362069,11.3562069,230.76975,11.78975,,224.172
1291,22/09/2025,214.4,224.069,9.669,229.4751724,15.07517241,230.44975,16.04975,,224.069
1292,29/09/2025,217.93,222.1865,4.2565,228.45,10.52,229.9415,12.0115,,222.1865
1293,06/10/2025,203.87,221.8505,17.9805,227.6586207,23.78862069,229.55275,25.68275,,221.8505
1294,13/10/2025,220.79,220.4615,0.3285,226.97,6.18,228.91825,8.12825,,220.4615
1295,20/10/2025,231.08,220.099,10.981,225.4489655,5.631034483,228.615,2.465,,220.099
1296,27/10/2025,229.94,220.0605,9.8795,225.0048276,4.935172414,228.56,1.38,,220.0605
1297,03/11/2025,233.18,219.9085,13.2715,224.5565517,8.623448276,228.447,4.733,,219.9085
1298,10/11/2025,214.51,219.58,5.07,224.4965517,9.986551724,228.33025,13.82025,,219.58
1299,17/11/2025,230.32,218.2095,12.1105,224.4537931,5.866206897,228.2315,2.0885,,218.2095
1300,24/11/2025,237.47,218.891,18.579,223.0386207,14.43137931,227.74575,9.72425,,218.891
1301,01/12/2025,220.78,219.5845,1.1955,223.3586207,2.57862069,227.68125,6.90125,,219.5845
1302,08/12/2025,235.43,219.626,15.804,222.8558621,12.57413793,226.983,8.447,,219.626
1303,15/12/2025,239,220.3785,18.6215,222.7224138,16.27758621,226.935,12.065,,220.3785
1304,22/12/2025,231.55,221.2475,10.3025,222.8527586,8.697241379,226.9625,4.5875,,221.2475
1305,29/12/2025,236.6,222.34,14.26,223.2306897,13.36931034,226.55175,10.04825,,222.34
1306,05/01/2026,228.4,223.7795,4.6205,223.2203448,5.179655172,226.625,1.775,,223.7795
1307,12/01/2026,250.83,224.702,26.128,223.3451724,27.48482759,226.233,24.597,,224.702
1308,19/01/2026,252.52,226.082,26.438,222.9537931,29.5662069,226.71175,25.80825,,226.082
1309,26/01/2026,241.34,228.133,13.207,223.2610345,18.07896552,227.16425,14.17575,,228.133
1310,02/02/2026,239,229.446,9.554,224.4965517,14.50344828,226.809,12.191,,229.446
1311,09/02/2026,238.08,230.447,7.633,225.1082759,12.97172414,227.258,10.822,,230.447
1312,16/02/2026,250.85,231.631,19.219,225.7651724,25.08482759,226.90875,23.94125,,231.631
1313,23/02/2026,241.72,233.277,8.443,226.3755172,15.34448276,227.56375,14.15625,,233.277
1314,02/03/2026,254.13,235.1695,18.9605,227.3834483,26.74655172,227.8155,26.3145,,235.1695
1315,09/03/2026,245.72,236.8365,8.8835,228.4875862,17.23241379,228.46775,17.25225,,236.8365
1316,16/03/2026,241.12,237.5685,3.5515,230.0848276,11.03517241,228.8145,12.3055,,237.5685
1317,23/03/2026,256.18,238.1275,18.0525,231.3182759,24.86172414,229.018,27.162,,238.1275
1318,30/03/2026,244.75,239.2775,5.4725,231.9351724,12.81482759,229.42875,15.32125,,239.2775
1319,06/04/2026,247.74,240.7895,6.9505,233.4758621,14.26413793,229.4995,18.2405,,240.7895
1320,13/04/2026,254.83,241.6605,13.1695,234.4989655,20.33103448,230.27575,24.55425,,241.6605
1321,20/04/2026,241.93,242.5285,0.5985,235.4906897,6.439310345,231.0565,10.8735,,242.5285
1322,27/04/2026,239.49,243.586,4.096,236.8848276,2.605172414,231.606,7.884,,243.586
1323,04/05/2026,245.21,243.789,1.421,237.7124138,7.497586207,232.08375,13.12625,,243.789
1324,11/05/2026,230.47,244.0995,13.6295,238.9406897,8.470689655,232.6735,2.2035,,244.0995
1325,18/05/2026,242.5,244.0455,1.5455,239.7827586,2.717241379,233.19275,9.30725,,244.0455
1326,25/05/2026,242.87,244.3405,1.4705,239.7617241,3.108275862,234.06,8.81,,244.3405
1327,01/06/2026,231.7,245.064,13.364,240.1948276,8.494827586,234.883,3.183,,245.064
1328,08/06/2026,236.73,244.1075,7.3775,240.5289655,3.798965517,235.09475,1.63525,,244.1075
1329,15/06/2026,216.87,243.318,26.448,241.1217241,24.25172414,235.7255,18.8555,,243.318
1330,22/06/2026,225.64,242.0945,16.4545,241.3427586,15.70275862,235.77025,10.13025,,242.0945
1331,29/06/2026,217.59,241.4265,23.8365,240.6324138,23.04241379,235.93675,18.34675,,241.4265
,,,240.402,240.402,,0,,0,,240.402
,,MAE,,,,,,,13.17808366,
